frame_number,timestamp,YOLO_Simple_processing_time_ms,YOLO_Simple_fps,YOLO_Simple_track_count,YOLO_Simple_detection_count,YOLO_Simple_id_switches,ByteTrack_processing_time_ms,ByteTrack_fps,ByteTrack_track_count,ByteTrack_detection_count,ByteTrack_id_switches
0,1748166603.702482,72.70407676696777,13.765943410778931,6,6,0,49.3168830871582,20.29351370704754,3,6,0
1,1748166603.824867,39.69883918762207,17.80914934993249,6,5,0,41.34798049926758,22.078479779968152,3,5,0
2,1748166603.906352,32.171010971069336,20.77149054604162,5,5,0,33.100128173828125,24.26084592529466,4,5,1
3,1748166603.972037,33.118247985839844,22.53448361546407,5,5,0,33.921003341674805,25.389902585266267,4,5,0
4,1748166604.0394628,33.49423408508301,23.70086410907258,5,5,0,32.78398513793945,26.274601681101824,4,5,0
5,1748166604.106945,36.87405586242676,24.212994250263623,5,5,0,33.49614143371582,26.81385729720054,4,5,0
6,1748166604.1777248,32.508134841918945,24.97556726445574,5,5,0,32.621145248413086,27.30587938777807,4,5,0
7,1748166604.2432508,35.96687316894531,25.300117021148257,5,5,0,34.60407257080078,27.49793034723127,4,5,0
8,1748166604.314214,33.349037170410156,25.750181451062783,5,5,0,33.89573097229004,27.70970415321814,4,5,0
9,1748166604.381832,33.13875198364258,26.13626889118342,5,5,0,33.772945404052734,27.890960499314414,4,5,0
10,1748166604.449134,32.49096870422363,26.502128793744816,5,5,0,33.93197059631348,28.02953537793449,4,5,0
11,1748166604.516062,32.293081283569336,26.826491105387934,5,5,0,33.461809158325195,28.177222375553743,4,5,0
12,1748166604.582228,33.41317176818848,27.043880006130333,6,6,1,32.63378143310547,28.354938873487438,4,6,0
13,1748166604.6486819,34.18684005737305,27.19244171965511,7,6,1,32.63568878173828,28.50846608420059,4,6,0
14,1748166604.715958,32.50575065612793,27.406276109435943,7,7,1,33.341169357299805,28.6042622762996,4,7,0
15,1748166604.782281,32.343149185180664,27.60382108176233,7,5,0,33.45203399658203,28.68296093862529,4,5,1
16,1748166604.8485608,32.381296157836914,27.77918515932778,5,5,0,32.491207122802734,28.79956313852015,4,5,0
17,1748166604.913857,32.334089279174805,27.93876505783333,5,4,0,34.29102897644043,28.820801145846534,4,4,0
18,1748166604.980992,33.19597244262695,28.047428626533705,5,4,1,32.319068908691406,28.926423475725066,3,4,0
19,1748166605.0469089,31.98981285095215,28.193684776580906,5,5,1,32.9289436340332,28.99638573873896,4,5,0
20,1748166605.112233,33.65731239318848,28.263721707521814,6,6,0,33.73289108276367,29.02769318178448,4,6,0
21,1748166605.180043,33.0500602722168,28.349931041305474,6,4,0,32.367706298828125,29.108688472100198,4,4,0
22,1748166605.2459142,32.1958065032959,28.45926362102851,4,4,0,33.171892166137695,29.153333266848414,4,4,0
23,1748166605.3117561,31.768798828125,28.57463509347625,5,5,1,33.16497802734375,29.194623678367336,4,5,0
24,1748166605.3770618,31.600236892700195,28.68716161314945,6,6,0,32.86600112915039,29.243076154215995,4,6,0
25,1748166605.441969,33.06317329406738,28.74532194857458,6,6,0,32.608747482299805,29.296261024188,4,6,0
26,1748166605.5080829,32.90128707885742,28.804395201904587,7,6,1,33.38289260864258,29.321076669739117,4,6,0
27,1748166605.574831,32.35268592834473,28.875829801526255,6,6,0,32.58180618286133,29.368850548612937,4,6,0
28,1748166605.640228,32.82666206359863,28.928890024149663,6,6,0,32.4859619140625,29.416272506318094,3,6,0
29,1748166605.705993,32.65786170959473,28.983375040079014,6,6,0,32.99093246459961,29.446124424845276,3,6,0
30,1748166605.772099,32.71293640136719,30.14745594470636,6,5,0,33.51116180419922,29.909820653917922,3,5,0
31,1748166605.8387892,37.89687156677246,30.202197481460427,5,3,0,34.59906578063965,30.112227042467083,2,3,0
32,1748166605.911707,32.75012969970703,30.184353010912066,4,4,1,33.576011657714844,30.09787918856909,3,4,0
33,1748166605.978421,32.8981876373291,30.19084934701604,4,4,0,32.99975395202637,30.125499451617745,3,4,0
34,1748166606.044672,33.19191932678223,30.200146069597388,4,3,0,32.44519233703613,30.13575193813302,2,3,0
35,1748166606.1106849,32.11379051208496,30.345716407975843,3,1,0,33.885955810546875,30.12397768564453,1,1,0
36,1748166606.177044,31.836271286010742,30.36642684832753,4,4,2,35.79378128051758,30.028429721456508,1,4,0
37,1748166606.245028,32.24968910217285,30.481232823452036,4,2,0,33.164024353027344,30.071825874235174,1,2,0
38,1748166606.310796,32.20105171203613,30.516642636532193,3,3,1,32.99117088317871,30.099103120348936,1,3,0
39,1748166606.37634,34.19899940490723,30.4838395515988,5,5,0,33.00619125366211,30.122283008763844,2,5,1
40,1748166606.443912,35.10284423828125,30.403046753075422,5,3,0,34.597158432006836,30.102242600461526,2,3,0
41,1748166606.5140212,32.94205665588379,30.383181368071288,5,5,2,32.6991081237793,30.125319139563345,3,5,0
42,1748166606.580183,33.03790092468262,30.394982944824132,6,4,0,33.17904472351074,30.10884052276759,2,4,0
43,1748166606.6468139,31.634807586669922,30.473703139057978,5,3,1,32.93490409851074,30.099787125582985,2,3,0
44,1748166606.7117891,32.362937927246094,30.47828694503842,4,4,1,33.743858337402344,30.087688422985693,3,4,0
45,1748166606.778367,32.06920623779297,30.48689730231594,5,5,0,32.43517875671387,30.11855539071577,4,5,0
46,1748166606.8432698,33.190011978149414,30.461707625115263,5,3,0,32.241106033325195,30.126249572931147,2,3,0
47,1748166606.9090922,33.10585021972656,30.437766994518597,3,3,0,32.77587890625,30.172193478415686,3,3,1
48,1748166606.975338,32.37199783325195,30.463167828461845,4,4,1,31.71515464782715,30.190559595760867,3,4,0
49,1748166607.039767,32.62495994567871,30.44355527468587,4,3,0,33.44297409057617,30.17495022765064,3,3,0
50,1748166607.1062038,32.34291076660156,30.48427528052731,3,3,0,33.18190574645996,30.191718634152895,3,3,0
51,1748166607.172081,32.3481559753418,30.506003661327895,4,4,0,32.81879425048828,30.178054886886063,3,4,0
52,1748166607.237599,31.980037689208984,30.512668799310934,5,4,0,33.293962478637695,30.174349633063624,3,4,0
53,1748166607.3032699,31.9211483001709,30.507948900101102,4,4,0,32.607078552246094,30.1912984724531,3,4,0
54,1748166607.368195,31.89682960510254,30.499060516686736,5,5,0,32.73200988769531,30.195247004991142,3,5,0
55,1748166607.433214,33.18309783935547,30.495216897323242,5,4,0,32.37509727478027,30.20257444963866,3,4,0
56,1748166607.499168,32.405853271484375,30.51041223897266,5,5,1,32.84192085266113,30.219155855851962,3,5,0
57,1748166607.5648232,32.97781944274902,30.49082009805692,6,5,1,32.72891044616699,30.2147076995336,3,5,0
58,1748166607.6309361,32.94992446899414,30.486852982707443,5,4,0,32.6230525970459,30.210652528728293,3,4,0
59,1748166607.696935,31.887054443359375,30.510700764142847,7,7,1,33.44416618347168,30.19687018758764,3,7,0
60,1748166607.7627,32.41991996765137,30.519692166864786,8,6,1,33.941030502319336,30.183867889542057,3,6,0
61,1748166607.829609,36.149024963378906,30.573937789388975,6,5,0,36.767005920410156,30.118238189226105,3,5,0
62,1748166607.903002,33.141136169433594,30.561974594740718,5,5,0,33.28204154968262,30.127136783855974,4,5,0
63,1748166607.96985,32.396793365478516,30.577548636940893,5,5,0,32.49001502990723,30.14266782801671,3,5,0
64,1748166608.035127,32.35673904418945,30.60347368758993,6,6,1,32.77277946472168,30.133197182599396,3,6,0
65,1748166608.100714,34.43098068237305,30.53117037618654,7,5,0,33.32209587097168,30.15025874580468,3,5,0
66,1748166608.169007,32.15289115905762,30.521165337920635,5,4,0,32.959938049316406,30.236140550617353,3,4,0
67,1748166608.234535,31.916141510009766,30.53141484483052,5,5,0,32.81903266906738,30.24670115627195,3,5,0
68,1748166608.299683,32.308101654052734,30.52805929904097,6,6,1,34.002065658569336,30.215933895728725,3,6,0
69,1748166608.366421,33.15401077270508,30.560363880472025,6,6,0,33.1263542175293,30.212277368077576,3,6,0
70,1748166608.433129,32.90200233459473,30.629040125954077,9,9,2,33.12182426452637,30.257196384115908,3,9,0
71,1748166608.4996421,37.810325622558594,30.477748036420476,9,7,0,34.61503982543945,30.198942897606795,3,7,0
72,1748166608.572685,32.95111656188965,30.480494454584765,7,5,0,33.56480598449707,30.1871626771496,4,5,1
73,1748166608.639731,32.32407569885254,30.459200531774933,5,5,0,33.36620330810547,30.17432068935004,4,5,0
74,1748166608.705875,32.84001350402832,30.44438761301799,7,7,2,33.01882743835449,30.196551334376288,4,7,0
75,1748166608.772181,31.91399574279785,30.449051022541603,7,6,0,32.753944396972656,30.186894722498376,4,6,0
76,1748166608.8373299,32.63735771179199,30.46620668014327,6,6,0,32.48095512390137,30.179603836863507,4,6,0
77,1748166608.902914,31.13412857055664,30.527333472267674,6,5,0,32.48715400695801,30.188922605646372,3,5,0
78,1748166608.96702,32.94491767883301,30.50979081867824,6,5,1,32.18388557434082,30.174776559288823,3,5,0
79,1748166609.032634,32.885074615478516,30.501699870191732,5,3,0,32.53483772277832,30.202465707852287,2,3,0
80,1748166609.098464,32.525062561035156,30.49602249882031,4,4,1,34.15107727050781,30.173112338858196,2,4,0
81,1748166609.165527,32.45091438293457,30.492800348186933,4,2,0,34.04593467712402,30.135982897835838,1,2,0
82,1748166609.232385,31.912803649902344,30.494662609084674,3,2,0,31.621217727661133,30.186771609794086,0,2,0
83,1748166609.296254,32.51814842224121,30.476079755220848,3,1,0,32.640933990478516,30.18585915870033,0,1,0
84,1748166609.361749,32.41109848022461,30.45979039896238,3,3,2,32.52887725830078,30.192160540972054,1,3,0
85,1748166609.4270132,32.105207443237305,30.493162436658935,4,2,0,32.267093658447266,30.195319464778642,2,2,0
86,1748166609.491738,33.263206481933594,30.46676731125206,3,3,1,34.10601615905762,30.156928328921087,2,3,0
87,1748166609.5594509,32.398223876953125,30.484747949721015,3,1,0,32.50288963317871,30.163781634076706,1,1,0
88,1748166609.624676,32.347917556762695,30.50338574677334,1,1,0,32.96804428100586,30.153300519053527,1,1,0
89,1748166609.6903229,32.071828842163086,30.4974933856599,4,4,0,33.01811218261719,30.16627648977449,2,4,0
90,1748166609.755738,32.53483772277832,30.49396053957457,4,3,0,32.65500068664551,30.20527874724633,2,3,0
91,1748166609.8213031,37.70279884338379,30.446523910838945,4,4,1,35.11214256286621,30.255726759277135,3,4,1
92,1748166609.8945,33.792734146118164,30.42641039597652,5,5,0,34.284114837646484,30.225238815406406,3,5,0
93,1748166609.962965,32.52601623535156,30.422496799486467,5,4,0,33.660173416137695,30.18961794259062,3,4,0
94,1748166610.0295439,32.613277435302734,30.414474132650867,4,3,0,32.97090530395508,30.183230738895837,3,3,0
95,1748166610.095498,32.45377540588379,30.475599973648826,5,5,0,32.646894454956055,30.203857661855093,3,5,0
96,1748166610.1609879,32.31000900268555,30.470802988644138,5,5,0,33.38193893432617,30.191023200438796,3,5,0
97,1748166610.227068,34.08098220825195,30.40400911425927,6,6,1,32.56392478942871,30.198703724236843,3,6,0
98,1748166610.294135,32.71603584289551,30.39166465994453,6,4,0,33.123016357421875,30.22541306511805,3,4,0
99,1748166610.360404,77.35705375671387,29.08925467828673,4,4,0,34.46507453918457,30.184794702139268,3,4,0
100,1748166610.472636,32.60207176208496,29.097663198263238,4,4,0,32.47499465942383,30.204611690512305,3,4,0
101,1748166610.538235,33.63919258117676,29.215603279841833,5,4,0,33.539772033691406,30.237244962326336,3,4,0
102,1748166610.60581,32.685041427612305,29.2228904875958,5,5,1,32.84406661987305,30.259015424438385,3,5,0
103,1748166610.671741,32.382965087890625,29.221241387766703,5,4,0,33.20598602294922,30.263804184145098,2,4,0
104,1748166610.737715,31.831979751586914,29.24984535805683,5,4,1,32.766103744506836,30.271383418873903,2,4,0
105,1748166610.8026948,31.953096389770508,29.248703115567707,4,3,0,32.733917236328125,30.27193690267058,2,3,0
106,1748166610.867761,32.22918510437012,29.261395175777732,3,2,0,33.04004669189453,30.254810134891276,2,2,0
107,1748166610.933441,32.74893760681152,29.21540656205421,3,3,0,32.218217849731445,30.26250859504065,2,3,0
108,1748166610.9987571,32.0589542388916,29.240438114665242,3,2,0,33.20002555847168,30.231462227466256,2,2,0
109,1748166611.064342,33.33306312561035,29.227675966566444,2,1,0,33.08415412902832,30.214678678344093,1,1,0
110,1748166611.131093,33.4010124206543,29.202720469549053,3,3,1,33.34808349609375,30.239228746477515,1,3,0
111,1748166611.198158,31.936168670654297,29.217434917435728,3,3,0,33.60795974731445,30.25266428708472,1,3,0
112,1748166611.26404,32.53602981567383,29.199799686534487,3,3,0,33.24317932128906,30.20341541256286,1,3,0
113,1748166611.3301702,31.466960906982422,29.22989614637955,4,4,0,32.485008239746094,30.20812857138056,1,4,0
114,1748166611.3946009,32.89008140563965,29.21629520483011,4,4,0,33.35285186767578,30.18302801478578,2,4,0
115,1748166611.4611998,36.402225494384766,29.094655753223428,4,3,0,32.88602828979492,30.164251647802388,2,3,0
116,1748166611.5308568,31.931161880493164,29.132182268765302,3,3,0,33.032894134521484,30.196913668092726,3,3,0
117,1748166611.596168,32.7301025390625,29.122796622722557,4,3,1,33.74123573303223,30.15929916230241,2,3,0
118,1748166611.662993,32.44304656982422,29.120215282353275,3,2,0,32.35507011413574,30.177801569074383,2,2,0
119,1748166611.7281358,32.03392028808594,29.121374469982882,3,3,1,33.20002555847168,30.17225135773683,2,3,0
120,1748166611.793719,32.013893127441406,29.136047514573335,3,2,0,33.246755599975586,30.15438443454442,2,2,0
121,1748166611.859354,37.35685348510742,29.145353943764803,3,3,1,34.28483009338379,30.179437353305037,2,3,0
122,1748166611.931329,33.373117446899414,29.15706459552661,3,3,0,33.460140228271484,30.20443768055757,2,3,0
123,1748166611.998523,32.85503387451172,29.147710175732986,3,2,0,32.42063522338867,30.24220127656005,2,2,0
124,1748166612.06414,31.843900680541992,29.1695622773235,2,2,0,33.39505195617676,30.22915991993289,2,2,0
125,1748166612.129719,31.790971755981445,29.188318745257703,3,3,1,33.308982849121094,30.208948086004995,2,3,0
126,1748166612.195157,32.028913497924805,29.196493333463273,3,2,0,32.713890075683594,30.22965376077493,2,2,0
127,1748166612.260231,31.97622299194336,29.25631294871193,2,2,0,33.31303596496582,30.206888505481956,2,2,0
128,1748166612.325858,33.55288505554199,29.232442639380693,3,3,1,32.56869316101074,30.223779552940506,2,3,0
129,1748166612.392297,32.61399269104004,30.56473621425537,3,2,0,32.099246978759766,30.295843399514514,2,2,0
130,1748166612.457352,32.343149185180664,30.573083495497585,4,4,1,32.20200538635254,30.3040663317614,2,4,0
131,1748166612.522243,33.15901756286621,30.58809630249245,4,4,0,34.81030464172363,30.26523091621093,2,4,0
132,1748166612.5905752,32.486915588378906,30.59444029750949,4,3,0,33.20193290710449,30.254548252410725,2,3,0
133,1748166612.6566222,31.660795211791992,30.616959281324934,3,3,0,33.75983238220215,30.237506545337716,2,3,0
134,1748166612.7224011,32.87768363952637,30.58440862397394,3,2,0,32.19199180603027,30.25497745107186,2,2,0
135,1748166612.7878,32.308101654052734,30.573477207620705,2,2,0,32.76801109313965,30.253871743652724,2,2,0
136,1748166612.853191,32.59921073913574,30.5608017998041,3,3,0,32.65094757080078,30.265682257422455,2,3,0
137,1748166612.9187741,31.619787216186523,30.596240597115962,4,4,1,32.36794471740723,30.261125785242385,2,4,0
138,1748166612.9831629,33.04719924926758,30.565538068243512,4,3,0,32.671451568603516,30.27731257435234,2,3,0
139,1748166613.0492349,32.71126747131348,30.584981048019948,3,3,0,32.77587890625,30.28678655982254,2,3,0
140,1748166613.115082,32.32312202453613,30.61869517650586,3,2,0,33.37812423706055,30.285802446998275,2,2,0
141,1748166613.181112,33.196210861206055,30.579294928827245,3,3,1,34.105777740478516,30.270443999286954,2,3,0
142,1748166613.248758,32.716989517211914,30.573841214642595,3,3,0,32.640933990478516,30.288696650190666,2,3,0
143,1748166613.314446,31.76283836364746,30.564476363192956,3,3,0,33.210039138793945,30.266512178008647,2,3,0
144,1748166613.379745,32.833099365234375,30.566184036775873,3,3,0,32.53602981567383,30.291401808637794,2,3,0
145,1748166613.4454558,31.80694580078125,30.709893326122167,4,4,1,32.71794319152832,30.29652908130785,2,4,0
146,1748166613.510324,32.77325630187988,30.683353767911957,4,4,0,32.41395950317383,30.315266034401553,2,4,0
147,1748166613.5758789,33.31398963928223,30.66522783036939,4,4,0,32.69195556640625,30.3473411703645,2,4,0
148,1748166613.6422331,32.341718673706055,30.668396828383493,4,4,0,33.78582000732422,30.303438692485262,2,4,0
149,1748166613.7087371,31.912803649902344,30.672246846157726,4,4,0,33.78605842590332,30.2854817129336,2,4,0
150,1748166613.774818,32.469987869262695,30.658219496161788,4,4,0,32.28402137756348,30.314857033960923,2,4,0
151,1748166613.839962,37.338972091674805,30.658749865685813,4,4,0,34.68823432922363,30.302387819814285,2,4,0
152,1748166613.912364,33.33783149719238,30.659877895688926,4,3,0,33.61797332763672,30.297492006009936,2,3,0
153,1748166613.9796731,32.225847244262695,30.679732850633542,3,3,0,32.56392478942871,30.29304993176011,2,3,0
154,1748166614.044814,33.01572799682617,30.64297361904743,3,3,0,33.67900848388672,30.284497684903275,2,3,0
155,1748166614.11184,32.032012939453125,30.63549808170724,3,2,0,32.148122787475586,30.320087228390193,2,2,0
156,1748166614.176367,31.957149505615234,30.637571767364175,3,3,1,33.51902961730957,30.29509939693479,2,3,0
157,1748166614.2421708,32.35292434692383,30.625782352679174,3,3,0,33.58793258666992,30.286779269862794,2,3,0
158,1748166614.308458,32.53889083862305,30.657360485862746,3,3,0,32.12094306945801,30.300424926518005,2,3,0
159,1748166614.373461,34.22808647155762,30.606920282073094,3,3,0,32.58967399597168,30.28540881977541,2,3,0
160,1748166614.4406028,32.89008140563965,30.58963557650793,3,3,0,32.52816200256348,30.27538935053386,2,3,0
161,1748166614.50637,31.589031219482422,30.63851919200232,3,3,0,32.58395195007324,30.343623502039886,2,3,0
162,1748166614.570954,31.549930572509766,30.66779885409893,5,5,0,31.950712203979492,30.38194889625324,2,5,0
163,1748166614.634849,32.10282325744629,30.653969732677876,5,3,0,32.92202949523926,30.408336819332906,2,3,0
164,1748166614.700373,33.418893814086914,30.637288297365167,3,3,0,33.367156982421875,30.37218802454123,2,3,0
165,1748166614.767544,32.026052474975586,30.646138018915348,4,4,0,33.05864334106445,30.36328331146702,2,4,0
166,1748166614.832984,32.0589542388916,30.66296359384241,4,3,0,32.5930118560791,30.3650711640331,2,3,0
167,1748166614.89799,33.5390567779541,30.60265495636118,3,3,0,32.35578536987305,30.365247029757086,2,3,0
168,1748166614.9642339,33.11896324157715,30.60034041688057,3,3,0,32.81998634338379,30.36060192733142,2,3,0
169,1748166615.0305011,32.00721740722656,30.622234628360577,3,3,0,32.74106979370117,30.36164951558075,2,3,0
170,1748166615.095575,33.16998481750488,30.595816540530684,3,3,0,33.69879722595215,30.351733290751035,2,3,0
171,1748166615.1627882,33.435821533203125,30.5883714270573,4,3,0,32.84621238708496,30.39037278039197,2,3,0
172,1748166615.229425,31.337976455688477,30.631306811819297,4,3,1,33.73980522155762,30.35660270979749,2,3,0
173,1748166615.294888,32.25207328796387,30.615975943066488,3,2,0,33.084869384765625,30.360506695620703,2,2,0
174,1748166615.360644,31.734943389892578,30.650378144955894,2,2,0,32.68599510192871,30.3559655691512,2,2,0
175,1748166615.425401,33.5538387298584,30.595801661565712,2,2,0,32.54389762878418,30.361253914320006,2,2,0
176,1748166615.491812,33.66875648498535,30.567973586443014,3,3,0,32.64474868774414,30.354127531649155,2,3,0
177,1748166615.558461,32.48405456542969,30.593688995458447,4,3,0,32.91511535644531,30.3473411703645,1,3,0
178,1748166615.6241999,31.7380428314209,30.61245283294286,4,3,0,33.09917449951172,30.36842029048467,1,3,0
179,1748166615.6894,32.56869316101074,30.592045186004242,3,1,0,32.64498710632324,30.40363444731953,1,1,0
180,1748166615.7549708,31.997203826904297,30.606577821106793,1,1,0,32.74106979370117,30.38949935588205,1,1,0
181,1748166615.8200362,33.65588188171387,30.721995129566523,1,1,0,33.555030822753906,30.42438726456176,1,1,0
182,1748166615.8875551,31.66484832763672,30.774697215754568,1,1,0,32.562971115112305,30.45695187269326,1,1,0
183,1748166615.952079,31.955242156982422,30.783182180809096,1,1,0,31.436920166015625,30.49190624818254,1,1,0
184,1748166616.015785,33.020973205566406,30.78305415634075,1,1,0,33.00309181213379,30.512772387142206,1,1,0
185,1748166616.08213,32.69028663635254,30.76217782975877,2,2,0,32.49931335449219,30.501699870191732,1,2,0
186,1748166616.147663,33.29205513000488,30.720210001435557,2,1,0,33.87594223022461,30.490724047688282,1,1,0
187,1748166616.215157,33.12420845031738,30.696011247069855,1,1,0,33.419132232666016,30.495896851748626,1,1,0
188,1748166616.2820008,32.96804428100586,30.68254572055596,1,1,0,34.09385681152344,30.434851595500746,1,1,0
189,1748166616.34937,32.798051834106445,30.727509335167117,2,1,0,32.3789119720459,30.44155195663881,0,1,0
190,1748166616.41484,31.194686889648438,30.78123933577814,1,0,0,34.705162048339844,30.374666149113303,0,0,0
191,1748166616.481069,34.04808044433594,30.704303024772003,1,1,0,32.55605697631836,30.375494724746556,0,1,0
192,1748166616.547982,32.88888931274414,30.662470438154976,2,2,0,32.58395195007324,30.3559655691512,1,2,0
193,1748166616.613772,32.14597702026367,30.661006008702493,2,2,0,33.46729278564453,30.338897231360363,1,2,0
194,1748166616.679698,31.640052795410156,30.716685357683573,2,0,0,32.198190689086914,30.374930115204904,0,0,0
195,1748166616.7438478,32.31310844421387,30.70785480352009,2,2,1,33.184051513671875,30.37111038647104,1,2,0
196,1748166616.809668,34.50798988342285,30.631127850737755,2,2,0,34.22880172729492,30.321015118925814,1,2,0
197,1748166616.8787332,33.57100486755371,30.630285270412806,2,2,0,32.8221321105957,30.30693482819367,1,2,0
198,1748166616.945461,31.934022903442383,30.667335440067035,2,2,0,33.042192459106445,30.300198735825354,1,2,0
199,1748166617.0107641,32.99880027770996,30.636340948849398,2,2,0,32.10020065307617,30.319882661739502,1,2,0
200,1748166617.076172,32.768964767456055,30.648802890745742,2,2,0,34.2710018157959,30.302300250381645,1,2,0
201,1748166617.1435342,32.59706497192383,30.675028431218394,2,1,0,34.17611122131348,30.261831730244296,1,1,0
202,1748166617.210617,32.42993354797363,30.640764897024102,1,1,0,33.57219696044922,30.266927155370027,1,1,0
203,1748166617.276932,32.608747482299805,30.629703693335685,1,1,0,32.547950744628906,30.28320761169643,1,1,0
204,1748166617.3423831,33.36191177368164,30.579109143613703,1,1,0,32.69004821777344,30.283112864889638,1,1,0
205,1748166617.4087412,34.05308723449707,30.563474121910325,1,1,0,32.095909118652344,30.29677710151502,1,1,0
206,1748166617.4751942,32.78827667236328,30.591011387287633,1,1,0,32.705068588256836,30.29497540005754,1,1,0
207,1748166617.540977,32.72700309753418,30.583427375457884,1,1,0,33.68330001831055,30.27143439679842,1,1,0
208,1748166617.6076741,31.862974166870117,30.579614484675332,2,2,0,33.13899040222168,30.270429435101192,1,2,0
209,1748166617.673001,32.340049743652344,30.586780234525406,2,1,0,33.271074295043945,30.251253285275904,0,1,0
210,1748166617.738997,32.54413604736328,30.569733638409247,3,2,1,33.42700004577637,30.230496232393246,1,2,0
211,1748166617.8053079,33.773183822631836,30.566013260830754,2,2,0,32.694101333618164,30.256781673538992,1,2,0
212,1748166617.872107,32.68599510192871,30.534148715423775,2,1,0,32.98687934875488,30.243844049987416,1,1,0
213,1748166617.938082,32.727718353271484,30.510027547234138,2,2,1,32.766103744506836,30.20342991233431,1,2,0
214,1748166618.003882,32.64498710632324,30.52161694144723,2,1,0,32.40966796875,30.221870382504,1,1,0
215,1748166618.069272,31.583070755004883,30.555977957191217,1,1,0,32.59086608886719,30.219351808022317,1,1,0
216,1748166618.13379,33.02001953125,30.565478670208982,1,1,0,32.63092041015625,30.257203659841537,1,1,0
217,1748166618.199741,32.72294998168945,30.577964756480274,1,1,0,33.307790756225586,30.26059452876544,1,1,0
218,1748166618.266067,32.43899345397949,30.594432858694454,1,1,0,33.71119499206543,30.272352028800675,1,1,0
219,1748166618.332528,32.334089279174805,30.608729496532384,1,1,0,32.089948654174805,30.281086882756526,1,1,0
220,1748166618.397254,32.36198425292969,30.571939559316856,1,1,0,32.360076904296875,30.35275098002465,1,1,0
221,1748166618.4624388,32.52601623535156,30.619090064263307,1,1,0,32.26113319396973,30.361774058852014,1,1,0
222,1748166618.5275352,32.84287452697754,30.620371656964757,1,1,0,32.670021057128906,30.35904166767197,1,1,0
223,1748166618.593345,33.31303596496582,30.584036931521954,3,3,2,34.03806686401367,30.341384558700128,1,3,0
224,1748166618.661002,31.937837600708008,30.574598971346955,3,3,0,32.14716911315918,30.342913735865054,2,3,1
225,1748166618.725431,32.17601776123047,30.578559232612047,3,3,0,33.80870819091797,30.3237187458429,2,3,0
226,1748166618.791756,32.582759857177734,30.638526652271352,4,4,1,34.037113189697266,30.329624558900097,2,4,0
227,1748166618.858717,32.26423263549805,30.67944111971112,4,2,0,32.49621391296387,30.33948976351525,1,2,0
228,1748166618.923845,34.963130950927734,30.58463164378171,5,5,1,32.88888931274414,30.34425280703785,1,5,0
229,1748166618.9920661,33.44392776489258,30.570817990723004,5,3,0,32.75609016418457,30.32413529339041,1,3,0
230,1748166619.058671,32.82904624938965,30.56898354928715,3,2,0,33.712148666381836,30.34136992617034,1,2,0
231,1748166619.125558,32.4249267578125,30.574435530449392,4,4,1,34.162044525146484,30.34188938962051,1,4,0
232,1748166619.192498,32.569169998168945,30.570156972282106,5,4,0,32.70292282104492,30.368618183213613,1,4,0
233,1748166619.2581491,32.48715400695801,30.573952647096412,4,3,0,32.95111656188965,30.356199916624206,1,3,0
234,1748166619.3239622,32.49192237854004,30.600920879419657,3,3,0,33.71405601501465,30.32471263259774,2,3,1
235,1748166619.3905091,32.14001655578613,30.66084911384336,4,4,0,32.77897834777832,30.30388387580306,2,4,0
236,1748166619.455787,33.32877159118652,30.643943766520884,4,3,0,32.471656799316406,30.31105239804185,2,3,0
237,1748166619.52194,32.66501426696777,30.645824535048714,4,3,1,32.89484977722168,30.33526939103383,2,3,0
238,1748166619.587868,32.6230525970459,30.62208558230677,3,3,0,32.058000564575195,30.368427619799014,2,3,0
239,1748166619.652895,32.37605094909668,30.620706975087135,4,4,0,32.77230262756348,30.383746284406214,2,4,0
240,1748166619.71838,32.03582763671875,30.636624401317995,4,3,0,33.03384780883789,30.395915425183446,2,3,0
241,1748166619.783843,33.39505195617676,30.648720772928975,3,3,0,34.43503379821777,30.34236497034708,2,3,0
242,1748166619.85201,32.00411796569824,30.670280599808905,3,2,0,34.01374816894531,30.311067001344167,2,2,0
243,1748166619.9183722,32.42778778076172,30.67997970420908,2,2,0,32.24301338195801,30.327007590602058,2,2,0
244,1748166619.9835908,33.331871032714844,30.658652754400617,2,2,0,33.04767608642578,30.307423913574947,2,2,0
245,1748166620.0503192,33.15615653991699,30.609786831982888,3,3,1,32.59587287902832,30.307175719020673,2,3,0
246,1748166620.1166499,32.83500671386719,30.614344634824732,3,2,0,33.323049545288086,30.286035712403162,2,2,0
247,1748166620.1831412,32.72104263305664,30.614314840857006,2,2,0,34.2860221862793,30.256403350998852,2,2,0
248,1748166620.250497,32.171010971069336,30.622719038055866,2,2,0,34.252166748046875,30.240086286867303,2,2,0
249,1748166620.317284,32.46903419494629,30.618598318800164,2,2,0,33.798933029174805,30.188205572969334,2,2,0
250,1748166620.383883,32.5009822845459,30.61419566556598,3,3,0,32.45902061462402,30.18528709448207,2,3,0
251,1748166620.449163,32.758235931396484,30.606756495437413,3,2,0,33.068180084228516,30.160773893046557,2,2,0
252,1748166620.5153332,32.79399871826172,30.60833487596398,3,3,1,33.31494331359863,30.1412815080759,2,3,0
253,1748166620.581766,33.22601318359375,30.610888921325355,3,3,0,32.44471549987793,30.189603456077577,2,3,0
254,1748166620.647784,32.94515609741211,30.579562463500757,3,3,0,33.24699401855469,30.15610440704483,2,3,0
255,1748166620.714305,32.605886459350586,30.566228587336266,3,2,0,33.7069034576416,30.159190731910172,2,2,0
256,1748166620.780962,32.2418212890625,30.57685760629864,2,2,0,31.77618980407715,30.227903603470935,2,2,0
257,1748166620.8453178,33.495187759399414,30.538387553123403,2,2,0,37.85109519958496,30.067370688851796,2,2,0
258,1748166620.91733,38.6960506439209,30.422901353965187,2,2,0,36.99612617492676,29.94395731332074,2,2,0
259,1748166620.993332,33.43319892883301,30.423335342549617,3,3,0,34.67106819152832,29.886895491567216,2,3,0
260,1748166621.061773,32.874107360839844,30.42207019005525,3,3,0,34.18588638305664,29.872917540627142,2,3,0
261,1748166621.129164,33.14971923828125,30.399756085127642,3,3,0,34.08479690551758,29.875087877248927,2,3,0
262,1748166621.1967402,32.852888107299805,30.39098934556871,3,3,0,33.078908920288086,29.86390621580864,2,3,0
263,1748166621.2630029,33.16807746887207,30.37000350453417,3,3,0,32.60612487792969,29.8744353245885,2,3,0
264,1748166621.329103,31.596899032592773,30.397486820738365,3,3,0,33.029794692993164,29.89471323397344,2,3,0
265,1748166621.394075,32.56702423095703,30.384274536867782,3,3,0,33.96892547607422,29.859370706335792,2,3,0
266,1748166621.4609432,35.72797775268555,30.31070922448799,3,3,0,33.12087059020996,29.84014553308893,2,3,0
267,1748166621.53014,32.18507766723633,30.325538485119946,3,2,0,33.876895904541016,29.811061040013627,2,2,0
268,1748166621.596544,32.27496147155762,30.336154328519488,2,2,0,34.04092788696289,29.752463822945234,2,2,0
269,1748166621.663203,33.13803672790527,30.313016668541717,2,2,0,32.53602981567383,29.75942307514928,2,2,0
270,1748166621.729221,32.41610527038574,30.301344316995262,2,2,0,32.61590003967285,29.77156205614734,2,2,0
271,1748166621.79459,34.27720069885254,30.274216595333414,3,3,1,34.32178497314453,29.774901307686466,2,3,0
272,1748166621.863508,32.16695785522461,30.26902405710236,3,3,0,34.34896469116211,29.764857636029756,2,3,0
273,1748166621.930368,32.0587158203125,30.280022986315057,3,2,0,33.660888671875,29.723009284991626,2,2,0
274,1748166621.996418,32.5779914855957,30.302927842499773,3,3,1,32.17792510986328,29.74836297748608,2,3,0
275,1748166622.0615208,32.58800506591797,30.32002147452286,3,2,0,33.09798240661621,29.733502493089976,1,2,0
276,1748166622.127531,33.766984939575195,30.291613283433552,2,2,0,32.70888328552246,29.75164074955838,2,2,1
277,1748166622.194326,32.44781494140625,30.300067400843826,3,3,1,32.453060150146484,29.805581355025257,2,3,0
278,1748166622.2595599,32.69195556640625,30.28425715444405,3,2,0,33.6148738861084,29.824189404718478,2,2,0
279,1748166622.326208,32.837867736816406,30.273073064403206,2,2,0,32.347917556762695,29.86715278568987,2,2,0
280,1748166622.391711,32.610177993774414,30.269963388556413,3,3,0,32.85932540893555,29.855084499045358,2,3,0
281,1748166622.457515,32.73916244506836,30.270604206255328,3,2,0,33.64896774291992,29.83777508188076,2,2,0
282,1748166622.5242429,32.179832458496094,30.28926534958914,3,3,1,32.62186050415039,29.85836457690665,2,3,0
283,1748166622.58937,33.177852630615234,30.290913240228384,3,3,0,32.711029052734375,29.85060832041411,2,3,0
284,1748166622.655593,33.4782600402832,30.274493386505945,3,3,0,33.01095962524414,29.857620651566506,2,3,0
285,1748166622.722429,31.911134719848633,30.29573398507859,3,3,0,33.258914947509766,29.870974434891476,2,3,0
286,1748166622.787926,32.65976905822754,30.28303998313399,3,3,0,32.61518478393555,29.845956500453514,2,3,0
287,1748166622.853546,32.64570236206055,30.30908108139357,3,3,0,32.04798698425293,30.01755549040269,2,3,0
288,1748166622.918558,31.665802001953125,30.525896733296214,3,2,0,33.36191177368164,30.127136783855974,2,2,0
289,1748166622.983948,32.42802619934082,30.556898080387814,2,2,0,33.712148666381836,30.156140543025224,2,2,0
290,1748166623.050426,32.228946685791016,30.576917048566923,3,3,0,33.43510627746582,30.17867734300107,2,3,0
291,1748166623.116406,32.643795013427734,30.592595582167817,3,3,0,36.05985641479492,30.11875724968799,2,3,0
292,1748166623.185449,32.69600868225098,30.597587240695006,3,3,0,33.46109390258789,30.107205178580784,2,3,0
293,1748166623.251956,32.5779914855957,30.616110030927764,3,3,0,32.28425979614258,30.116875740630686,2,3,0
294,1748166623.317182,33.00189971923828,30.57245951969584,3,2,0,32.38224983215332,30.136661362436662,2,2,0
295,1748166623.382907,33.432960510253906,30.54555623742533,2,2,0,33.7679386138916,30.143476573542166,2,2,0
296,1748166623.4504561,31.91089630126953,30.664585141792106,2,2,0,33.54907035827637,30.130462486557576,2,2,0
297,1748166623.5162292,32.30690956115723,30.660864056141723,2,2,0,33.251285552978516,30.14935572463188,2,2,0
298,1748166623.5821152,32.2418212890625,30.661872694952077,2,2,0,32.83500671386719,30.185815710024144,2,2,0
299,1748166623.6475022,32.58395195007324,30.67908955392004,2,2,0,32.67788887023926,30.18148595266633,2,2,0
