frame_number,timestamp,YOLO_Simple_processing_time_ms,YOLO_Simple_fps,YOLO_Simple_track_count,YOLO_Simple_detection_count,YOLO_Simple_id_switches,YOLO_Advanced_processing_time_ms,YOLO_Advanced_fps,YOLO_Advanced_track_count,YOLO_Advanced_detection_count,YOLO_Advanced_id_switches,ByteTrack_processing_time_ms,ByteTrack_fps,ByteTrack_track_count,ByteTrack_detection_count,ByteTrack_id_switches
0,1748167625.358829,127.21085548400879,7.864472374152249,5,5,0,52.330970764160156,19.120816200001823,5,5,0,48.026084899902344,20.83991593089639,4,5,0
1,1748167625.5867388,33.219099044799805,12.47426736835531,5,5,0,37.10317611694336,22.378095172038478,5,5,0,35.093069076538086,24.084571257945782,4,5,0
2,1748167625.692659,32.42301940917969,15.567188793228233,5,5,0,35.71915626525879,23.98824123764405,5,5,0,32.04798698425293,26.07344046249961,4,5,0
3,1748167625.7933922,31.251907348632812,17.86296259228422,5,5,0,37.030935287475586,24.68141422373781,5,5,0,33.20813179016113,26.983514486343562,4,5,0
4,1748167625.89538,31.145095825195312,19.605213094248715,5,5,0,35.57729721069336,25.30142954177208,5,5,0,32.366037368774414,27.68952482304151,4,5,0
5,1748167625.99499,31.87108039855957,20.915153660883917,5,5,0,35.85219383239746,25.702150780333213,5,5,0,32.636165618896484,28.145252258871924,4,5,0
6,1748167626.095871,32.36889839172363,21.929314121864014,5,5,0,35.70914268493652,26.00998935154261,5,5,0,33.624887466430664,28.365930501840975,4,5,0
7,1748167626.198085,33.24007987976074,22.700780316591775,5,5,0,42.439937591552734,25.678934040258945,5,5,0,37.00995445251465,28.193566330153047,4,5,0
8,1748167626.311291,37.01615333557129,23.113555957496576,5,5,0,40.16900062561035,25.5914091338967,5,5,0,33.969879150390625,28.329725518920387,4,5,0
9,1748167626.42297,32.65523910522461,23.69651227762119,5,5,0,35.15005111694336,25.85272044102999,5,5,0,32.800912857055664,28.53421374345968,4,5,0
10,1748167626.524081,33.55908393859863,24.147902115287486,5,5,0,37.1701717376709,25.946414813365138,5,5,0,32.26017951965332,28.74398500292503,4,5,0
11,1748167626.627566,31.6927433013916,24.63144480495647,5,5,0,35.67004203796387,26.110000793701435,5,5,0,33.52212905883789,28.833420695794743,4,5,0
12,1748167626.728946,31.90302848815918,25.045693295404487,5,5,0,35.642147064208984,26.251543409737913,5,5,0,32.978057861328125,28.94453787222477,4,5,0
13,1748167626.8300438,32.50408172607422,25.384431094236266,7,7,2,37.56380081176758,26.278841820589506,7,7,2,33.44082832336426,29.01261489874286,4,7,0
14,1748167626.934129,32.02080726623535,25.706892388230518,7,6,0,39.45493698120117,26.215656166857993,7,6,0,32.723188400268555,29.112595247647352,4,6,0
15,1748167627.038996,33.70404243469238,25.924861826375817,6,6,0,37.988901138305664,26.22348602816679,6,6,0,32.23705291748047,29.22684263750698,4,6,0
16,1748167627.143543,31.762123107910156,26.19861340905241,6,6,0,37.222862243652344,26.261390510151802,6,6,0,33.71715545654297,29.253373834942813,4,6,0
17,1748167627.2468731,31.869888305664062,26.442382920240448,7,7,1,38.19608688354492,26.25781657031522,7,7,1,32.6690673828125,29.326912013598818,4,7,0
18,1748167627.350235,31.692028045654297,26.671143329517996,8,8,1,40.73476791381836,26.162797324750265,8,8,1,33.16974639892578,29.37022053525656,4,8,0
19,1748167627.456557,31.264066696166992,26.895762108387707,8,6,0,39.84403610229492,26.108326763670476,8,6,0,33.13732147216797,29.410895617470096,3,6,0
20,1748167627.561586,33.60724449157715,27.02088495466628,8,7,2,38.41900825500488,26.10533254219425,8,7,2,33.05792808532715,29.451023676072253,3,7,0
21,1748167627.667465,32.102108001708984,27.185838038146628,8,8,1,39.25299644470215,26.076844644500262,8,8,1,34.715890884399414,29.422215561702366,3,8,0
22,1748167627.774312,32.59897232055664,27.32208793119758,8,8,0,40.2989387512207,26.019971420078985,8,8,0,33.32400321960449,29.448276935747625,3,8,0
23,1748167627.881311,33.11014175415039,27.4320845139971,8,8,0,41.33796691894531,25.938960661475953,8,8,0,33.16926956176758,29.477920542240103,3,8,0
24,1748167627.9897,32.591819763183594,27.54985150169307,8,8,0,41.07785224914551,25.871901302581104,8,8,0,32.798051834106445,29.5181777695953,3,8,0
25,1748167628.09695,31.834840774536133,27.681808685869377,9,8,1,41.04423522949219,25.811077101938835,9,8,1,32.5779914855957,29.56289535107528,3,8,0
26,1748167628.203242,31.517982482910156,27.814124202757874,9,6,1,38.140296936035156,25.826482643680443,9,6,1,33.66875648498535,29.56915013197552,3,6,0
27,1748167628.307464,32.31191635131836,27.916038316877508,8,8,2,39.073944091796875,25.81864852803127,8,8,2,32.472848892211914,29.612216801632297,3,8,0
28,1748167628.412176,31.739234924316406,28.027159207454748,10,10,2,43.25294494628906,25.715823389626973,10,10,2,33.38289260864258,29.624924771550287,3,10,0
29,1748167628.521451,32.07516670227051,28.122782742329097,10,7,0,41.5189266204834,25.658513647353757,10,7,0,32.584190368652344,29.6606666825386,4,7,1
30,1748167628.628695,32.68599510192871,30.856246600590403,7,7,0,38.906097412109375,25.956436284063546,7,7,0,33.06889533996582,30.105570012029872,4,7,0
31,1748167628.734209,33.66708755493164,30.84187661496333,8,7,1,40.09604454040527,25.889348443068755,8,7,1,33.75101089477539,30.146076406690977,5,7,1
32,1748167628.842486,32.750844955444336,30.832399754181992,8,7,1,39.156198501586914,25.81263176422151,8,7,1,32.742977142333984,30.125095555613548,5,7,0
33,1748167628.9479702,32.4559211730957,30.794233951669625,8,8,1,40.71402549743652,25.731116034382556,8,8,1,33.215999603271484,30.12487918720913,5,8,0
34,1748167629.05514,31.660795211791992,30.777911465738878,8,7,0,41.963815689086914,25.590919888451037,8,7,0,34.7137451171875,30.054020228028083,5,7,0
35,1748167629.164275,32.295942306518555,30.76465230907653,10,10,2,41.667938232421875,25.464548619859574,10,10,2,34.00278091430664,30.01304478183682,5,10,0
36,1748167629.2731571,32.6540470123291,30.755756570505064,10,9,0,44.4340705871582,25.277383203028243,10,9,0,33.1270694732666,30.028028424091413,5,9,0
37,1748167629.3844218,32.76991844177246,30.770753713889412,9,8,0,41.70703887939453,25.292956516635215,9,8,0,32.914161682128906,30.151848194458854,6,8,1
38,1748167629.492838,33.09512138366699,30.894756006325817,9,9,1,41.16487503051758,25.271687097250382,9,9,1,32.91583061218262,30.18363619528563,6,9,0
39,1748167629.6009521,32.18579292297363,30.909661258891536,9,8,0,41.82028770446777,25.130610987883777,9,8,0,33.95891189575195,30.148416639991414,6,8,0
40,1748167629.7098398,32.70602226257324,30.937042690122897,8,7,0,39.64877128601074,25.07859562868431,8,7,0,32.93180465698242,30.1281106120984,6,7,0
41,1748167629.815974,32.620906829833984,30.90736837502938,8,8,1,40.18974304199219,24.984203828687736,8,8,1,33.78939628601074,30.12017754823439,6,8,0
42,1748167629.923389,32.31215476989746,30.894323634727986,8,7,0,40.461063385009766,24.884293062013604,8,7,0,32.89008140563965,30.122874321165277,6,7,0
43,1748167630.029855,31.831026077270508,30.915774747411707,8,8,2,39.366960525512695,24.847134650966698,8,8,2,33.11777114868164,30.132735352126574,6,8,0
44,1748167630.134961,31.814098358154297,30.922171816711806,9,9,1,43.173789978027344,24.77086250569175,9,9,1,33.917903900146484,30.09649698530636,6,9,0
45,1748167630.244725,31.6469669342041,30.98781460867852,9,7,0,39.89601135253906,24.731897904879315,9,7,0,34.52110290527344,30.027447995093627,6,7,0
46,1748167630.351713,34.623146057128906,30.896326299702597,8,8,1,41.82076454162598,24.638549191874215,8,8,1,32.53889083862305,30.062823449978605,6,8,0
47,1748167630.461539,31.093120574951172,30.921168775765775,8,7,0,39.24679756164551,24.617320557200895,8,7,0,34.2710018157959,30.014648434005835,5,7,0
48,1748167630.566944,32.66787528991699,30.890061250291524,7,7,0,38.85793685913086,24.655315958819866,7,7,0,32.57489204406738,30.032565142218303,5,7,0
49,1748167630.67177,32.52816200256348,30.849944848258545,9,9,1,41.4118766784668,24.623669885919774,9,9,1,33.37597846984863,30.025362935275954,5,9,0
50,1748167630.779867,31.76712989807129,30.908142754712706,9,8,0,41.744232177734375,24.556699968618414,9,8,0,32.34505653381348,30.04687230240694,4,8,0
51,1748167630.886623,33.650875091552734,30.858880027938238,9,9,1,42.45615005493164,24.4924863619323,9,9,1,32.49526023864746,30.113826897533777,4,9,0
52,1748167630.9961479,32.16195106506348,30.87278864713527,9,8,0,41.3360595703125,24.47177033288103,9,8,0,34.19995307922363,30.08768122855583,4,8,0
53,1748167631.104752,32.37724304199219,30.896311127022223,8,7,0,40.055036544799805,24.497383494492578,8,7,0,33.078908920288086,30.090400968217974,4,7,0
54,1748167631.211107,34.17181968688965,30.846276946248704,8,8,1,40.056705474853516,24.517784627399358,8,8,1,32.872915267944336,30.08826398852224,4,8,0
55,1748167631.3189938,31.969070434570312,30.842058047105365,8,8,0,41.1679744720459,24.515400993170008,8,8,0,33.31422805786133,30.066134968093785,4,8,0
56,1748167631.4262779,32.729148864746094,30.803921131813947,10,9,2,42.324066162109375,24.43192797472405,10,9,2,32.598018646240234,30.098224759222088,5,9,0
57,1748167631.534941,31.97622299194336,30.814504836365828,10,10,1,45.865774154663086,24.297607316792,10,10,1,33.097028732299805,30.079388339260962,5,10,0
58,1748167631.646917,32.12118148803711,30.802420539333763,10,9,0,43.94412040710449,24.28391009390179,10,9,0,33.01095962524414,30.090451338404325,5,9,0
59,1748167631.7570329,32.525062561035156,30.78813829923892,10,8,1,42.69886016845703,24.260700918010674,10,8,1,33.701181411743164,30.05629593392776,5,8,0
60,1748167631.867011,31.766176223754883,30.817259451398492,8,8,0,40.51518440246582,24.22909799653631,8,8,0,33.87093544006348,30.032127894846006,5,8,0
61,1748167631.9741068,33.8740348815918,30.810800089815473,9,8,1,41.991233825683594,24.192031819963727,9,8,1,33.7681770324707,30.0315759778171,5,8,0
62,1748167632.0845828,32.079219818115234,30.83097192850144,8,7,0,41.12577438354492,24.15368322730631,8,7,0,33.03980827331543,30.022561815939866,5,7,0
63,1748167632.1916611,32.34696388244629,30.834265947955082,7,7,0,38.472890853881836,24.19727484050417,7,7,0,32.937049865722656,30.03095240766008,4,7,0
64,1748167632.296132,32.037973403930664,30.822377550433014,8,7,1,38.82431983947754,24.25871308969444,8,7,1,32.43088722229004,30.099715123568053,4,7,0
65,1748167632.4001532,32.196760177612305,30.825367669124855,7,7,0,38.150787353515625,24.328072235719652,7,7,0,35.99905967712402,30.03955566070415,4,7,0
66,1748167632.5072472,32.655954360961914,30.82534501452963,7,6,0,38.073062896728516,24.45417807306026,7,6,0,32.939910888671875,30.045164767231324,4,6,0
67,1748167632.611583,32.28282928466797,30.840583972735192,7,7,1,39.08896446228027,24.506419955684414,7,7,1,33.05983543395996,30.040538178942878,4,7,0
68,1748167632.716686,32.399654388427734,30.86278559252401,8,8,0,39.55507278442383,24.53867916120541,8,8,0,33.06293487548828,30.036120937826727,4,8,0
69,1748167632.822418,32.912254333496094,30.839812974576276,8,8,0,41.08381271362305,24.553417569661026,8,8,0,32.633066177368164,30.076109845614756,4,8,0
70,1748167632.9298382,32.01889991760254,30.861324674541105,8,8,0,41.38374328613281,24.518582460215235,8,8,0,33.94913673400879,30.045480431379993,4,8,0
71,1748167633.037974,31.976938247680664,30.881911388444053,8,8,0,41.39876365661621,24.494350570082112,8,8,0,32.06300735473633,30.097360847468007,4,8,0
72,1748167633.144182,31.79478645324707,30.89857960816997,8,7,0,40.52090644836426,24.49316812381565,8,7,0,33.83302688598633,30.068972966411074,5,7,0
73,1748167633.251106,32.06992149353027,30.89091818329787,7,7,0,40.08316993713379,24.478854327912334,7,7,0,36.03696823120117,29.981493452418253,5,7,0
74,1748167633.3600352,33.113718032836914,30.849755759821832,7,7,0,39.15214538574219,24.559431976943678,7,7,0,32.450199127197266,30.025671018665538,5,7,0
75,1748167633.46544,32.3789119720459,30.82667414044597,7,6,0,37.38689422607422,24.610064751737415,7,6,0,33.64109992980957,30.052347768018997,4,6,0
76,1748167633.569526,32.49192237854004,30.894422244728847,6,6,0,36.69404983520508,24.714007458446176,6,6,0,32.18889236450195,30.06297428418657,4,6,0
77,1748167633.671531,32.315969467163086,30.855429421420485,6,6,0,37.71185874938965,24.745282866736385,6,6,0,32.80210494995117,30.10737807000858,4,6,0
78,1748167633.7749639,32.328128814697266,30.866290845749152,6,6,0,37.38713264465332,24.775359381082268,6,6,0,32.69791603088379,30.103834192577366,4,6,0
79,1748167633.877972,33.14089775085449,30.84684409058048,6,6,0,37.10818290710449,24.863626510664087,6,6,0,32.36985206604004,30.134315736938014,4,6,0
80,1748167633.981174,32.913923263549805,30.810664291186935,6,6,0,37.00399398803711,24.961662561906167,6,6,0,33.782005310058594,30.090847110022114,4,6,0
81,1748167634.085454,31.883716583251953,30.866677002239154,6,6,0,37.171363830566406,25.071889658206562,6,6,0,32.61089324951172,30.087415037069732,4,6,0
82,1748167634.187707,32.282114028930664,30.86286129152522,6,6,0,39.134979248046875,25.11814975177114,6,6,0,33.01501274108887,30.122932011423,4,6,0
83,1748167634.292753,31.614065170288086,30.886922096564835,6,6,0,36.94009780883789,25.183850600259667,6,6,0,33.74600410461426,30.102746706449874,4,6,0
84,1748167634.395653,32.66716003417969,30.93473053185589,6,6,0,37.72902488708496,25.233161214015723,6,6,0,32.4559211730957,30.115138617245233,4,6,0
85,1748167634.499079,32.196044921875,30.92749966265366,7,7,1,38.30885887145996,25.293866611561047,7,7,1,34.024953842163086,30.09345226663899,4,7,0
86,1748167634.604241,32.86600112915039,30.923098927575595,8,8,0,40.10486602783203,25.341302382477707,8,8,0,32.35292434692383,30.100975208564876,4,8,0
87,1748167634.710297,31.587839126586914,30.936593921849823,8,7,0,40.551185607910156,25.45550252766431,8,7,0,33.25295448303223,30.096209042272278,4,7,0
88,1748167634.816483,32.04989433288574,30.93892157323168,7,6,0,37.45102882385254,25.596557754582562,7,6,0,32.56082534790039,30.10987080877502,4,6,0
89,1748167634.9192672,33.15472602844238,30.918927366427603,6,6,0,37.11986541748047,25.718961709485914,6,6,0,33.0350399017334,30.129827588560115,4,6,0
90,1748167635.023202,32.182931900024414,30.90574382218524,6,6,0,37.37378120422363,25.78851344565888,6,6,0,33.8129997253418,30.131551976153208,4,6,0
91,1748167635.127181,33.24389457702637,30.92572097642693,6,6,0,37.129878997802734,25.896728073809587,6,6,0,33.31899642944336,30.145123082466405,4,6,0
92,1748167635.231474,32.807350158691406,30.90264701700063,6,6,0,37.94693946838379,25.968146233281974,6,6,0,32.55510330200195,30.159906386907593,4,6,0
93,1748167635.335377,35.85100173950195,30.79162661581922,6,6,0,38.2227897644043,25.97381751526486,6,6,0,32.96303749084473,30.159414822246838,4,6,0
94,1748167635.443167,34.15703773498535,30.724740731480054,6,6,0,37.46986389160156,26.004306870740148,6,6,0,32.53293037414551,30.156321224226268,4,6,0
95,1748167635.5479062,32.303810119628906,30.72162008543419,6,6,0,36.7891788482666,26.034867890174006,6,6,0,34.718990325927734,30.195232513075375,4,6,0
96,1748167635.6523142,31.385183334350586,30.761583713139565,6,6,0,38.02323341369629,26.035950678878244,6,6,0,33.20789337158203,30.18705404631225,4,6,0
97,1748167635.7555158,31.94904327392578,30.77199535641155,6,6,0,38.71512413024902,26.044427554671326,6,6,0,32.019853591918945,30.21894539153657,4,6,0
98,1748167635.858818,32.19008445739746,30.778506213226606,6,6,0,37.32705116271973,26.09485295490036,6,6,0,32.85980224609375,30.225151691303996,4,6,0
99,1748167635.9617732,32.20176696777344,30.800912553485233,6,6,0,37.06717491149902,26.1863151769727,6,6,0,32.958030700683594,30.215164790622307,4,6,0
100,1748167636.0645828,32.566070556640625,30.783618978186123,6,6,0,37.15085983276367,26.283317047575164,6,6,0,34.64698791503906,30.193964524303155,4,6,0
101,1748167636.169536,32.29379653930664,30.773357515888144,6,6,0,37.26005554199219,26.37903264184411,6,6,0,32.30094909667969,30.186822303138946,4,6,0
102,1748167636.271965,32.330989837646484,30.756312873304516,6,6,0,37.494659423828125,26.44948078105865,6,6,0,33.64992141723633,30.192377876940064,4,6,0
103,1748167636.3760571,32.27686882019043,30.75016459016682,7,7,0,38.59424591064453,26.48436952426095,7,7,0,33.47015380859375,30.270283794014368,4,7,0
104,1748167636.4810638,33.43796730041504,30.739985493498338,7,6,0,37.435054779052734,26.524571710438945,7,6,0,33.487796783447266,30.23861105684,4,6,0
105,1748167636.5861068,31.90016746520996,30.755019876148037,6,6,0,37.11295127868652,26.530897019633592,6,6,0,33.72526168823242,30.23587172576596,4,6,0
106,1748167636.689485,33.33282470703125,30.728402297503223,7,7,1,38.01894187927246,26.499819619691337,7,7,1,32.77707099914551,30.218023737512734,4,7,0
107,1748167636.794246,32.3331356048584,30.72801959300413,7,6,0,38.44285011291504,26.482786489327783,7,6,0,37.59288787841797,30.07301893827137,5,6,1
108,1748167636.9032981,36.64588928222656,30.59278153129333,6,5,0,39.791107177734375,26.426727746305,6,5,0,33.65492820739746,30.04413890455481,5,5,0
109,1748167637.014016,32.49192237854004,30.613003963685514,5,5,0,36.48090362548828,26.441388301321723,5,5,0,33.223867416381836,30.018522247213316,5,5,0
110,1748167637.116778,32.55486488342285,30.62416490581963,5,5,0,36.17095947265625,26.460883126321686,5,5,0,34.60407257080078,29.99390725875271,5,5,0
111,1748167637.220622,32.71794319152832,30.59829409001112,5,5,0,35.642147064208984,26.496594248874317,5,5,0,32.972097396850586,29.98331521565596,5,5,0
112,1748167637.3224561,32.59396553039551,30.588601940638295,6,6,0,37.51015663146973,26.53470148726534,6,6,0,33.46824645996094,29.969775164378802,5,6,0
113,1748167637.426572,32.8369140625,30.55053997358403,6,6,0,37.325143814086914,26.525717983879556,6,6,0,32.62901306152344,30.003283383148396,5,6,0
114,1748167637.529948,35.07804870605469,30.475954272427828,6,6,0,37.75620460510254,26.52511408113331,6,6,0,32.7911376953125,29.993313849342076,5,6,0
115,1748167637.636173,32.032012939453125,30.48096700653881,6,5,0,36.25893592834473,26.573322545963006,6,5,0,34.455060958862305,29.980543365707053,5,5,0
116,1748167637.7395132,33.0047607421875,30.476515262342552,5,5,0,35.640716552734375,26.67876615727246,5,5,0,32.607078552246094,29.972780627867806,5,5,0
117,1748167637.841312,31.66484832763672,30.473112732900077,5,5,0,36.751747131347656,26.769316783030224,5,5,0,34.26098823547363,29.942802968648717,5,5,0
118,1748167637.94449,32.61709213256836,30.455381694548997,5,5,0,34.69586372375488,26.835187333651813,5,5,0,32.46116638183594,29.945810151326995,5,5,0
119,1748167638.044766,31.868934631347656,30.495253850588934,5,5,0,36.50617599487305,26.84993230389735,5,5,0,32.74083137512207,29.954728359444015,5,5,0
120,1748167638.146406,32.258033752441406,30.49289641163735,6,5,1,35.568952560424805,26.89326443297625,6,5,1,33.101797103881836,29.97612946691049,4,5,0
121,1748167638.247895,33.50400924682617,30.484880890572736,5,5,0,36.55195236206055,26.907256242567733,5,5,0,32.76705741882324,29.992699016166807,4,5,0
122,1748167638.351261,33.068180084228516,30.47674409310646,5,5,0,36.12804412841797,26.951056598899804,5,5,0,34.53683853149414,29.933357788317846,4,5,0
123,1748167638.455503,32.82308578491211,30.570817990723004,5,4,0,35.819053649902344,27.00931799009601,5,4,0,33.139944076538086,29.927690692549156,4,4,0
124,1748167638.557805,31.636953353881836,30.64959423044087,4,4,0,36.08107566833496,27.043160179672896,4,4,0,32.57322311401367,29.926430838495317,4,4,0
125,1748167638.658633,32.150983810424805,30.654260979384052,5,5,1,35.89510917663574,27.06497316713808,5,5,1,33.039093017578125,29.976665064945927,4,5,0
126,1748167638.76019,32.93418884277344,30.60591525534215,5,5,0,36.35883331298828,27.1056624152794,5,5,0,32.705068588256836,29.991676733084365,4,5,0
127,1748167638.862692,32.26876258850098,30.59602484755983,5,5,0,35.87937355041504,27.175272337741994,5,5,0,34.29293632507324,29.923505823745202,4,5,0
128,1748167638.9656289,32.327890396118164,30.591747682810247,5,5,0,36.13710403442383,27.204643350317525,5,5,0,32.502174377441406,29.934169583264342,4,5,0
129,1748167639.0671098,32.75895118713379,30.57447267595449,5,5,0,36.023855209350586,27.230394379285276,5,5,0,33.63823890686035,29.913994583919646,4,5,0
130,1748167639.1700401,31.921863555908203,30.594685780434972,6,5,1,35.42804718017578,27.27307249143633,6,5,1,33.59222412109375,29.945517957798014,4,5,0
131,1748167639.271523,33.15567970275879,30.568099828148892,5,4,0,36.2548828125,27.29790503438675,5,4,0,32.58490562438965,29.93700408980926,4,4,0
132,1748167639.374055,31.924009323120117,30.580692105955805,5,5,1,35.08305549621582,27.35780224625586,5,5,1,33.32996368408203,29.94665825752212,4,5,0
133,1748167639.474907,33.492326736450195,30.542479295753417,5,5,0,36.80276870727539,27.402527940625628,5,5,0,33.36191177368164,29.949972746595705,4,5,0
134,1748167639.5790982,31.768083572387695,30.59440310347049,5,5,0,36.24105453491211,27.43247026075309,5,5,0,35.51292419433594,29.889515151284808,4,5,0
135,1748167639.683119,32.55581855773926,30.573982362554617,5,5,0,35.69197654724121,27.46818531888029,5,5,0,32.685041427612305,29.920858858067653,4,5,0
136,1748167639.784554,41.4280891418457,30.324113369549973,5,5,0,37.24479675292969,27.48769292910581,5,5,0,32.84788131713867,29.918745890988287,4,5,0
137,1748167639.89658,32.32908248901367,30.324339917429885,5,5,0,35.62283515930176,27.558846861274414,5,5,0,32.98306465148926,30.056726705694743,4,5,0
138,1748167639.998034,32.66191482543945,30.446848064979537,5,5,0,36.499977111816406,27.642388514148067,5,5,0,32.43589401245117,30.09335870348208,4,5,0
139,1748167640.100132,32.814979553222656,30.436912930904363,5,5,0,35.5372428894043,27.66629244462855,5,5,0,33.833980560302734,30.074902159681326,4,5,0
140,1748167640.2028239,32.24492073059082,30.446428139345585,5,5,0,36.12065315246582,27.66761861120468,5,5,0,33.07700157165527,30.121100453603052,4,5,0
141,1748167640.304776,32.11331367492676,30.465041223607415,5,5,0,40.812015533447266,27.536423701929643,5,5,0,33.51092338562012,30.104626450483487,4,5,0
142,1748167640.411728,31.965255737304688,30.484629781048422,5,5,0,35.3388786315918,27.591382429365524,5,5,0,33.04100036621094,30.117474049436755,4,5,0
143,1748167640.5125701,33.05315971374512,30.477969503408843,5,5,0,36.06104850769043,27.623449120074042,5,5,0,33.19120407104492,30.100485563004778,4,5,0
144,1748167640.615371,32.8059196472168,30.548292641240412,6,6,0,36.2398624420166,27.66201672747018,6,6,0,34.40594673156738,30.05179510756316,4,6,0
145,1748167640.719357,31.49580955505371,30.565033192308434,6,4,0,35.5682373046875,27.67962072297044,6,4,0,32.363176345825195,30.114807072900692,3,4,0
146,1748167640.819377,31.80408477783203,30.602506100844266,5,5,1,36.43631935119629,27.65937775526852,5,5,1,33.406972885131836,30.090681604260887,3,5,0
147,1748167640.921557,31.8911075592041,30.59548176731904,5,5,0,35.775184631347656,27.68414551802144,5,5,0,33.071041107177734,30.126494813001578,3,5,0
148,1748167641.022787,32.87005424499512,30.58794015291403,5,5,0,37.01281547546387,27.625304894782484,5,5,0,32.01889991760254,30.13999638786995,3,5,0
149,1748167641.125233,32.93108940124512,30.554790783330468,7,7,1,37.89710998535156,27.590015164418606,7,7,1,32.299041748046875,30.153408907096033,3,7,0
150,1748167641.228927,33.11467170715332,30.528140771547562,7,6,0,38.49983215332031,27.515890138601634,7,6,0,33.026933670043945,30.155649101111884,3,6,0
151,1748167641.3343801,33.16187858581543,30.5386395490647,7,7,1,38.87200355529785,27.457438272702735,7,7,1,33.79178047180176,30.124525792165894,3,7,0
152,1748167641.440873,32.560110092163086,30.554375294272766,7,7,0,39.71600532531738,27.367620200981484,7,7,0,32.79519081115723,30.177280471520007,3,7,0
153,1748167641.5466108,32.87196159362793,30.55307696379497,7,7,0,39.85786437988281,27.267197871137046,7,7,0,33.091068267822266,30.178865532462954,3,7,0
154,1748167641.653104,32.163143157958984,30.536645930174142,7,6,0,37.60504722595215,27.229433875704114,7,6,0,33.54191780090332,30.149601341035275,3,6,0
155,1748167641.757097,33.61201286315918,30.491514634115013,6,6,0,38.77711296081543,27.158485537460326,6,6,0,33.29730033874512,30.141693058498962,3,6,0
156,1748167641.8633978,32.33599662780762,30.509938773595177,7,7,1,38.52510452270508,27.105440534883286,7,7,1,33.544063568115234,30.11633512058825,3,7,0
157,1748167641.968429,32.40084648132324,30.505966682005017,7,6,0,38.19584846496582,27.04883398782955,7,6,0,32.919883728027344,30.157745067845212,3,6,0
158,1748167642.072614,33.2798957824707,30.476301197964617,7,7,1,39.68620300292969,26.962566276564196,7,7,1,32.11498260498047,30.169596372430124,3,7,0
159,1748167642.178373,32.850027084350586,30.473481734067786,7,7,0,38.04898262023926,26.913581197535475,7,7,0,34.6989631652832,30.137469785675897,4,7,1
160,1748167642.2846432,32.84192085266113,30.444940075093047,8,8,0,41.191816329956055,26.775269377095587,8,8,0,33.246755599975586,30.147874887001585,5,8,1
161,1748167642.392674,32.077789306640625,30.47815406169114,8,8,0,41.73016548156738,26.64520861461734,8,8,0,33.746957778930664,30.11274589575456,5,8,0
162,1748167642.501018,32.090187072753906,30.473046313638932,8,7,0,40.10009765625,26.527026534169046,8,7,0,32.79304504394531,30.128875291731106,5,7,0
163,1748167642.6067982,32.61590003967285,30.500169433104464,7,7,0,40.3749942779541,26.44346652880578,7,7,0,33.416032791137695,30.127273837357553,5,7,0
164,1748167642.7139468,77.81195640563965,29.136816638690526,7,6,0,39.31093215942383,26.372077552851938,7,6,0,33.479928970336914,30.18897330621593,5,6,0
165,1748167642.865269,32.14406967163086,29.148358375121123,8,8,1,39.15810585021973,26.291966779492583,8,8,1,32.540082931518555,30.19316031233331,5,8,0
166,1748167642.969834,33.308982849121094,29.37992125294811,8,7,0,39.43300247192383,26.241713249874245,8,7,0,32.91797637939453,30.190914541814934,5,7,0
167,1748167643.0763001,31.575918197631836,29.401429167599368,8,8,1,41.93401336669922,26.097737675561557,8,8,1,35.248756408691406,30.12243444021626,5,8,0
168,1748167643.1858602,33.226728439331055,29.385197491486572,8,7,0,39.459943771362305,26.030828428685208,8,7,0,33.47206115722656,30.091192519214566,5,7,0
169,1748167643.2928078,32.21487998962402,29.402576499692607,7,6,0,38.86818885803223,25.95587408662346,7,6,0,33.35905075073242,30.10538273556795,5,6,0
170,1748167643.398029,32.16218948364258,29.405139427092365,6,6,0,37.32895851135254,25.9286660995826,6,6,0,33.915042877197266,30.079913252203298,5,6,0
171,1748167643.5020642,32.88602828979492,29.382843876601,8,8,1,38.9249324798584,25.970938681695777,8,8,1,32.817840576171875,30.100780788567985,5,8,0
172,1748167643.60738,32.04488754272461,29.380518079547205,8,7,0,39.960622787475586,25.867511284608547,8,7,0,33.41102600097656,30.089796539135065,5,7,0
173,1748167643.7135801,32.92489051818848,29.38420933902698,7,7,0,38.65504264831543,25.80975678395423,7,7,0,32.37724304199219,30.114324184414972,5,7,0
174,1748167643.8182771,33.489227294921875,29.364569880603938,7,7,0,39.45207595825195,25.738611050313683,7,7,0,35.69626808166504,30.075412538927054,5,7,0
175,1748167643.9275908,32.02080726623535,29.349433066590535,7,7,0,38.871049880981445,25.66590359890172,7,7,0,33.97703170776367,30.026917746240105,5,7,0
176,1748167644.03315,33.41221809387207,29.30333130648406,8,8,1,40.40884971618652,25.578944415465298,8,8,1,33.63800048828125,30.02004053914776,5,8,0
177,1748167644.141335,33.284902572631836,29.263457144770822,9,8,0,42.382240295410156,25.43574301775582,9,8,0,33.68210792541504,30.001809706176676,5,8,0
178,1748167644.251536,32.52720832824707,29.272988168819058,8,7,0,39.819955825805664,25.375220318064667,8,7,0,32.5777530670166,29.98487996551345,5,7,0
179,1748167644.3572989,32.93108940124512,29.272960928477904,8,8,1,40.90404510498047,25.310778830361482,8,8,1,33.26892852783203,29.955905018428854,5,8,0
180,1748167644.465211,32.305240631103516,29.296024392492637,8,7,0,40.57025909423828,25.266673400209594,8,7,0,33.844947814941406,29.931335613424217,5,7,0
181,1748167644.572744,34.23714637756348,29.265349239951494,8,8,1,40.78316688537598,25.226089126924222,8,8,1,33.7071418762207,29.933870495792863,5,8,0
182,1748167644.6822631,33.41174125671387,29.241042878177193,8,8,0,41.02015495300293,25.198476185441095,8,8,0,33.85305404663086,29.902364520523886,5,8,0
183,1748167644.791352,32.65380859375,29.24713947587216,9,9,1,41.956186294555664,25.15419270129492,9,9,1,33.31303596496582,29.895743123372657,5,9,0
184,1748167644.9001331,33.640146255493164,29.20508598652049,9,8,0,42.13213920593262,25.059117266854283,9,8,0,33.35690498352051,29.901192063807397,5,8,0
185,1748167645.0101702,32.61303901672363,29.23326440247259,9,9,1,41.59712791442871,25.000167887543558,9,9,1,34.71517562866211,29.85895974387036,5,9,0
186,1748167645.120012,32.79709815979004,29.22006066519934,9,9,0,42.62971878051758,24.914851715697434,9,9,0,33.22911262512207,29.868350934095712,5,9,0
187,1748167645.2295702,33.45680236816406,29.189903187574565,9,9,0,44.098854064941406,24.793372992236034,9,9,0,33.01811218261719,29.865401818614654,5,9,0
188,1748167645.341066,36.6358757019043,29.095133404304715,9,9,0,43.849945068359375,24.70838288266352,9,9,0,34.750938415527344,29.78721510435186,5,9,0
189,1748167645.457217,32.655954360961914,29.100603963750615,9,9,0,43.00212860107422,24.608019262563907,9,9,0,33.431053161621094,29.824733725342217,5,9,0
190,1748167645.567203,33.51783752441406,29.081583622675886,9,9,0,43.74814033508301,24.55643638593394,9,9,0,33.4172248840332,29.81979315350961,5,9,0
191,1748167645.6787798,32.54818916320801,29.068335206474874,9,9,0,42.69218444824219,24.536937387374124,9,9,0,33.702850341796875,29.821157124919836,5,9,0
192,1748167645.788623,33.26225280761719,29.035414315392387,9,7,0,41.01395606994629,24.51872578897731,9,7,0,34.578800201416016,29.768364403477594,4,7,0
193,1748167645.8984032,32.17005729675293,29.048009078980293,9,9,2,42.862892150878906,24.468924559617534,9,9,2,33.805131912231445,29.75684024274827,4,9,0
194,1748167646.00816,33.956050872802734,30.33576670491914,9,9,0,42.81783103942871,24.39930991916545,9,9,0,32.720088958740234,29.779157473276552,4,9,0
195,1748167646.118589,34.76095199584961,30.255734034296005,9,9,1,43.88570785522461,24.30581147266277,9,9,1,32.88412094116211,29.768836260555673,4,9,0
196,1748167646.231041,32.28187561035156,30.28704900071055,9,9,0,43.591976165771484,24.224051033538505,9,9,0,34.77811813354492,29.71422849912696,4,9,0
197,1748167646.3426318,42.42825508117676,29.95900042951931,9,8,0,46.13089561462402,24.142194934765925,9,8,0,33.600807189941406,29.762661046026597,4,8,0
198,1748167646.465711,33.48994255065918,29.95113477343211,9,9,1,42.75012016296387,24.078501477385128,9,9,1,34.4541072845459,29.733692197539145,4,9,0
199,1748167646.577302,32.073974609375,29.955327374285183,9,7,0,41.02778434753418,24.03689286745155,9,7,0,34.26408767700195,29.70715710693754,4,7,0
200,1748167646.6855922,33.351898193359375,29.91969206493686,7,7,1,39.38579559326172,23.99751460067212,7,7,1,32.492637634277344,29.749347639978126,4,7,0
201,1748167646.7916448,33.68997573852539,29.896084067910653,7,7,0,41.48602485656738,23.94848878706898,7,7,0,33.70404243469238,29.723346301020257,4,7,0
202,1748167646.901241,32.1810245513916,29.892057157110788,8,7,1,39.21985626220703,23.96258588256175,8,7,1,33.119916915893555,29.73191469151535,4,7,0
203,1748167647.0064871,33.82992744445801,29.865210429802854,8,7,1,38.88201713562012,23.958319886077707,8,7,1,32.62209892272949,29.724757638652328,4,7,0
204,1748167647.112592,31.998872756958008,29.909571819248225,7,6,0,38.249969482421875,23.98141089365543,7,6,0,33.80393981933594,29.780496584910743,4,6,0
205,1748167647.217367,31.941890716552734,29.91193236047756,7,7,1,38.781166076660156,23.98309297339827,7,7,1,33.15281867980957,29.804910655703146,4,7,0
206,1748167647.321913,33.31279754638672,29.914862224965233,8,6,1,39.72125053405762,23.996361330555384,8,6,1,32.800912857055664,29.829739578838964,4,6,0
207,1748167647.4284852,32.39107131958008,29.941520467836256,6,5,0,35.84694862365723,24.12243231274455,6,5,0,34.622907638549805,29.801705835708866,4,5,0
208,1748167647.532007,32.84502029418945,29.93216865942292,5,4,1,34.98077392578125,24.21666163392304,5,4,1,32.40013122558594,29.80692990501891,4,4,0
209,1748167647.6327791,31.150102615356445,29.985337274849243,4,3,0,34.76977348327637,24.337210138956905,4,3,0,33.72693061828613,29.79327353484994,3,3,0
210,1748167647.7328901,32.82594680786133,29.970032140065324,5,5,1,35.106658935546875,24.445531524523606,5,5,1,32.716989517211914,29.82674152125742,3,5,0
211,1748167647.834042,32.97305107116699,30.008077411507987,6,4,1,76.18379592895508,23.760876630090056,6,4,1,34.82794761657715,29.793647418615635,3,4,0
212,1748167647.978676,32.43279457092285,30.03761949902257,4,4,0,35.134077072143555,23.872190022671433,4,4,0,34.22212600708008,29.782822696643624,3,4,0
213,1748167648.0809631,32.54890441894531,30.040660101746944,4,3,0,36.814212799072266,23.970291337373688,4,3,0,32.51910209655762,29.8063438709196,3,3,0
214,1748167648.183278,32.602787017822266,30.071890556002867,3,3,0,34.62696075439453,24.11490141913441,3,3,0,33.72597694396973,29.795516978211918,3,3,0
215,1748167648.284641,32.052040100097656,30.088961891272948,3,3,0,33.728837966918945,24.268402735253076,3,3,0,33.78891944885254,29.82292411277188,3,3,0
216,1748167648.384604,33.18500518798828,30.077396712952353,4,4,0,34.870147705078125,24.42179449332525,4,4,0,33.029794692993164,29.82886272605899,3,4,0
217,1748167648.486094,32.943010330200195,30.09308521451309,5,5,1,35.87818145751953,24.58633394348562,5,5,1,33.5080623626709,29.814395029872653,3,5,0
218,1748167648.5888839,33.24484825134277,30.19573249220804,5,5,0,35.787105560302734,24.74983861253594,5,5,0,32.14311599731445,29.89182282004702,3,5,0
219,1748167648.690557,32.668113708496094,30.195406416982692,5,5,0,36.93795204162598,24.874316905323138,5,5,0,33.576250076293945,29.88742080656934,3,5,0
220,1748167648.794228,31.85105323791504,30.24606862057204,5,5,0,36.186933517456055,25.03126094739897,5,5,0,32.628774642944336,29.910887135114578,4,5,1
221,1748167648.895414,31.897783279418945,30.26600257225539,5,5,0,36.00621223449707,25.171744394281536,5,5,0,33.6000919342041,29.913873687113387,4,5,0
222,1748167648.99742,32.2108268737793,30.29814128524444,6,6,0,36.162614822387695,25.274605903809995,6,6,0,33.24079513549805,29.953772837739304,4,6,0
223,1748167649.09956,32.943010330200195,30.2747410460558,6,4,0,36.431074142456055,25.412354331844085,6,4,0,32.119035720825195,30.004313612248463,4,4,0
224,1748167649.2016451,31.758785247802734,30.341852807105198,4,4,0,34.65771675109863,25.589342979923522,4,4,0,34.574031829833984,29.94887496358412,4,4,0
225,1748167649.303128,31.543970108032227,30.44121318626872,5,5,0,35.205841064453125,25.780218159169326,5,5,0,32.50312805175781,29.960298695528568,4,5,0
226,1748167649.402859,32.04703330993652,30.448527883356373,7,7,1,38.52391242980957,25.893051053271986,7,7,1,34.00707244873047,29.98341524044089,4,7,0
227,1748167649.508013,32.24301338195801,30.766502787783,7,6,0,38.39468955993652,26.067034365719135,7,6,0,33.21528434753418,29.99498689512885,4,6,0
228,1748167649.612535,32.34219551086426,30.80291820706815,7,7,1,38.81120681762695,26.156398187020283,7,7,1,32.90700912475586,30.041542278579655,4,7,0
229,1748167649.717278,32.76491165161133,30.780983320225495,7,6,0,37.97793388366699,26.226048736647193,7,6,0,33.61797332763672,30.06093455925531,4,6,0
230,1748167649.822325,32.36103057861328,30.812399585965434,6,5,0,36.711931228637695,26.287221078892927,6,5,0,32.76681900024414,30.052347768018997,4,5,0
231,1748167649.924795,32.772064208984375,30.84115846701483,6,6,0,37.184953689575195,26.386710718221387,6,6,0,33.02192687988281,30.07270988247829,4,6,0
232,1748167650.028345,32.711029052734375,30.824325592208197,6,5,0,36.62586212158203,26.44704584663086,6,5,0,33.34975242614746,30.065725478389584,4,5,0
233,1748167650.131614,33.48827362060547,30.83509711910498,5,5,0,36.67712211608887,26.49871464645986,5,5,0,33.54907035827637,30.037942175303638,4,5,0
234,1748167650.235889,33.213138580322266,30.796668366047015,7,7,1,36.97395324707031,26.528525374312455,7,7,1,33.71596336364746,30.040645757836277,4,7,0
235,1748167650.340359,36.29112243652344,30.659937661183267,7,6,0,39.65401649475098,26.50809310403451,7,6,0,32.5472354888916,30.05891665310984,4,6,0
236,1748167650.4495301,32.768964767456055,30.677047639596413,7,7,1,40.242910385131836,26.495807556085257,7,7,1,33.34307670593262,30.0424531984585,4,7,0
237,1748167650.556563,31.875133514404297,30.693248316286827,7,6,0,38.38396072387695,26.43654407683228,7,6,0,33.04123878479004,30.090091555058578,4,6,0
238,1748167650.660527,32.576799392700195,30.701643475373245,7,6,1,37.9791259765625,26.366833254754045,7,6,1,33.48803520202637,30.057329806913213,4,6,0
239,1748167650.7652538,32.29522705078125,30.66604991316546,6,5,0,36.665916442871094,26.322943755364566,6,5,0,34.30509567260742,30.039935751378465,4,5,0
240,1748167650.8691452,32.54890441894531,30.67456479867345,5,4,0,34.54399108886719,26.335901780192156,5,4,0,32.59110450744629,30.043579372621302,4,4,0
241,1748167650.969389,33.83493423461914,30.647309908262024,5,5,1,36.451101303100586,27.28672864250449,5,5,1,34.29603576660156,30.059570109068535,4,5,0
242,1748167651.074471,32.60517120361328,30.64179459942812,5,5,0,35.820960998535156,27.26957932863443,5,5,0,32.45377540588379,30.11283237304085,4,5,0
243,1748167651.175976,32.958984375,30.629219062641486,5,5,0,36.8802547454834,27.267788764716972,5,5,0,32.798051834106445,30.104287935185013,4,5,0
244,1748167651.2791271,32.392024993896484,30.63598291112289,5,5,0,35.97712516784668,27.23456716907648,5,5,0,33.63394737243652,30.106938641519868,4,5,0
245,1748167651.38163,33.71024131774902,30.584103835496574,5,5,0,36.02886199951172,27.177772776420166,5,5,0,32.561302185058594,30.144198704434817,4,5,0
246,1748167651.484432,32.56416320800781,30.603451357975327,5,5,0,37.1701717376709,27.12127906941656,5,5,0,33.83803367614746,30.119802634082887,4,5,0
247,1748167651.588508,32.109975814819336,30.62938308977493,5,4,0,35.25710105895996,27.136439686290814,5,4,0,32.94491767883301,30.13684902825167,4,4,0
248,1748167651.6893172,32.12380409240723,30.66435348158481,5,5,1,36.77010536193848,27.112384777484262,5,5,1,33.22768211364746,30.10402865202007,4,5,0
249,1748167651.792063,32.048940658569336,30.683892489794722,5,5,0,36.139726638793945,27.131875681104756,5,5,0,32.45687484741211,30.13793176128618,4,5,0
250,1748167651.893235,32.73916244506836,30.656262516701116,5,5,0,36.470890045166016,27.124857131647552,5,5,0,32.02199935913086,30.156321224226268,4,5,0
251,1748167651.994981,32.20105171203613,30.64660825674063,5,5,0,35.30168533325195,27.142193690447407,5,5,0,33.90216827392578,30.147159802866913,4,5,0
252,1748167652.096879,32.44376182556152,30.63934730404487,5,5,0,36.4069938659668,27.136100258703756,5,5,0,32.72891044616699,30.16276934656864,4,5,0
253,1748167652.198965,32.074928283691406,30.66638623246809,5,5,0,36.43798828125,27.135860323635622,5,5,0,32.94062614440918,30.137924542808342,4,5,0
254,1748167652.300925,32.69600868225098,30.637012292143233,5,5,0,35.99405288696289,27.10271987593359,5,5,0,34.56592559814453,30.138227721854523,4,5,0
255,1748167652.404706,32.758235931396484,30.598725656176182,5,5,0,36.69309616088867,27.06646355025518,5,5,0,33.270835876464844,30.11515303238233,4,5,0
256,1748167652.50793,32.00197219848633,30.600132051084074,5,5,0,35.91775894165039,27.130243544313075,5,5,0,32.91797637939453,30.148380522519677,4,5,0
257,1748167652.609291,33.13899040222168,30.572533801193803,5,5,0,35.71820259094238,27.196046981645623,5,5,0,32.839059829711914,30.159805181108702,4,5,0
258,1748167652.711489,32.12118148803711,30.57914630047581,5,5,0,35.800933837890625,27.270483564125204,5,5,0,33.350229263305664,30.146256967312773,4,5,0
259,1748167652.813262,32.28282928466797,30.594142747729677,5,5,0,35.60590744018555,27.329435265187293,5,5,0,33.21719169616699,30.15843174099471,4,5,0
260,1748167652.914887,32.56797790527344,30.58756093914654,5,5,0,37.14871406555176,27.318660080152377,5,5,0,33.71000289916992,30.129798730195976,4,5,0
261,1748167653.018813,32.33814239501953,30.601285540226026,5,5,0,36.01789474487305,27.347622817939804,5,5,0,32.73892402648926,30.138314345559518,4,5,0
262,1748167653.120416,33.92291069030762,30.56338503697727,6,6,1,36.7281436920166,27.3450613165621,6,6,1,32.93919563293457,30.15067054141715,4,6,0
263,1748167653.224545,32.746076583862305,30.586475398777946,6,5,0,36.863088607788086,27.34040311026149,6,5,0,33.740997314453125,30.144855873616393,4,5,0
264,1748167653.328493,32.74798393249512,30.601025067334646,5,5,0,34.75499153137207,27.395774276226582,5,5,0,32.4399471282959,30.183498628503855,4,5,0
265,1748167653.428969,32.03701972961426,30.73433168298694,6,6,1,37.38284111022949,27.452705767464813,6,6,1,34.13701057434082,30.135138468612706,4,6,0
266,1748167653.5330718,31.575918197631836,30.772010407238604,6,6,0,37.80102729797363,27.514458147467856,6,6,0,32.654762268066406,30.15598154535927,4,6,0
267,1748167653.6356962,33.75816345214844,30.71277919766422,6,6,0,37.57286071777344,27.534941369399696,6,6,0,32.67025947570801,30.167289012705446,4,6,0
268,1748167653.740284,32.23395347595215,30.723495397669755,6,6,0,38.16080093383789,27.53037486030146,6,6,0,33.83302688598633,30.156950011683712,4,6,0
269,1748167653.845129,32.60397911071777,30.713551353963766,6,5,0,37.16254234313965,27.5178217577107,6,5,0,32.91010856628418,30.199305288719422,5,5,1
270,1748167653.94839,32.04798698425293,30.729392871063126,5,5,0,36.466360092163086,27.46944458634434,5,5,0,33.447980880737305,30.173488581330147,5,5,0
271,1748167654.050922,34.06190872192383,30.7224376934205,5,5,0,35.237789154052734,27.499942084275467,5,5,0,33.509254455566406,30.19733398609756,5,5,0
272,1748167654.154241,34.08479690551758,30.6760080880105,5,5,0,37.371158599853516,27.460901822933888,5,5,0,33.41794013977051,30.16793272333729,5,5,0
273,1748167654.259616,31.702041625976562,30.71526822894227,5,5,0,36.55600547790527,27.469126760329704,5,5,0,34.224748611450195,30.1248863994392,5,5,0
274,1748167654.362602,41.9001579284668,30.419297520361464,6,6,1,39.36266899108887,27.38407064238652,6,6,1,33.3249568939209,30.134337387196016,5,6,0
275,1748167654.477749,33.219099044799805,30.434549780537377,6,4,0,36.5293025970459,27.371626760036406,6,4,0,34.256935119628906,30.082969616059916,4,4,0
276,1748167654.5823371,32.60993957519531,30.43337938400455,5,5,1,35.24613380432129,27.419737380578507,5,5,1,33.177852630615234,30.10298436227184,4,5,0
277,1748167654.683913,34.18397903442383,30.369475748176082,5,5,0,35.897254943847656,27.403805067703093,5,5,0,33.59794616699219,30.0832644981286,4,5,0
278,1748167654.7880971,31.772851943969727,30.380430452399473,5,5,0,35.68911552429199,27.43083165945157,5,5,0,33.58793258666992,30.072408020161536,4,5,0
279,1748167654.889643,32.721757888793945,30.359620336817283,5,5,0,36.69595718383789,27.4169233957131,5,5,0,32.945871353149414,30.05776060831619,4,5,0
280,1748167654.992535,32.13381767272949,30.37816407220411,5,5,0,36.59796714782715,27.41386511185994,5,5,0,33.249855041503906,30.02082123016323,4,5,0
281,1748167655.0950232,31.898975372314453,30.387613223811904,5,5,0,35.38990020751953,27.411655448570272,5,5,0,33.321380615234375,30.038286370978174,4,5,0
282,1748167655.1961432,32.99379348754883,30.370692547385904,5,5,0,36.277055740356445,27.41486256305811,5,5,0,33.41412544250488,30.017670065734933,4,5,0
283,1748167655.299329,32.02104568481445,30.372319985478732,5,5,0,38.202762603759766,27.370787250079125,5,5,0,35.34579277038574,29.945432438819434,4,5,0
284,1748167655.4054039,33.7681770324707,30.33957023262991,5,5,0,38.27309608459473,27.314040509199966,5,5,0,33.69283676147461,29.971524113752057,4,5,0
285,1748167655.51165,32.10806846618652,30.359627661884563,5,5,0,35.452842712402344,27.344954350144775,5,5,0,34.10196304321289,29.946515715307385,4,5,0
286,1748167655.613824,32.26900100708008,30.351433122056164,5,5,0,35.77089309692383,27.34867489603171,5,5,0,33.47301483154297,29.92948456609674,4,5,0
287,1748167655.715842,33.00619125366211,30.35505750686811,5,5,0,36.67902946472168,27.324788314472443,5,5,0,32.427072525024414,29.941819708199066,4,5,0
288,1748167655.818461,32.45711326599121,30.344823594609807,5,5,0,37.0640754699707,27.293387201799817,5,5,0,33.13779830932617,29.948162160566874,4,5,0
289,1748167655.921621,33.59484672546387,30.30470129562355,5,4,0,35.41707992553711,27.298053088283343,5,4,0,32.70316123962402,29.963480636355147,4,4,0
290,1748167656.0238469,31.956195831298828,30.32360182227252,5,5,1,36.04602813720703,27.325524124721486,5,5,1,33.79201889038086,29.961097684385976,4,5,0
291,1748167656.126158,32.61971473693848,30.314820516601113,5,4,0,34.72304344177246,27.357814142542967,5,4,0,32.058000564575195,29.98175062910173,4,4,0
292,1748167656.226091,31.734943389892578,30.382022254872254,5,5,1,36.34309768676758,27.367542819857537,5,5,1,33.3561897277832,29.96928977788321,4,5,0
293,1748167656.328032,31.531095504760742,30.419356351605057,6,6,0,36.70811653137207,27.371186159736773,6,6,0,32.43589401245117,30.008292105329055,4,6,0
294,1748167656.429245,32.63998031616211,30.422651264472197,6,5,0,36.103248596191406,27.33758756649231,6,5,0,32.382965087890625,30.010059867900438,4,5,0
295,1748167656.530972,31.994104385375977,30.423945889825035,5,5,0,35.89606285095215,27.374776869968354,5,5,0,35.3090763092041,29.97493693737045,4,5,0
296,1748167656.634712,32.77087211608887,30.38721694567091,5,5,0,36.00788116455078,27.419588003808215,5,5,0,33.644914627075195,29.94546807166781,4,5,0
297,1748167656.7376351,32.45186805725098,30.427477246336366,5,5,0,36.31997108459473,27.45110068055557,5,5,0,33.57696533203125,29.91848268030393,4,5,0
298,1748167656.840489,31.83579444885254,30.439836088694413,6,6,1,36.783695220947266,27.48575953341816,6,6,1,33.38193893432617,29.93181977126725,4,6,0
299,1748167656.9430249,32.171010971069336,30.453465264582515,6,6,0,37.76288032531738,27.470739953341113,6,6,0,33.13565254211426,29.92507145395055,4,6,0
300,1748167657.0467,32.63998031616211,30.435116608696912,6,6,0,36.85593605041504,27.460883843773694,6,6,0,34.53779220581055,29.89251163946476,4,6,0
301,1748167657.151374,33.21409225463867,30.461198799264064,6,6,0,38.10310363769531,27.389047786963392,6,6,0,33.402204513549805,29.89564368268058,4,6,0
302,1748167657.256673,33.23793411254883,30.487325731841462,6,6,0,37.89710998535156,27.377206939668984,6,6,0,33.924102783203125,29.88061443882802,4,6,0
303,1748167657.3623092,32.47809410095215,30.463359582734036,6,6,0,37.88471221923828,27.344045169384103,6,6,0,32.78994560241699,29.923285225384582,4,6,0
304,1748167657.466044,33.89620780944824,30.712629268903484,6,6,0,38.27691078186035,27.371114712376144,6,6,0,32.51791000366211,29.94742088142138,4,6,0
305,1748167657.571318,32.93919563293457,30.721372561322926,6,6,0,37.44697570800781,27.348211258422083,6,6,0,32.90820121765137,29.987745524447227,4,6,0
306,1748167657.675345,33.74528884887695,30.68554618483787,6,6,0,38.09833526611328,27.27723471982921,6,6,0,33.78796577453613,29.969354019310753,4,6,0
307,1748167657.781552,32.85932540893555,30.727029107977092,6,6,0,37.7500057220459,27.231284231411482,6,6,0,33.918142318725586,29.959785082337007,4,6,0
308,1748167657.8866718,32.35602378845215,30.708566756761705,6,5,0,35.50386428833008,27.235869954359092,6,5,0,32.7908992767334,29.98377962208688,4,5,0
309,1748167657.9879072,32.28497505187988,30.722370182855904,5,5,0,37.26625442504883,27.22178173140223,5,5,0,32.86099433898926,29.98620905941114,4,5,0
310,1748167658.090854,31.759023666381836,30.734008885397714,5,5,0,35.531044006347656,27.24804316407798,5,5,0,32.43374824523926,30.01066109777348,4,5,0
311,1748167658.191118,33.55813026428223,30.681842454720616,5,5,0,36.520957946777344,27.22003276896925,5,5,0,32.605886459350586,30.032113559082145,4,5,0
312,1748167658.294295,32.33003616333008,30.70272222296779,6,6,0,36.573171615600586,27.212715475153164,6,6,0,33.815622329711914,30.01997608023642,4,6,0
313,1748167658.3975549,32.39583969116211,30.690785309589334,6,6,0,37.795066833496094,27.22274169519922,6,6,0,33.93697738647461,30.062442779898277,4,6,0
314,1748167658.502267,31.615257263183594,30.758342797442317,6,6,0,38.931846618652344,27.206496220728972,6,6,0,33.81180763244629,30.05891665310984,4,6,0
315,1748167658.6072052,32.13214874267578,30.757575905720756,6,6,0,36.728858947753906,27.174955413583557,6,6,0,32.15813636779785,30.11772635545676,4,6,0
316,1748167658.708878,34.81602668762207,30.677645974612684,6,6,0,38.298845291137695,27.112799558883324,6,6,0,33.25486183166504,30.12426616027476,4,6,0
317,1748167658.815844,32.27710723876953,30.700819483140293,6,5,0,36.499977111816406,27.117310395702578,6,5,0,33.68091583251953,30.08645103164515,4,5,0
318,1748167658.918899,32.50002861022949,30.699403817946354,6,6,1,36.73601150512695,27.12533076945463,6,6,1,33.3099365234375,30.08119325371392,4,6,0
319,1748167659.0220318,31.328916549682617,30.770723614708622,6,5,0,37.049293518066406,27.085416199831197,6,5,0,33.52499008178711,30.05645388214195,4,5,0
320,1748167659.124514,32.70888328552246,30.746850948692256,5,5,0,36.02004051208496,27.086016732615256,5,5,0,32.75895118713379,30.08756611814599,4,5,0
321,1748167659.22655,33.05697441101074,30.733055546057162,6,6,1,38.1770133972168,27.00179483900097,6,6,1,32.52100944519043,30.073421439060205,4,6,0
322,1748167659.330841,32.611846923828125,30.705404437880723,6,6,0,37.129878997802734,26.982559747820773,6,6,0,33.61678123474121,30.065703926608872,4,6,0
323,1748167659.434784,32.1500301361084,30.686032599656535,6,6,0,37.92309761047363,26.953036741467955,6,6,0,33.20598602294922,30.04254644534238,4,6,0
324,1748167659.538644,31.967878341674805,30.707112908425394,6,5,0,37.51683235168457,26.918918572001605,6,5,0,33.38885307312012,30.01258662697717,4,5,0
325,1748167659.6421728,32.29093551635742,30.697681226881432,6,6,1,36.00502014160156,26.91619492227341,6,6,1,32.56082534790039,30.09524447325181,4,6,0
326,1748167659.7436202,32.38487243652344,30.709750920530183,6,6,0,37.97411918640137,26.868582820215188,6,6,0,33.11586380004883,30.111189389530434,4,6,0
327,1748167659.847679,31.7838191986084,30.730953904467903,6,5,0,36.596059799194336,26.861848905686347,6,5,0,33.084869384765625,30.12593942208932,4,5,0
328,1748167659.949721,33.349037170410156,30.68336125003079,5,5,0,36.28802299499512,26.873799048016295,5,5,0,32.17005729675293,30.162718733976767,4,5,0
329,1748167660.052067,31.810998916625977,30.694581050067914,5,5,0,36.431074142456055,26.9058523792163,5,5,0,33.76269340515137,30.14365710302169,4,5,0
330,1748167660.1545758,32.955169677734375,30.684655711511983,5,4,0,34.651994705200195,26.959175300140654,5,4,0,32.27090835571289,30.212444214155212,4,4,0
331,1748167660.254998,33.464908599853516,30.676778396453628,4,4,0,37.77933120727539,26.967148626826102,4,4,0,34.748077392578125,30.17160022817687,4,4,0
332,1748167660.3614578,34.46388244628906,30.638429669057352,4,4,0,34.464120864868164,27.049421269897845,4,4,0,33.50019454956055,30.18454851199186,4,4,0
333,1748167660.4643252,33.4930419921875,30.606570376388284,4,3,0,34.3780517578125,27.135169802483137,4,3,0,33.46705436706543,30.1640997956124,3,3,0
334,1748167660.566102,32.49096870422363,30.65057972945553,3,3,0,33.968210220336914,27.241265165684037,3,3,0,33.95819664001465,30.120473160203833,3,3,0
335,1748167660.666925,32.768964767456055,30.65590401319117,3,3,0,33.473968505859375,27.339850647715426,3,3,0,34.05332565307617,30.085976245708718,3,3,0
336,1748167660.767762,32.28306770324707,30.701643475373245,4,4,1,34.61408615112305,27.42701698860887,4,4,1,35.75611114501953,30.02671711642229,3,4,0
337,1748167660.870815,31.932830810546875,30.730991431261426,4,4,0,34.34300422668457,27.512791689998657,4,4,0,32.544851303100586,30.067981402310874,3,4,0
338,1748167660.970067,32.778024673461914,30.717547695777213,4,4,0,35.462141036987305,27.51389862840627,4,4,0,33.834218978881836,30.036314523446176,3,4,0
339,1748167661.0725682,31.98075294494629,30.727051618291306,4,4,0,35.37392616271973,27.561690056190496,4,4,0,33.64205360412598,30.01281570265852,3,4,0
340,1748167661.173998,34.41786766052246,30.644816951770423,4,4,0,35.221099853515625,27.56961304770696,4,4,0,33.00189971923828,29.995709079397287,3,4,0
341,1748167661.2770848,31.77809715270996,30.70063221834663,4,4,0,34.86013412475586,27.611810731267152,4,4,0,33.004045486450195,29.983836780795723,4,4,1
342,1748167661.377154,32.11402893066406,30.70736020280714,5,5,1,35.75563430786133,27.63259698597696,5,5,1,32.781124114990234,30.014877541162505,4,5,0
343,1748167661.478267,32.6838493347168,30.69836275066866,5,5,0,36.208152770996094,27.67299758082252,5,5,0,33.786773681640625,30.01939596249064,4,5,0
344,1748167661.581447,32.83214569091797,30.66018419631037,5,5,0,36.21196746826172,27.742607302995356,5,5,0,33.32710266113281,30.033848285877074,4,5,0
345,1748167661.684329,33.40005874633789,30.62051323483175,6,6,1,36.782026290893555,27.741188313565146,6,6,1,33.228158950805664,30.001616565071036,4,6,0
346,1748167661.7882822,32.19127655029297,30.702489986179756,6,5,0,37.40096092224121,27.764320028666976,6,5,0,33.368825912475586,29.998254877521966,4,5,0
347,1748167661.8919098,32.79519081115723,30.68597273238513,5,4,0,35.53199768066406,27.789061373332075,5,4,0,33.19215774536133,30.01286581342996,4,4,0
348,1748167661.993967,31.03184700012207,30.732252384800873,4,4,0,35.50839424133301,27.820703674379416,4,4,0,32.78994560241699,30.02855154599319,4,4,0
349,1748167662.093806,32.132863998413086,30.70719533944342,4,4,0,34.28316116333008,27.892345389584506,4,4,0,33.52808952331543,30.028515715144497,4,4,0
350,1748167662.1941838,31.918048858642578,30.732109771770418,5,5,1,35.784006118774414,27.898344046656167,5,5,1,32.958030700683594,30.022461529798626,4,5,0
351,1748167662.295308,32.4249267578125,30.751953201373304,6,6,1,36.607980728149414,27.939128998278743,6,6,1,33.746957778930664,29.985758869250404,4,6,0
352,1748167662.398626,33.35404396057129,30.72864993490599,7,7,1,38.0702018737793,27.914739098633582,7,7,1,32.61399269104004,30.01576536443182,4,7,0
353,1748167662.5033002,32.5009822845459,30.717667677087995,7,6,0,37.1098518371582,27.935922099460395,7,6,0,33.783674240112305,29.998383609129036,4,6,0
354,1748167662.607369,32.171010971069336,30.711212514387974,6,5,0,35.86697578430176,27.978988151039122,6,5,0,32.4711799621582,30.025699677906918,4,5,0
355,1748167662.708616,31.99625015258789,30.72048750773633,5,5,0,37.567853927612305,27.938316348858603,5,5,0,33.89310836791992,29.985837472907587,4,5,0
356,1748167662.812613,32.308101654052734,30.722835261652563,7,7,2,37.191152572631836,27.95865298920597,7,7,2,32.02104568481445,30.018622507038906,4,7,0
357,1748167662.914711,33.89596939086914,30.65636708180432,7,6,0,40.039777755737305,27.86925301994693,7,6,0,33.29300880432129,30.012436297961678,4,6,0
358,1748167663.0226161,32.685041427612305,30.677286970802125,6,6,0,38.27214241027832,27.818120438734823,6,6,0,33.24389457702637,29.98022192143045,4,6,0
359,1748167663.127459,31.88490867614746,30.674893826777666,6,6,1,37.48202323913574,27.791006985457493,7,6,1,32.63998031616211,30.014054203618983,4,6,0
360,1748167663.230069,32.41395950317383,30.691788431775965,7,7,1,38.948774337768555,27.680862915083853,7,7,1,33.0960750579834,29.98960378553768,4,7,0
361,1748167663.335211,33.4010124206543,30.69382482175235,8,6,1,38.67602348327637,27.657869997210675,8,6,1,33.23817253112793,30.034880615109493,4,6,0
362,1748167663.4412491,33.64396095275879,30.719632504396312,7,7,1,38.12289237976074,27.564865952497318,7,7,1,32.691001892089844,30.059383404466963,4,7,0
363,1748167663.546478,32.2871208190918,30.757786421208866,7,6,0,37.87398338317871,27.476612616358253,7,6,0,34.377098083496094,30.03208488759549,4,6,0
364,1748167663.6516879,31.900882720947266,30.776300493065076,7,7,1,37.934064865112305,27.377200983088375,7,7,1,32.30905532836914,30.0816894633741,4,7,0
365,1748167663.754515,32.70602226257324,30.77828035704327,7,7,0,40.199995040893555,27.210232139524617,7,7,0,33.078908920288086,30.111102921680434,4,7,0
366,1748167663.861181,32.5770378112793,30.76897043903615,8,7,0,38.47694396972656,27.115200866796048,8,7,0,33.4620475769043,30.18052314871669,4,7,0
367,1748167663.966416,33.971309661865234,30.704595228712154,7,6,0,38.564205169677734,27.01209531216759,7,6,0,32.9432487487793,30.168467964329846,4,6,0
368,1748167664.0726159,32.00697898864746,30.729100194955194,6,6,0,38.39397430419922,26.941114101972282,6,6,0,33.75983238220215,30.170840612542126,4,6,0
369,1748167664.177401,32.521963119506836,30.711977095827017,6,5,0,36.1020565032959,26.923474575400803,6,5,0,33.50496292114258,30.175116661706593,4,5,0
370,1748167664.280118,32.217979431152344,30.78004212318463,5,5,0,36.6520881652832,26.88914385162166,5,5,0,33.68496894836426,30.154427792784933,4,5,0
371,1748167664.3832269,32.90128707885742,30.74445445131894,5,5,0,35.43806076049805,26.875216788808828,5,5,0,32.83214569091797,30.15963891591363,4,5,0
372,1748167664.484905,33.351898193359375,30.705869003156508,5,5,0,36.40890121459961,26.85953239368072,5,5,0,32.79900550842285,30.159125674049072,4,5,0
373,1748167664.5879738,32.83190727233887,30.701388782142075,5,5,0,37.4298095703125,26.830392268494293,5,5,0,33.426761627197266,30.170196777810997,4,5,0
374,1748167664.692226,32.89794921875,30.699478717595515,6,6,1,36.73601150512695,26.817800511508953,6,6,1,32.534122467041016,30.194319550424723,4,6,0
375,1748167664.7949681,32.49692916870117,30.72777946955809,6,6,0,38.00487518310547,26.78856261101215,6,6,0,32.98687934875488,30.201748031700177,4,6,0
376,1748167664.899036,31.540870666503906,30.748376187008517,6,6,0,36.47208213806152,26.810726411062046,6,6,0,33.24413299560547,30.205568781103274,4,6,0
377,1748167665.000885,34.420013427734375,30.697224398206505,6,5,0,37.106990814208984,26.773098794553167,6,5,0,35.314083099365234,30.141079347072054,4,5,0
378,1748167665.108308,32.498836517333984,30.651311428807368,5,5,0,36.20576858520508,26.7564352090187,5,5,0,32.71985054016113,30.143476573542166,4,5,0
379,1748167665.2102752,32.42778778076172,30.641943837402476,5,5,0,36.93866729736328,26.69315848057313,5,5,0,32.50718116760254,30.174342397130022,4,5,0
380,1748167665.3126469,31.513214111328125,30.654395402807367,5,5,0,40.46487808227539,26.582568574760433,5,5,0,33.85591506958008,30.147398160475944,4,5,0
381,1748167665.418998,31.582117080688477,30.681012044021205,5,5,0,36.30709648132324,26.589758761178636,5,5,0,35.42518615722656,30.096648157604882,4,5,0
382,1748167665.522819,33.31112861633301,30.682291344085417,5,5,0,37.867069244384766,26.59453002298901,5,5,0,32.79685974121094,30.091062989838125,4,5,0
383,1748167665.627307,32.330989837646484,30.68756677817804,5,5,0,35.66789627075195,26.628624903260786,5,5,0,33.25223922729492,30.107133141071913,4,5,0
384,1748167665.729056,33.66994857788086,30.64061567053328,5,5,0,36.40413284301758,26.61581641621226,5,5,0,32.62805938720703,30.102422636376314,4,5,0
385,1748167665.832267,32.77397155761719,30.616385659664484,6,6,1,37.53399848937988,26.616621512083434,6,6,1,33.44082832336426,30.11605400583657,4,6,0
386,1748167665.936553,31.907081604003906,30.628831369127827,6,5,0,36.48519515991211,26.633353751745688,6,5,0,33.15305709838867,30.081876445173766,4,5,0
387,1748167666.0386791,31.59189224243164,30.701111620780182,5,5,0,36.82708740234375,26.709488185909354,5,5,0,33.056020736694336,30.088961891272948,4,5,0
388,1748167666.140691,31.855106353759766,30.727171673857473,5,5,0,36.592960357666016,26.74928539814261,5,5,0,32.450199127197266,30.11323594027759,4,5,0
389,1748167666.2421381,33.26106071472168,30.683952348949425,5,5,0,36.06700897216797,26.783082968751927,5,5,0,32.73296356201172,30.11027429663434,4,5,0
390,1748167666.344704,32.034873962402344,30.695913899591485,5,5,0,35.76397895812988,26.8594349254503,5,5,0,33.62011909484863,30.094200792839334,4,5,0
391,1748167666.446652,34.24525260925293,30.669577896105377,5,4,0,35.70365905761719,26.931121297479997,5,4,0,33.056020736694336,30.09984472744296,3,4,0
392,1748167666.550156,32.898902893066406,30.692918894315415,5,5,1,37.338972091674805,26.950046434164577,5,5,1,32.95779228210449,30.091573917743226,3,5,0
393,1748167666.6538491,32.31072425842285,30.692132802272546,5,4,0,35.08400917053223,27.017808302124035,5,4,0,32.61709213256836,30.14458144783643,3,4,0
394,1748167666.754359,33.79702568054199,30.632775863063742,5,5,1,36.077022552490234,27.06304057097113,5,5,1,32.4101448059082,30.141577534438603,3,5,0
395,1748167666.857158,31.991004943847656,30.655097410950255,5,4,0,35.562992095947266,27.176669239717477,5,4,0,33.23101997375488,30.136950080043228,3,4,0
396,1748167666.958525,34.072160720825195,30.608372103884808,5,5,1,34.919023513793945,27.264497813386285,5,5,1,32.441139221191406,30.16793272333729,3,5,0
397,1748167667.060451,32.27806091308594,30.66137210295158,6,6,1,36.16499900817871,27.32410001172623,6,6,1,33.61177444458008,30.147622075602705,3,6,0
398,1748167667.16305,32.96303749084473,30.631373922764,6,5,0,38.25974464416504,27.327268865459768,6,5,0,32.66000747680664,30.181015401707974,3,5,0
399,1748167667.26751,32.51981735229492,30.63138137955378,5,5,0,37.0790958404541,27.30301678421461,5,5,0,33.42294692993164,30.183505868829524,3,5,0
400,1748167667.371073,32.64904022216797,30.618032086014324,5,5,0,35.68696975708008,27.32684156141318,5,5,0,33.66208076477051,30.184237159615353,3,5,0
401,1748167667.473588,34.255027770996094,30.576062588177436,5,5,0,36.38291358947754,27.30334262690675,5,5,0,33.06293487548828,30.17722981021764,3,5,0
402,1748167667.57778,31.965017318725586,30.619000654822436,5,5,0,36.09776496887207,27.311111834608496,5,5,0,33.87284278869629,30.14463922126962,3,5,0
403,1748167667.680212,33.17618370056152,30.60815618320458,6,6,0,36.466121673583984,27.334926994835808,6,6,0,34.07597541809082,30.124864762759344,3,6,0
404,1748167667.784468,32.87911415100098,30.60858058191495,6,5,0,38.30718994140625,27.295808763571262,6,5,0,32.94205665588379,30.1125224983972,3,5,0
405,1748167667.8891761,31.35395050048828,30.64447364223185,5,4,1,35.50910949707031,27.3578855204829,5,4,1,33.1268310546875,30.108084063947402,3,4,0
406,1748167667.989703,33.73217582702637,30.575884272032265,6,6,2,37.03808784484863,27.34386690573612,6,6,2,32.90700912475586,30.118274234513443,3,6,0
407,1748167668.093924,31.91089630126953,30.654208703926706,7,7,1,37.5211238861084,27.333490026453912,7,7,1,33.6151123046875,30.169762747431307,3,7,0
408,1748167668.1975942,32.99260139465332,30.63863855674275,7,5,0,37.03498840332031,27.312860663930948,7,5,0,32.86409378051758,30.16511940393326,3,5,0
409,1748167668.301161,32.386064529418945,30.639951630274517,6,6,1,37.98317909240723,27.28700083988948,6,6,1,32.3030948638916,30.171361487712932,3,6,0
410,1748167668.404453,32.37605094909668,30.613070994453697,7,7,1,37.88304328918457,27.35116573122548,7,7,1,33.02812576293945,30.196348431293167,3,7,0
411,1748167668.508471,33.01692008972168,30.568084976129374,7,5,0,37.44912147521973,27.322622651379092,7,5,0,32.6840877532959,30.279746094022606,3,5,0
412,1748167668.612313,32.09662437438965,30.60591525534215,6,6,1,37.10484504699707,27.341543748731564,6,6,1,33.69927406311035,30.252227880713598,3,6,0
413,1748167668.715849,31.562089920043945,30.629912462053134,6,5,0,36.85712814331055,27.311888405747712,6,5,0,32.78493881225586,30.26635929448077,3,5,0
414,1748167668.81763,32.11498260498047,30.678812795029327,6,6,1,37.992000579833984,27.27243999121762,6,6,1,34.15393829345703,30.219743719986887,3,6,0
415,1748167668.922461,32.3638916015625,30.69148898545175,8,8,2,39.40296173095703,27.226323016411207,8,8,2,32.90820121765137,30.23600977036283,3,8,0
416,1748167669.027804,32.90224075317383,30.660370967985603,8,7,0,40.1611328125,27.135854471613797,8,7,0,33.51569175720215,30.224984704844942,4,7,1
417,1748167669.13516,32.25970268249512,30.639332382711142,8,8,1,39.86930847167969,27.061370145484645,8,8,1,34.314870834350586,30.186916448373964,4,8,0
418,1748167669.2424178,32.99307823181152,30.603726758832778,10,10,2,44.003963470458984,26.88175640382265,10,10,2,33.48827362060547,30.155049274600994,5,10,1
419,1748167669.353857,32.36508369445801,30.631836250596123,10,10,0,46.584129333496094,26.630907391604698,10,10,0,34.38901901245117,30.104993784207196,5,10,0
420,1748167669.4682539,32.0889949798584,30.630076496613338,10,7,0,41.021108627319336,26.507272223984753,10,7,0,32.79519081115723,30.13012338997986,5,7,0
421,1748167669.575412,33.715009689331055,30.646667970512937,7,6,0,38.36393356323242,26.445094887126803,7,6,0,33.164024353027344,30.126978091885654,5,6,0
422,1748167669.681507,33.24484825134277,30.63587848502902,7,7,1,38.9251708984375,26.40816994698601,7,7,1,33.477067947387695,30.111398355551504,5,7,0
423,1748167669.787848,32.03988075256348,30.644354232021495,7,7,0,39.41988945007324,26.30787516895971,7,7,0,32.52291679382324,30.11426652712325,5,7,0
424,1748167669.892514,32.13381767272949,30.696468039637583,7,6,0,39.92414474487305,26.219469097358825,7,6,0,32.753944396972656,30.103877405569747,5,6,0
425,1748167669.998005,32.881736755371094,30.66847905167125,6,6,0,36.94510459899902,26.187841164419087,6,6,0,34.13891792297363,30.07651961823611,5,6,0
426,1748167670.102622,32.92489051818848,30.70454278144157,6,5,0,37.16301918029785,26.13664348563025,6,5,0,32.94110298156738,30.06144446453917,4,5,0
427,1748167670.206229,32.97019004821777,30.683024558295962,5,5,0,36.11111640930176,26.1379139293642,5,5,0,34.42716598510742,30.036938316305996,4,5,0
428,1748167670.310279,33.03718566894531,30.680765173832874,6,6,1,39.11900520324707,26.11838229708036,6,6,1,34.8050594329834,29.9725664418768,4,6,0
429,1748167670.417783,34.34395790100098,30.62376988715392,6,5,0,37.78481483459473,26.102317735241442,6,5,0,33.837080001831055,29.96019882491769,4,5,0
430,1748167670.5243342,33.46371650695801,30.598413141530386,5,5,0,36.195993423461914,26.09071371031703,5,5,0,33.44988822937012,29.966541930232218,4,5,0
431,1748167670.6279948,32.71484375,30.646518686518483,5,5,0,36.30208969116211,26.092504516400883,5,5,0,32.961130142211914,29.969561021339675,4,5,0
432,1748167670.730489,32.498836517333984,30.629882637776404,5,5,0,36.705970764160156,26.078671381571993,5,5,0,33.84208679199219,29.97056752023319,4,5,0
433,1748167670.834039,32.93895721435547,30.63740019279077,5,5,0,37.09816932678223,26.064334593577478,5,5,0,33.83231163024902,29.977900584076412,4,5,0
434,1748167670.938415,32.56487846374512,30.64733976648624,5,5,0,37.17398643493652,26.09012404247766,5,5,0,33.24389457702637,29.969011401546357,4,5,0
435,1748167671.042046,31.857967376708984,30.631530516111916,5,4,0,35.902976989746094,26.081211944337586,5,4,0,32.42301940917969,29.99029711885684,4,4,0
436,1748167671.1427479,33.071279525756836,30.652319439206984,4,4,0,35.144805908203125,26.124141092525324,4,4,0,33.072710037231445,29.985330129283597,4,4,0
437,1748167671.2445052,31.941890716552734,30.651251696938534,4,4,0,34.28006172180176,26.19809168792427,4,4,0,33.12397003173828,30.000028610256777,4,4,0
438,1748167671.344297,32.746076583862305,30.659026262710928,4,4,0,35.154104232788086,26.24122071433845,4,4,0,33.75840187072754,29.973351805476515,4,4,0
439,1748167671.446411,32.193899154663086,30.665011106792143,4,4,0,36.9570255279541,26.264680447631935,4,4,0,32.72390365600586,29.960819460215742,4,4,0
440,1748167671.5487318,32.29498863220215,30.667671787567553,4,4,0,35.12096405029297,26.328385453773933,4,4,0,33.39028358459473,29.949937103026073,4,4,0
441,1748167671.649975,33.63513946533203,30.648466957004647,4,4,0,35.15195846557617,26.38158781662372,4,4,0,33.06102752685547,29.938663735989724,4,4,0
442,1748167671.752256,32.57393836975098,30.63354400179182,4,4,0,35.45212745666504,26.420013757064353,4,4,0,33.843994140625,29.934361856937823,4,4,0
443,1748167671.85456,33.937931060791016,30.559621672977947,4,4,0,35.2938175201416,26.456471199712535,4,4,0,32.73296356201172,29.936099553275,4,4,0
444,1748167671.956964,32.03892707824707,30.561900364544837,4,4,0,34.57307815551758,26.53645862440937,4,4,0,34.47389602661133,29.926601659947423,4,4,0
445,1748167672.0585558,32.885074615478516,30.545845427667892,5,5,1,36.334991455078125,26.60852773011579,5,5,1,33.020973205566406,29.923164253470922,4,5,0
446,1748167672.1612742,31.711101531982422,30.582899608736422,5,5,0,36.67187690734863,26.69111442492687,5,5,0,33.14781188964844,29.93405564447523,4,5,0
447,1748167672.263308,32.13906288146973,30.586765364347976,5,4,0,35.08400917053223,26.80528338109804,5,4,0,33.17975997924805,29.96775520342992,4,4,0
448,1748167672.364207,34.12580490112305,30.55139300806948,4,4,0,35.16101837158203,27.018719123816943,4,4,0,33.32400321960449,29.972730650862765,4,4,0
449,1748167672.467288,32.62186050415039,30.543198429015636,4,4,0,35.083770751953125,27.301363992887666,4,4,0,34.7437858581543,29.96203940453632,4,4,0
450,1748167672.5701718,32.527923583984375,30.52952587069686,5,5,1,35.533905029296875,27.438260755794936,5,5,1,32.38701820373535,29.97422289324381,4,5,0
451,1748167672.671118,33.2331657409668,30.544444018291355,5,5,0,38.53416442871094,27.434067188316575,5,5,0,34.29293632507324,29.940238076882444,4,5,0
452,1748167672.777677,33.544063568115234,30.53514903431279,5,5,0,36.016225814819336,27.50723428051017,5,5,0,33.25915336608887,29.946608367592606,4,5,0
453,1748167672.881013,34.49392318725586,30.45888348760165,5,5,0,36.35525703430176,27.58460188386852,5,5,0,32.84096717834473,29.93705394774314,4,5,0
454,1748167672.985214,32.23609924316406,30.455949298949154,5,5,0,35.92491149902344,27.686326230067653,5,5,0,32.988786697387695,29.92991882972081,4,5,0
455,1748167673.0868638,34.003257751464844,30.42147442794027,5,5,0,37.13798522949219,27.681398797083787,5,5,0,33.004045486450195,29.963730368832934,4,5,0
456,1748167673.191514,33.738136291503906,30.39666438784705,5,5,0,37.3690128326416,27.67623570648688,5,5,0,33.637046813964844,29.94298110245102,4,5,0
457,1748167673.2967732,31.5859317779541,30.439136541395143,5,3,0,34.77001190185547,27.710355064117667,5,3,0,32.425880432128906,30.002875603674095,3,3,0
458,1748167673.396051,31.744956970214844,30.478995675794035,4,4,1,34.77191925048828,27.82198932042055,4,4,1,33.92386436462402,30.02931118010792,3,4,0
459,1748167673.4969568,32.92107582092285,30.52320876536238,4,4,0,37.63771057128906,27.825810051196044,4,4,0,34.681081771850586,30.00390580476985,3,4,0
460,1748167673.602648,32.588958740234375,30.550272946491614,4,4,0,34.05404090881348,27.881202159517574,4,4,0,32.23299980163574,30.040380397959638,3,4,0
461,1748167673.7019598,31.86511993408203,30.57661983953663,4,3,0,34.31415557861328,27.93287095669254,4,3,0,33.95986557006836,30.01042489745035,3,3,0
462,1748167673.8025239,32.23896026611328,30.584564737497864,3,3,0,33.33401679992676,28.020957854474386,3,3,0,32.876014709472656,30.039426575493355,3,3,0
463,1748167673.901406,32.006025314331055,30.613480633304235,4,4,1,36.002159118652344,28.04966629067709,4,4,1,32.84811973571777,30.0688508136784,3,4,0
464,1748167674.002662,32.11688995361328,30.627340331691816,6,6,2,36.110877990722656,28.07742488293553,6,6,2,32.79995918273926,30.08201308718968,3,6,0
465,1748167674.1041842,32.83095359802246,30.596731624689788,7,7,2,39.79897499084473,27.97544866525962,7,7,2,33.87022018432617,30.038286370978174,3,7,0
466,1748167674.211304,32.22012519836426,30.6234345019465,7,5,0,37.099599838256836,27.924514735205708,7,5,0,34.50798988342285,29.995237153066647,3,5,0
467,1748167674.31582,32.89175033569336,30.594046045297397,5,5,0,36.11111640930176,27.87702033931199,5,5,0,33.07223320007324,29.99687465805398,3,5,0
468,1748167674.418463,32.06992149353027,30.614962872741547,5,5,0,35.97903251647949,27.855605871966482,5,5,0,34.2562198638916,29.981914938737155,3,5,0
469,1748167674.5212622,33.08987617492676,30.586966112963275,5,5,0,36.597251892089844,27.86496370974439,5,5,0,33.10513496398926,29.970524689115855,3,5,0
470,1748167674.6245499,32.56702423095703,30.578581525916643,5,5,0,37.36400604248047,27.806999554483806,5,5,0,33.13398361206055,29.978186267736167,3,5,0
471,1748167674.728103,32.23705291748047,30.62199615537091,5,5,0,36.077022552490234,27.783097345738476,5,5,0,33.10704231262207,29.97686502645239,3,5,0
472,1748167674.8300219,33.26916694641113,30.60039995048649,5,5,0,36.10515594482422,27.766298940292224,5,5,0,32.47380256652832,30.017899219023416,3,5,0
473,1748167674.932384,31.951904296875,30.66238077518881,6,5,1,36.42702102661133,27.737170669770396,6,5,1,34.087181091308594,29.977193540433046,3,5,0
474,1748167675.035372,32.69505500793457,30.64176475200769,5,4,0,34.73305702209473,27.73311751470033,5,4,0,32.566070556640625,30.034335765837955,3,4,0
475,1748167675.135896,32.43088722229004,30.655829326015315,4,3,0,35.42900085449219,27.756413324848044,4,3,0,33.394813537597656,30.023127728865614,3,3,0
476,1748167675.237607,32.919883728027344,30.618009735149805,4,4,1,34.36589241027832,27.81573444729685,4,4,1,33.489227294921875,30.01297319421795,3,4,0
477,1748167675.338808,34.99603271484375,30.528992555609715,5,5,0,37.31703758239746,27.758311502804418,5,5,0,32.27114677429199,30.040401913450665,3,5,0
478,1748167675.443855,32.63425827026367,30.575341906541293,5,5,0,35.76970100402832,27.742656236254522,5,5,0,33.641815185546875,30.030909403776192,3,5,0
479,1748167675.5463989,32.988786697387695,30.56397894634057,5,5,0,36.88478469848633,27.696625293493174,5,5,0,33.219099044799805,30.076799995410642,3,5,0
480,1748167675.650002,33.63609313964844,30.529822164907806,5,5,0,37.91689872741699,27.635898499133777,5,5,0,33.34689140319824,30.04779072091561,3,5,0
481,1748167675.7554328,33.518075942993164,30.52112832183073,7,7,2,39.82901573181152,27.60302782083507,7,7,2,33.90383720397949,30.05951266125179,3,7,0
482,1748167675.8632581,33.6000919342041,30.51937386215518,7,6,0,38.790225982666016,27.532862757248516,7,6,0,33.45799446105957,30.053553643209778,4,6,1
483,1748167675.969784,32.649993896484375,30.576827885251163,7,6,1,37.245988845825195,27.510307418849163,7,6,1,34.78574752807617,29.995280054846713,4,6,0
484,1748167676.075223,33.4017276763916,30.540626015610947,7,7,1,38.21897506713867,27.45260394667486,7,7,1,33.394813537597656,29.983200902433225,4,7,0
485,1748167676.180922,32.4251651763916,30.589643012990297,7,7,0,39.88385200500488,27.383796504956127,7,7,0,33.0350399017334,29.982243563410872,4,7,0
486,1748167676.286943,33.38217735290527,30.60052646016821,7,6,0,38.85507583618164,27.346606480384764,7,6,0,33.11610221862793,29.99785438625434,4,6,0
487,1748167676.392996,32.557010650634766,30.570283232022856,7,5,1,36.154747009277344,27.31216703363872,7,5,1,32.483816146850586,29.99623822657891,4,5,0
488,1748167676.494863,70.14894485473633,29.41926759235641,7,6,2,48.19178581237793,26.9826233949537,7,6,2,35.568952560424805,29.94697898246675,4,6,0
489,1748167676.6494458,33.059120178222656,29.415203065205755,6,5,0,37.5518798828125,26.984781789101614,6,5,0,34.1031551361084,29.964351150455293,4,5,0
490,1748167676.754781,33.33711624145508,29.393819195561953,6,6,1,37.081003189086914,26.911658649219056,6,6,1,32.981157302856445,29.94228283007594,4,6,0
491,1748167676.858819,33.52665901184082,29.34617487205417,7,6,1,38.14125061035156,26.819623925838098,7,6,1,33.79487991333008,29.947221312536648,4,6,0
492,1748167676.964917,32.58013725280762,29.336377268963048,6,6,0,37.98484802246094,26.708807855072234,6,6,0,33.20908546447754,29.9372320131484,4,6,0
493,1748167677.069335,33.68067741394043,29.288557504596515,7,7,1,39.84189033508301,26.617882739188197,7,7,1,33.15877914428711,29.92805372102996,4,7,0
494,1748167677.176737,31.92615509033203,29.294285188134975,7,7,0,38.991689682006836,26.550059122455647,7,7,0,33.350229263305664,29.911740374832412,4,7,0
495,1748167677.281686,33.58793258666992,29.27276343752072,7,5,0,38.339853286743164,26.584320824269714,7,5,0,33.652305603027344,29.918205247028432,4,5,0
496,1748167677.387936,32.318830490112305,29.26985586187453,5,5,0,36.8962287902832,26.58912946458759,5,5,0,34.77001190185547,29.91033966526713,4,5,0
497,1748167677.492505,33.48588943481445,29.25289857498354,5,5,0,36.21935844421387,26.586539548467265,5,5,0,33.51092338562012,29.897199294988557,4,5,0
498,1748167677.596225,32.53006935119629,29.239785813527266,5,5,0,36.538124084472656,26.5734516204787,5,5,0,33.8590145111084,29.909031506792985,4,5,0
499,1748167677.699646,33.02407264709473,29.241803964438297,5,5,0,36.206960678100586,26.58256295894747,5,5,0,35.286903381347656,29.844179703870996,4,5,0
500,1748167677.804669,33.45012664794922,29.216627611821774,6,6,1,36.58175468444824,26.601046206613123,6,6,1,33.701181411743164,29.8275051202306,4,6,0
501,1748167677.908972,32.55605697631836,29.207695955577435,6,6,0,37.75310516357422,26.56169975802361,6,6,0,34.33823585510254,29.791100962067752,4,6,0
502,1748167678.0142899,32.57012367248535,29.227587709507848,6,5,0,36.80920600891113,26.545253402090303,6,5,0,33.04791450500488,29.774168580756285,4,5,0
503,1748167678.1172962,33.40792655944824,29.18618611374504,5,5,0,37.46485710144043,26.520915480667817,5,5,0,33.39886665344238,29.794451653233065,4,5,0
504,1748167678.222105,32.92703628540039,29.179607386251373,5,5,0,35.404205322265625,26.505195121982045,5,5,0,33.47301483154297,29.767730589153473,4,5,0
505,1748167678.324416,33.833980560302734,29.140325439244325,5,5,0,36.46492958068848,26.48088598260495,5,5,0,33.0500602722168,29.77790304636965,4,5,0
506,1748167678.4283001,32.61280059814453,29.148932325727177,5,5,0,36.85307502746582,26.42280991319029,5,5,0,33.9810848236084,29.763252403748922,4,5,0
507,1748167678.532249,32.36985206604004,29.223324849382585,5,5,0,36.29493713378906,26.44652889770609,5,5,0,33.408164978027344,29.729596524757632,4,5,0
508,1748167678.634836,32.733917236328125,29.220508514251105,5,5,0,37.44792938232422,26.407443916581023,5,5,0,33.48827362060547,29.734127824324734,4,5,0
509,1748167678.739027,32.792091369628906,29.225938079505887,6,6,1,37.52708435058594,26.392411315906767,6,6,1,33.92291069030762,29.713512788494416,4,6,0
510,1748167678.843807,33.946990966796875,29.217034651092806,6,6,0,38.00678253173828,26.390368779826485,6,6,0,32.739877700805664,29.731275403370436,4,6,0
511,1748167678.94911,34.670114517211914,29.184148557006207,7,6,1,38.67912292480469,26.41695197930129,7,6,1,34.35373306274414,29.71793390541681,4,6,0
512,1748167679.05743,33.26606750488281,29.193729580139124,7,6,1,37.91475296020508,26.43727170826562,7,6,1,33.28514099121094,29.722995242822954,4,6,0
513,1748167679.162566,33.048152923583984,29.182564739339178,7,6,1,38.162946701049805,26.415959272574593,7,6,1,33.11896324157715,29.7720481031455,4,6,0
514,1748167679.26757,32.04202651977539,29.22082744542973,6,5,0,36.92793846130371,26.44599529420666,6,5,0,32.16218948364258,29.80861046793426,4,5,0
515,1748167679.369328,33.96797180175781,29.17700919999295,5,5,0,36.03100776672363,26.536190002389393,5,5,0,33.9968204498291,29.780214656663652,4,5,0
516,1748167679.47386,32.58395195007324,29.199562525627826,5,5,0,36.28706932067871,26.596705477315172,5,5,0,34.18302536010742,29.748770901181516,4,5,0
517,1748167679.577431,33.6148738861084,29.16960961178161,5,5,0,36.10396385192871,26.597874860805664,5,5,0,33.50496292114258,29.718530506049913,4,5,0
518,1748167679.681163,32.41896629333496,30.280066706613628,6,5,1,38.02609443664551,26.839720760860107,6,5,1,34.044742584228516,29.76352697067954,4,5,0
519,1748167679.7861938,32.22012519836426,30.3057304314966,6,5,1,35.95995903015137,26.877909186080462,6,5,1,33.33401679992676,29.786171525802157,4,5,0
520,1748167679.888284,35.92705726623535,30.226770829604906,5,4,0,35.75396537780762,26.909874493845738,5,4,0,32.85670280456543,29.78966215971471,4,4,0
521,1748167679.9933639,33.326148986816406,30.23274063164116,5,5,1,35.752058029174805,26.967593654266302,5,5,1,34.42096710205078,29.771111244132626,4,5,0
522,1748167680.097365,32.26208686828613,30.24263012497555,6,6,1,36.52787208557129,27.00266401824254,6,6,1,33.07318687438965,29.775105632203054,4,6,0
523,1748167680.1997702,33.470869064331055,30.24909339830495,6,6,0,39.85786437988281,27.002229421627217,6,6,0,34.38591957092285,29.73886433282425,4,6,0
524,1748167680.308067,32.351016998291016,30.235922584154995,6,6,0,39.49785232543945,26.98996218633307,6,6,0,36.28182411193848,29.652677361154836,4,6,0
525,1748167680.416799,34.47890281677246,30.209216432315326,6,6,0,38.07497024536133,26.99638980030084,6,6,0,33.01095962524414,29.671661655328567,4,6,0
526,1748167680.522947,32.31191635131836,30.20948478339314,6,6,0,38.69891166687012,26.95280580606439,6,6,0,33.78891944885254,29.70039052403865,4,6,0
527,1748167680.6283321,32.486915588378906,30.239810124483242,7,6,0,37.1861457824707,26.929415246868256,7,6,0,33.28371047973633,29.707044889752876,4,6,0
528,1748167680.731905,32.17506408691406,30.250627831733883,6,6,0,39.430856704711914,26.859612662166338,6,6,0,33.674001693725586,29.712369126405846,4,6,0
529,1748167680.8378172,33.1568717956543,30.246301274305317,6,6,0,38.31291198730469,26.80906985108004,6,6,0,33.19597244262695,29.77399949504761,4,6,0
530,1748167680.943072,33.39791297912598,30.24774089887116,7,7,1,39.42608833312988,26.741019816928038,7,7,1,33.80393981933594,29.770892886971083,4,7,0
531,1748167681.050324,32.7610969543457,30.24148897895146,7,6,0,38.491249084472656,26.72333477608777,7,6,0,35.32695770263672,29.74164791107367,4,6,0
532,1748167681.157561,32.95087814331055,30.229791748600157,7,7,1,38.79404067993164,26.6761248179161,7,7,1,33.4169864654541,29.730706389795607,4,7,0
533,1748167681.263405,33.15591812133789,30.237441149160567,7,7,0,40.657997131347656,26.600601947736628,7,7,0,33.065080642700195,29.740579405278798,4,7,0
534,1748167681.370956,33.151865005493164,30.2306995946468,7,6,0,38.207054138183594,26.534746252201845,7,6,0,33.96320343017578,29.72628147203175,4,6,0
535,1748167681.4771001,32.75275230407715,30.263294669577494,6,5,0,37.16301918029785,26.518350013055894,6,5,0,32.447099685668945,29.744164826800432,4,5,0
536,1748167681.580085,33.19287300109863,30.24566148515097,5,5,0,37.53781318664551,26.50237033904231,5,5,0,34.13581848144531,29.740108443550714,4,5,0
537,1748167681.685498,32.404184341430664,30.244680043034617,7,7,1,37.29414939880371,26.478996892910093,7,7,1,33.46824645996094,29.73837234035513,4,7,0
538,1748167681.7892401,33.46395492553711,30.222472870319155,7,7,0,40.47799110412598,26.408413813483055,7,7,0,34.33799743652344,29.71333737448253,4,7,0
539,1748167681.8982148,32.60517120361328,30.228230380941305,7,6,0,39.05034065246582,26.37310013003247,7,6,0,32.877206802368164,29.74415076463544,4,6,0
540,1748167682.003422,35.47215461730957,30.181790008781395,8,8,2,39.37411308288574,26.341392952984375,8,8,2,33.67185592651367,29.71668463110244,4,8,0
541,1748167682.11268,34.02304649353027,30.201356586356372,8,8,0,41.400909423828125,26.278558004427897,8,8,0,34.2559814453125,29.71959742807833,4,8,0
542,1748167682.223138,33.354997634887695,30.198739962382707,8,7,0,40.63272476196289,26.2160985847208,8,7,0,33.10799598693848,29.724891055610716,4,7,0
543,1748167682.331017,33.306121826171875,30.190747933444086,7,7,0,39.21818733215332,26.191994931002775,7,7,0,33.67805480957031,29.708496765049553,4,7,0
544,1748167682.43795,32.74106979370117,30.169798916152647,7,7,0,40.24767875671387,26.116398215695604,7,7,0,34.979820251464844,29.62573555708804,4,7,0
545,1748167682.546588,33.04004669189453,30.198073194420743,7,7,0,39.636850357055664,26.03460394041235,7,7,0,34.829139709472656,29.6015234904776,4,7,0
546,1748167682.654774,33.284664154052734,30.17683900017387,7,6,0,40.64583778381348,25.936485158096584,7,6,0,33.669233322143555,29.616510231336623,4,6,0
547,1748167682.7630599,32.050132751464844,30.22444745658163,6,5,0,36.88192367553711,25.919057736891816,6,5,0,33.087968826293945,29.62882589628826,4,5,0
548,1748167682.865707,34.23571586608887,30.16931426249141,6,6,1,36.80992126464844,25.946336505490873,6,6,1,33.28299522399902,29.65109817991931,4,6,0
549,1748167682.970617,33.03408622741699,30.14457422617285,6,6,0,37.57476806640625,25.910123386423066,6,6,0,33.8900089263916,29.634841000417808,4,6,0
550,1748167683.075706,33.074140548706055,30.23090295963643,6,6,0,38.11383247375488,25.85726271947643,6,6,0,33.67209434509277,29.610871876017047,4,6,0
551,1748167683.181152,32.691001892089844,30.25028602502981,6,6,0,38.67626190185547,25.792330012946476,6,6,0,33.171892166137695,29.647605013762444,4,6,0
552,1748167683.2862709,31.821012496948242,30.263585818658207,6,6,0,36.6971492767334,25.78860858180721,6,6,0,32.86600112915039,29.65376052517901,4,6,0
553,1748167683.3882291,33.91408920288086,30.249813326358414,6,6,0,39.057016372680664,25.806443144622097,6,6,0,32.91893005371094,29.696885734751124,4,6,0
554,1748167683.494695,32.55009651184082,30.24374228007637,6,6,0,38.0702018737793,25.83815872826827,6,6,0,35.07590293884277,29.732350266217807,4,6,0
555,1748167683.600992,32.49692916870117,30.303825490360413,6,5,0,36.843061447143555,25.865676790043565,6,5,0,33.40792655944824,29.72056614732273,4,5,0
556,1748167683.70432,32.68313407897949,30.29234982215187,5,5,0,37.96720504760742,25.881988988096214,5,5,0,33.18285942077637,29.738597249178245,4,5,0
557,1748167683.808801,32.174110412597656,30.301906194197976,5,5,0,35.42208671569824,25.921519234548644,5,5,0,33.540964126586914,29.731050605281453,4,5,0
558,1748167683.910435,33.18500518798828,30.27115766155777,5,5,0,36.26513481140137,25.99262335634188,5,5,0,32.668113708496094,29.760809685114573,4,5,0
559,1748167684.013062,32.71603584289551,30.284716352272703,5,5,0,36.88383102416992,26.02488462144624,5,5,0,34.32583808898926,29.727426205394966,4,5,0
560,1748167684.117491,33.36811065673828,30.28580973648778,5,5,0,36.38911247253418,26.093673271663107,5,5,0,33.203840255737305,29.745085927565967,4,5,0
561,1748167684.220949,31.802892684936523,30.315098050742183,5,5,0,36.43012046813965,26.140514923756122,5,5,0,76.86901092529297,28.5684912970272,4,5,0
562,1748167684.3665679,32.55486488342285,30.327482704922833,6,6,1,36.93127632141113,26.18306214749222,6,6,1,34.38210487365723,28.542310874961892,4,6,0
563,1748167684.470967,33.03885459899902,30.331101371622346,6,6,0,38.03086280822754,26.243322328149148,6,6,0,31.934022903442383,28.573116739585434,4,6,0
564,1748167684.574564,32.193660736083984,30.360323559394622,6,4,0,36.47804260253906,26.283053526064542,6,4,0,33.605098724365234,28.5826967507541,4,4,0
565,1748167684.677417,32.65786170959473,30.363268657807694,6,6,2,35.76803207397461,26.315198173671064,6,6,2,32.69505500793457,28.575835615691727,4,6,0
566,1748167684.779114,32.47499465942383,30.38552921008421,6,4,0,36.097049713134766,26.348574627001625,6,4,0,33.14995765686035,28.602279151377196,4,4,0
567,1748167684.881415,32.70602226257324,30.376147351537746,5,5,1,35.527944564819336,26.389599451189806,5,5,1,34.32822227478027,28.57898990064172,4,5,0
568,1748167684.984527,33.306121826171875,30.381083291301405,5,4,0,35.60280799865723,26.503274650661105,5,4,0,32.57393836975098,28.62701960906543,4,4,0
569,1748167685.0865111,32.80806541442871,30.374871455676953,4,4,0,35.6447696685791,26.583197560827212,4,4,0,33.59794616699219,28.607253738998534,4,4,0
570,1748167685.189048,32.97281265258789,30.45176279258872,5,5,1,35.43996810913086,26.67616440586553,5,5,1,33.18524360656738,28.62051474980132,4,5,0
571,1748167685.2911391,33.598899841308594,30.46487895192142,6,6,1,39.30091857910156,26.726144418194128,6,6,1,38.21682929992676,28.51281828168677,4,6,0
572,1748167685.402812,33.58197212219238,30.457644866653983,6,6,0,37.5981330871582,26.798592568881254,6,6,0,35.427093505859375,28.45025195708488,4,6,0
573,1748167685.510012,33.387184143066406,30.455396437252805,6,6,0,37.6131534576416,26.837093247127573,6,6,0,33.85329246520996,28.44555688506879,4,6,0
574,1748167685.615453,32.032012939453125,30.477142709740427,6,5,0,36.55600547790527,26.926021079607683,6,5,0,34.798622131347656,28.450489967757544,4,5,0
575,1748167685.7194262,32.54890441894531,30.492290483081906,5,5,1,35.64000129699707,27.022943354506427,6,5,1,33.418893814086914,28.48848113652243,4,5,0
576,1748167685.821596,33.66398811340332,30.48050922161154,5,5,0,37.679195404052734,27.09523796193634,5,5,0,34.173011779785156,28.47491042549277,4,5,0
577,1748167685.927639,31.840085983276367,30.486919462168505,5,5,0,36.24868392944336,27.110778349577004,5,5,0,33.10585021972656,28.474427147002206,4,5,0
578,1748167686.029354,33.24484825134277,30.517597399668123,6,6,1,37.201881408691406,27.101149615416425,6,6,1,32.93895721435547,28.483650931016474,4,6,0
579,1748167686.133279,32.911062240600586,30.521513293554584,6,6,0,38.69915008544922,27.073661616237683,6,6,0,34.010887145996094,28.480408067370227,4,6,0
580,1748167686.239489,34.45887565612793,30.47878895925217,6,4,0,35.53318977355957,27.13691958116159,6,4,0,33.4930419921875,28.485359694982893,4,4,0
581,1748167686.3435462,32.35483169555664,30.489157773226733,4,4,0,36.60416603088379,27.18779675753601,4,4,0,32.47499465942383,28.504221295608943,4,4,0
582,1748167686.445475,32.382965087890625,30.471688472210584,4,4,0,34.82484817504883,27.233877509676827,4,4,0,33.10394287109375,28.497862475506118,4,4,0
583,1748167686.546219,34.3480110168457,30.45839687450075,5,5,1,36.48090362548828,27.297638541419897,5,5,1,33.4010124206543,28.48486961340625,4,5,0
584,1748167686.650916,32.97901153564453,30.44516843194067,5,5,0,36.1170768737793,27.346261774861517,5,5,0,33.89787673950195,28.516844047375958,4,5,0
585,1748167686.754414,33.37693214416504,30.418076823405183,7,7,1,37.628173828125,27.32672880285157,7,7,1,32.77707099914551,28.534880240199925,4,7,0
586,1748167686.8588061,32.742977142333984,30.416569471393892,7,5,0,38.565874099731445,27.311710561130102,7,5,0,34.37495231628418,28.502419879846386,4,5,0
587,1748167686.965201,32.732248306274414,30.399396211536633,5,5,0,36.23080253601074,27.291569832573085,5,5,0,32.78493881225586,28.5228492673727,4,5,0
588,1748167687.067518,34.19208526611328,30.368339668260436,5,4,0,35.4769229888916,27.311129618186307,5,4,0,32.75704383850098,28.520489541318504,4,4,0
589,1748167687.1704488,33.071041107177734,30.357554808882135,5,5,1,35.19105911254883,27.353240782808577,5,5,1,34.93499755859375,28.503879073661622,4,5,0
590,1748167687.274152,32.96208381652832,30.369886223758332,5,5,0,36.123037338256836,27.359872355942187,5,5,0,33.19597244262695,28.504092154286074,4,5,0
591,1748167687.376929,31.864166259765625,30.36801718364416,5,5,0,36.9420051574707,27.347206764194055,5,5,0,34.05117988586426,29.712832193699835,4,5,0
592,1748167687.480309,33.02502632141113,30.353424596070838,5,5,0,35.814762115478516,27.375003181770815,5,5,0,33.78415107727051,29.73043945266122,4,5,0
593,1748167687.583435,34.5919132232666,30.30599320079336,6,6,1,36.58103942871094,27.411171758997845,6,6,1,33.54501724243164,29.683070906541904,4,6,0
594,1748167687.688714,33.215999603271484,30.274770182739818,6,5,0,36.44204139709473,27.412073465654938,6,5,0,33.96296501159668,29.672683230630973,4,5,0
595,1748167687.792929,32.96208381652832,30.265463864832718,5,5,0,36.98396682739258,27.381698939346165,5,5,0,33.1568717956543,29.65916355058239,4,5,0
596,1748167687.8965719,32.357215881347656,30.268878429538667,5,5,0,36.22794151306152,27.37832682287559,5,5,0,33.36381912231445,29.652921939662967,4,5,0
597,1748167687.9990442,32.30881690979004,30.281232627817154,5,5,0,35.99905967712402,27.36654285700615,5,5,0,33.34784507751465,29.68158650758062,4,5,0
598,1748167688.1011999,32.79733657836914,30.29678439628847,5,5,0,36.029815673828125,27.35589302625297,5,5,0,33.653974533081055,29.649875478134977,4,5,0
599,1748167688.204179,33.135175704956055,30.286903199655704,5,4,0,35.25090217590332,27.36573341678893,5,4,0,33.42175483703613,29.65506741549201,4,4,0
