Frame,Time,Detection_Time_ms,Tracking_Time_ms,Total_Time_ms,Objects_Detected,Objects_Tracked,FPS,YOLO_Preprocess_ms,YOLO_Inference_ms,YOLO_Postprocess_ms,CUDA_Used,Notes
1,0.081,57.0,9.6,66.6,1,0,12.4,0.0,0.0,0.0,Yes,
2,0.311,38.1,67.6,105.7,1,0,6.4,0.0,0.0,0.0,Yes,
3,0.465,100.6,14.1,114.7,1,1,6.5,0.0,0.0,0.0,Yes,
4,0.550,37.0,18.5,55.5,1,1,7.3,0.0,0.0,0.0,Yes,
5,0.623,34.7,10.4,45.1,1,1,8.0,0.0,0.0,0.0,Yes,
6,0.714,47.9,8.4,56.3,1,1,8.4,0.0,0.0,0.0,Yes,
7,0.791,28.7,12.2,40.8,1,1,8.8,0.0,0.0,0.0,Yes,
8,0.865,37.8,9.8,47.6,1,1,9.3,0.0,0.0,0.0,Yes,
9,0.935,37.2,9.2,46.4,1,1,9.6,0.0,0.0,0.0,Yes,
10,1.002,34.4,9.1,43.5,1,1,10.0,0.0,0.0,0.0,Yes,
11,1.074,37.6,10.1,47.7,1,1,10.2,0.0,0.0,0.0,Yes,
12,1.143,34.8,10.5,45.3,1,1,10.5,0.0,0.0,0.0,Yes,
13,1.220,37.8,15.5,53.3,1,1,10.7,0.0,0.0,0.0,Yes,
14,1.293,37.2,10.4,47.5,1,1,10.8,0.0,0.0,0.0,Yes,
15,1.355,28.1,9.2,37.3,1,1,11.1,0.0,0.0,0.0,Yes,
16,1.418,30.3,9.0,39.3,1,1,11.3,0.0,0.0,0.0,Yes,
17,1.479,28.1,8.9,37.1,1,1,11.5,0.0,0.0,0.0,Yes,
18,1.545,32.3,10.2,42.4,1,1,11.7,0.0,0.0,0.0,Yes,
19,1.615,30.1,16.1,46.2,1,1,11.8,0.0,0.0,0.0,Yes,
20,1.677,29.9,8.5,38.3,1,1,11.9,0.0,0.0,0.0,Yes,
21,1.741,28.1,12.6,40.7,1,1,12.1,0.0,0.0,0.0,Yes,
22,1.838,70.5,3.2,73.8,0,0,12.0,0.0,0.0,0.0,Yes,
23,1.918,43.1,12.9,56.0,1,1,12.0,0.0,0.0,0.0,Yes,
24,1.998,44.0,13.7,57.7,1,1,12.0,0.0,0.0,0.0,Yes,
25,2.109,68.8,19.1,88.0,1,1,11.9,0.0,0.0,0.0,Yes,
26,2.288,121.6,33.3,154.9,1,1,11.4,0.0,0.0,0.0,Yes,
27,2.426,79.9,34.8,114.7,1,1,11.1,0.0,0.0,0.0,Yes,
28,2.534,63.5,21.9,85.4,1,1,11.0,0.0,0.0,0.0,Yes,
29,2.722,127.1,37.4,164.5,1,1,10.7,0.0,0.0,0.0,Yes,
30,2.853,104.4,4.0,108.4,0,0,10.5,0.0,0.0,0.0,Yes,
31,3.007,118.2,12.3,130.5,1,1,10.3,0.0,0.0,0.0,Yes,
32,3.189,127.1,31.6,158.7,1,1,10.0,0.0,0.0,0.0,Yes,
33,3.475,245.7,15.6,261.3,1,1,9.5,0.0,0.0,0.0,Yes,
34,3.721,142.5,78.7,221.2,1,1,9.1,0.0,0.0,0.0,Yes,
35,3.890,137.6,6.5,144.1,0,0,9.0,0.0,0.0,0.0,Yes,
36,4.010,89.2,5.9,95.1,0,0,9.0,0.0,0.0,0.0,Yes,
37,4.077,32.3,10.3,42.7,0,0,9.1,0.0,0.0,0.0,Yes,
38,4.158,34.4,22.4,56.8,1,0,9.1,0.0,0.0,0.0,Yes,
39,4.423,214.6,26.9,241.5,1,0,8.8,0.0,0.0,0.0,Yes,
40,4.708,248.7,9.6,258.4,1,1,8.5,0.0,0.0,0.0,Yes,
41,4.997,254.0,10.9,264.9,1,1,8.2,0.0,0.0,0.0,Yes,
42,5.282,251.6,8.4,260.1,1,1,8.0,0.0,0.0,0.0,Yes,
43,5.555,225.1,20.4,245.6,1,1,7.7,0.0,0.0,0.0,Yes,
44,5.827,225.3,22.6,247.9,1,1,7.6,0.0,0.0,0.0,Yes,
45,6.119,256.0,10.8,266.8,1,1,7.4,0.0,0.0,0.0,Yes,
46,6.327,146.6,33.8,180.4,1,1,7.3,0.0,0.0,0.0,Yes,
47,6.613,251.3,8.2,259.5,1,1,7.1,0.0,0.0,0.0,Yes,
48,6.884,218.0,28.3,246.2,1,1,7.0,0.0,0.0,0.0,Yes,
49,7.175,252.2,11.7,263.9,1,1,6.8,0.0,0.0,0.0,Yes,
50,7.464,255.3,10.1,265.3,1,1,6.7,0.0,0.0,0.0,Yes,
51,7.763,248.8,25.0,273.8,1,1,6.6,0.0,0.0,0.0,Yes,
52,8.034,172.4,72.6,245.0,1,1,6.5,0.0,0.0,0.0,Yes,
53,8.322,253.7,9.8,263.5,1,1,6.4,0.0,0.0,0.0,Yes,
54,8.610,225.1,38.3,263.4,1,1,6.3,0.0,0.0,0.0,Yes,
55,8.905,259.0,10.1,269.1,1,1,6.2,0.0,0.0,0.0,Yes,
56,9.206,267.6,8.4,276.1,1,1,6.1,0.0,0.0,0.0,Yes,
57,9.514,246.6,36.3,282.9,1,1,6.0,0.0,0.0,0.0,Yes,
58,9.784,152.1,92.3,244.4,1,1,5.9,0.0,0.0,0.0,Yes,
59,9.996,153.8,33.7,187.5,1,1,5.9,0.0,0.0,0.0,Yes,
60,10.233,173.8,36.5,210.3,1,1,5.9,0.0,0.0,0.0,Yes,
61,10.522,246.7,15.5,262.3,1,1,5.8,0.0,0.0,0.0,Yes,
62,10.806,249.3,9.7,259.0,1,1,5.7,0.0,0.0,0.0,Yes,
63,10.965,100.6,31.8,132.4,1,1,5.7,0.0,0.0,0.0,Yes,
64,11.168,141.3,35.7,177.0,1,1,5.7,0.0,0.0,0.0,Yes,
65,11.440,149.9,95.9,245.8,1,1,5.7,0.0,0.0,0.0,Yes,
66,11.737,251.2,18.9,270.1,1,1,5.6,0.0,0.0,0.0,Yes,
67,11.894,86.4,42.7,129.1,1,1,5.6,0.0,0.0,0.0,Yes,
68,12.090,132.2,35.6,167.7,1,1,5.6,0.0,0.0,0.0,Yes,
69,12.272,114.7,41.2,155.9,1,1,5.6,0.0,0.0,0.0,Yes,
70,12.558,252.3,8.3,260.6,1,1,5.6,0.0,0.0,0.0,Yes,
71,12.746,129.8,30.4,160.2,1,1,5.6,0.0,0.0,0.0,Yes,
72,13.031,251.3,7.9,259.2,1,1,5.5,0.0,0.0,0.0,Yes,
73,13.237,137.6,40.1,177.8,1,1,5.5,0.0,0.0,0.0,Yes,
74,13.526,250.8,12.2,263.0,1,1,5.5,0.0,0.0,0.0,Yes,
75,13.818,256.7,10.1,266.8,1,1,5.4,0.0,0.0,0.0,Yes,
76,14.112,257.3,8.8,266.1,1,1,5.4,0.0,0.0,0.0,Yes,
77,14.391,245.4,8.1,253.5,1,1,5.4,0.0,0.0,0.0,Yes,
78,14.678,252.2,9.8,262.0,1,1,5.3,0.0,0.0,0.0,Yes,
79,14.861,99.3,56.1,155.4,1,1,5.3,0.0,0.0,0.0,Yes,
80,15.152,229.3,37.4,266.7,1,1,5.3,0.0,0.0,0.0,Yes,
81,15.435,250.0,7.9,257.9,1,1,5.2,0.0,0.0,0.0,Yes,
82,15.720,250.5,8.4,258.9,1,1,5.2,0.0,0.0,0.0,Yes,
83,16.032,247.2,38.9,286.1,1,1,5.2,0.0,0.0,0.0,Yes,
84,16.306,234.6,14.1,248.7,1,1,5.2,0.0,0.0,0.0,Yes,
85,16.609,259.2,16.2,275.4,1,1,5.1,0.0,0.0,0.0,Yes,
86,16.884,215.7,30.8,246.5,1,1,5.1,0.0,0.0,0.0,Yes,
87,17.124,148.4,67.3,215.8,1,1,5.1,0.0,0.0,0.0,Yes,
88,17.325,105.9,66.2,172.1,1,1,5.1,0.0,0.0,0.0,Yes,
89,17.565,167.6,45.0,212.6,1,1,5.1,0.0,0.0,0.0,Yes,
90,17.803,134.5,79.4,214.0,1,1,5.1,0.0,0.0,0.0,Yes,
91,18.038,174.7,33.2,207.8,1,1,5.0,0.0,0.0,0.0,Yes,
92,18.244,125.3,54.4,179.7,1,1,5.0,0.0,0.0,0.0,Yes,
93,18.488,167.1,53.7,220.8,1,1,5.0,0.0,0.0,0.0,Yes,
94,18.746,174.0,57.7,231.7,1,1,5.0,0.0,0.0,0.0,Yes,
95,18.979,161.7,46.5,208.3,1,1,5.0,0.0,0.0,0.0,Yes,
96,19.247,191.0,52.7,243.7,1,1,5.0,0.0,0.0,0.0,Yes,
97,19.433,116.6,44.8,161.4,1,1,5.0,0.0,0.0,0.0,Yes,
98,19.705,213.7,32.9,246.6,1,1,5.0,0.0,0.0,0.0,Yes,
99,19.977,208.8,38.4,247.2,1,1,5.0,0.0,0.0,0.0,Yes,
100,20.249,185.4,60.1,245.4,1,1,4.9,0.0,0.0,0.0,Yes,
101,20.522,217.4,30.8,248.2,1,1,4.9,0.0,0.0,0.0,Yes,
102,20.792,196.3,49.4,245.7,1,1,4.9,0.0,0.0,0.0,Yes,
103,21.053,160.0,76.7,236.7,1,1,4.9,0.0,0.0,0.0,Yes,
104,21.250,121.1,50.7,171.8,1,1,4.9,0.0,0.0,0.0,Yes,
105,21.455,130.3,50.1,180.4,1,1,4.9,0.0,0.0,0.0,Yes,
106,21.724,162.8,80.5,243.3,1,1,4.9,0.0,0.0,0.0,Yes,
107,21.964,150.9,64.1,215.0,1,1,4.9,0.0,0.0,0.0,Yes,
108,22.235,184.3,62.2,246.5,1,1,4.9,0.0,0.0,0.0,Yes,
109,22.439,140.8,38.8,179.5,1,1,4.9,0.0,0.0,0.0,Yes,
110,22.696,192.6,38.9,231.5,1,1,4.8,0.0,0.0,0.0,Yes,
111,22.933,150.1,60.9,211.0,1,1,4.8,0.0,0.0,0.0,Yes,
112,23.119,125.7,36.3,162.0,1,1,4.8,0.0,0.0,0.0,Yes,
113,23.394,225.6,23.0,248.6,1,1,4.8,0.0,0.0,0.0,Yes,
114,23.663,178.9,66.3,245.2,1,1,4.8,0.0,0.0,0.0,Yes,
115,23.932,183.2,61.5,244.7,1,1,4.8,0.0,0.0,0.0,Yes,
116,24.216,248.5,10.8,259.3,1,1,4.8,0.0,0.0,0.0,Yes,
117,24.493,213.3,38.8,252.1,1,1,4.8,0.0,0.0,0.0,Yes,
118,24.766,202.5,46.1,248.6,1,1,4.8,0.0,0.0,0.0,Yes,
119,25.057,245.2,20.9,266.2,1,1,4.7,0.0,0.0,0.0,Yes,
120,25.329,218.2,29.2,247.4,1,1,4.7,0.0,0.0,0.0,Yes,
121,25.598,152.3,91.8,244.2,1,1,4.7,0.0,0.0,0.0,Yes,
122,25.818,131.5,62.9,194.4,1,1,4.7,0.0,0.0,0.0,Yes,
123,26.097,222.4,30.9,253.3,1,1,4.7,0.0,0.0,0.0,Yes,
124,26.376,216.4,38.2,254.6,1,1,4.7,0.0,0.0,0.0,Yes,
125,26.586,148.7,36.7,185.5,1,1,4.7,0.0,0.0,0.0,Yes,
126,26.861,210.8,39.2,250.0,1,1,4.7,0.0,0.0,0.0,Yes,
127,27.124,201.1,37.5,238.6,1,1,4.7,0.0,0.0,0.0,Yes,
128,27.409,223.3,37.9,261.2,1,1,4.7,0.0,0.0,0.0,Yes,
129,27.656,156.6,65.8,222.4,1,1,4.7,0.0,0.0,0.0,Yes,
130,27.899,143.9,75.6,219.6,1,1,4.7,0.0,0.0,0.0,Yes,
131,28.098,133.1,42.4,175.4,1,1,4.7,0.0,0.0,0.0,Yes,
132,28.364,174.3,68.1,242.4,1,1,4.7,0.0,0.0,0.0,Yes,
133,28.634,185.2,60.2,245.5,1,1,4.6,0.0,0.0,0.0,Yes,
134,28.904,179.2,65.4,244.6,1,1,4.6,0.0,0.0,0.0,Yes,
135,29.134,169.4,36.4,205.8,1,1,4.6,0.0,0.0,0.0,Yes,
136,29.404,178.0,66.4,244.4,1,1,4.6,0.0,0.0,0.0,Yes,
137,29.677,228.8,20.9,249.7,1,1,4.6,0.0,0.0,0.0,Yes,
138,29.930,169.7,58.8,228.5,1,1,4.6,0.0,0.0,0.0,Yes,
139,30.156,134.6,67.0,201.6,1,1,4.6,0.0,0.0,0.0,Yes,
140,30.391,173.5,37.8,211.3,1,1,4.6,0.0,0.0,0.0,Yes,
141,30.625,155.6,53.1,208.7,1,1,4.6,0.0,0.0,0.0,Yes,
142,30.898,207.8,40.5,248.4,1,1,4.6,0.0,0.0,0.0,Yes,
143,31.174,233.3,18.7,252.0,1,1,4.6,0.0,0.0,0.0,Yes,
144,31.398,159.1,40.0,199.1,1,1,4.6,0.0,0.0,0.0,Yes,
145,31.649,165.6,61.4,227.0,1,1,4.6,0.0,0.0,0.0,Yes,
146,31.909,183.6,51.5,235.2,1,1,4.6,0.0,0.0,0.0,Yes,
147,32.152,172.1,46.3,218.4,1,1,4.6,0.0,0.0,0.0,Yes,
148,32.430,245.1,9.3,254.4,1,1,4.6,0.0,0.0,0.0,Yes,
149,32.705,186.8,63.7,250.5,1,1,4.6,0.0,0.0,0.0,Yes,
150,32.976,209.6,37.7,247.3,1,1,4.5,0.0,0.0,0.0,Yes,
151,33.250,237.8,12.0,249.7,1,1,4.5,0.0,0.0,0.0,Yes,
152,33.424,114.3,34.8,149.2,1,1,4.5,0.0,0.0,0.0,Yes,
153,33.680,128.7,103.9,232.7,1,1,4.5,0.0,0.0,0.0,Yes,
154,33.907,153.0,49.4,202.4,1,1,4.5,0.0,0.0,0.0,Yes,
155,34.189,245.8,12.8,258.6,1,1,4.5,0.0,0.0,0.0,Yes,
156,34.456,193.1,50.6,243.8,1,1,4.5,0.0,0.0,0.0,Yes,
157,34.734,241.9,11.7,253.5,1,1,4.5,0.0,0.0,0.0,Yes,
158,34.984,164.3,60.0,224.3,1,1,4.5,0.0,0.0,0.0,Yes,
159,35.221,149.3,65.0,214.3,1,1,4.5,0.0,0.0,0.0,Yes,
160,35.488,168.6,74.1,242.7,1,1,4.5,0.0,0.0,0.0,Yes,
161,35.675,128.7,34.1,162.8,1,1,4.5,0.0,0.0,0.0,Yes,
162,35.931,173.4,58.6,231.9,1,1,4.5,0.0,0.0,0.0,Yes,
163,36.204,227.5,21.6,249.1,1,1,4.5,0.0,0.0,0.0,Yes,
164,36.444,168.9,45.8,214.7,1,1,4.5,0.0,0.0,0.0,Yes,
165,36.657,148.4,40.6,189.0,1,1,4.5,0.0,0.0,0.0,Yes,
166,36.927,200.7,46.8,247.5,1,1,4.5,0.0,0.0,0.0,Yes,
167,37.193,201.6,40.4,242.0,1,1,4.5,0.0,0.0,0.0,Yes,
168,37.460,162.2,81.2,243.3,1,1,4.5,0.0,0.0,0.0,Yes,
169,37.730,207.9,39.4,247.3,1,1,4.5,0.0,0.0,0.0,Yes,
170,37.989,164.9,68.0,232.9,1,1,4.5,0.0,0.0,0.0,Yes,
171,38.256,184.4,58.4,242.8,1,1,4.5,0.0,0.0,0.0,Yes,
172,38.490,156.8,52.6,209.4,1,1,4.5,0.0,0.0,0.0,Yes,
173,38.707,149.1,43.9,193.0,1,1,4.5,0.0,0.0,0.0,Yes,
174,38.933,133.7,69.0,202.7,1,1,4.5,0.0,0.0,0.0,Yes,
175,39.199,186.4,56.1,242.5,1,1,4.5,0.0,0.0,0.0,Yes,
176,39.426,149.3,54.4,203.7,1,1,4.5,0.0,0.0,0.0,Yes,
177,39.696,208.7,38.2,246.9,1,1,4.5,0.0,0.0,0.0,Yes,
178,39.974,245.5,8.2,253.7,1,1,4.5,0.0,0.0,0.0,Yes,
179,40.248,240.1,10.7,250.8,1,1,4.4,0.0,0.0,0.0,Yes,
180,40.523,201.2,50.5,251.6,1,1,4.4,0.0,0.0,0.0,Yes,
181,40.724,128.5,47.6,176.1,1,1,4.4,0.0,0.0,0.0,Yes,
182,40.989,191.1,49.2,240.3,1,1,4.4,0.0,0.0,0.0,Yes,
183,41.261,199.1,47.2,246.3,1,1,4.4,0.0,0.0,0.0,Yes,
184,41.499,170.7,44.3,215.1,1,1,4.4,0.0,0.0,0.0,Yes,
185,41.757,184.4,49.5,233.9,1,1,4.4,0.0,0.0,0.0,Yes,
186,42.005,176.1,48.2,224.2,1,1,4.4,0.0,0.0,0.0,Yes,
187,42.211,135.0,47.2,182.2,1,1,4.4,0.0,0.0,0.0,Yes,
188,42.481,220.2,26.5,246.7,1,1,4.4,0.0,0.0,0.0,Yes,
189,42.689,132.4,51.4,183.7,1,1,4.4,0.0,0.0,0.0,Yes,
190,42.898,143.8,41.1,184.9,1,1,4.4,0.0,0.0,0.0,Yes,
191,43.149,164.8,61.7,226.5,1,1,4.4,0.0,0.0,0.0,Yes,
192,43.376,151.3,52.0,203.4,1,1,4.4,0.0,0.0,0.0,Yes,
193,43.621,164.8,56.6,221.4,1,1,4.4,0.0,0.0,0.0,Yes,
194,43.890,189.8,52.3,242.1,1,1,4.4,0.0,0.0,0.0,Yes,
195,44.090,126.6,50.2,176.8,1,1,4.4,0.0,0.0,0.0,Yes,
196,44.361,211.2,35.6,246.8,1,1,4.4,0.0,0.0,0.0,Yes,
197,44.606,182.1,38.3,220.4,1,1,4.4,0.0,0.0,0.0,Yes,
198,44.833,157.7,45.2,202.9,1,1,4.4,0.0,0.0,0.0,Yes,
199,45.041,133.3,51.4,184.6,1,1,4.4,0.0,0.0,0.0,Yes,
200,45.311,191.4,54.9,246.3,1,1,4.4,0.0,0.0,0.0,Yes,
201,45.540,171.5,33.9,205.3,1,1,4.4,0.0,0.0,0.0,Yes,
202,45.809,202.6,42.1,244.7,1,1,4.4,0.0,0.0,0.0,Yes,
203,46.082,223.8,25.9,249.8,1,1,4.4,0.0,0.0,0.0,Yes,
204,46.357,198.9,53.4,252.3,1,1,4.4,0.0,0.0,0.0,Yes,
205,46.621,183.0,57.4,240.4,1,1,4.4,0.0,0.0,0.0,Yes,
206,46.832,155.0,29.6,184.7,1,1,4.4,0.0,0.0,0.0,Yes,
207,47.041,137.0,48.0,185.1,1,1,4.4,0.0,0.0,0.0,Yes,
208,47.289,159.4,64.8,224.2,1,1,4.4,0.0,0.0,0.0,Yes,
209,47.524,177.6,34.0,211.6,1,1,4.4,0.0,0.0,0.0,Yes,
210,47.756,165.3,43.0,208.3,1,1,4.4,0.0,0.0,0.0,Yes,
211,47.947,133.7,34.1,167.8,1,1,4.4,0.0,0.0,0.0,Yes,
212,48.109,91.7,44.9,136.6,1,1,4.4,0.0,0.0,0.0,Yes,
213,48.259,92.8,33.2,126.0,1,1,4.4,0.0,0.0,0.0,Yes,
214,48.440,112.0,45.0,157.1,1,1,4.4,0.0,0.0,0.0,Yes,
215,48.581,92.4,25.7,118.1,1,1,4.4,0.0,0.0,0.0,Yes,
216,48.756,121.1,30.4,151.5,1,1,4.4,0.0,0.0,0.0,Yes,
217,48.958,140.3,37.3,177.6,1,1,4.4,0.0,0.0,0.0,Yes,
218,49.181,137.8,59.4,197.2,1,1,4.4,0.0,0.0,0.0,Yes,
219,49.450,198.5,47.6,246.2,1,1,4.4,0.0,0.0,0.0,Yes,
220,49.640,110.2,55.9,166.0,1,1,4.4,0.0,0.0,0.0,Yes,
221,49.913,241.3,9.1,250.4,1,1,4.4,0.0,0.0,0.0,Yes,
222,50.149,152.8,59.8,212.5,1,1,4.4,0.0,0.0,0.0,Yes,
223,50.422,218.0,32.0,250.0,1,1,4.4,0.0,0.0,0.0,Yes,
224,50.688,176.2,66.5,242.7,1,1,4.4,0.0,0.0,0.0,Yes,
225,50.960,227.2,20.9,248.1,1,1,4.4,0.0,0.0,0.0,Yes,
226,51.220,175.7,59.3,235.0,1,1,4.4,0.0,0.0,0.0,Yes,
227,51.490,180.2,66.4,246.6,1,1,4.4,0.0,0.0,0.0,Yes,
228,51.765,229.5,21.8,251.3,1,1,4.4,0.0,0.0,0.0,Yes,
229,51.939,115.4,35.0,150.4,1,1,4.4,0.0,0.0,0.0,Yes,
230,52.188,157.6,66.0,223.6,1,1,4.4,0.0,0.0,0.0,Yes,
231,52.451,189.7,48.2,238.0,1,1,4.4,0.0,0.0,0.0,Yes,
232,52.730,195.1,59.1,254.1,1,1,4.4,0.0,0.0,0.0,Yes,
233,53.015,240.4,21.1,261.6,1,1,4.4,0.0,0.0,0.0,Yes,
234,53.289,240.1,10.8,250.9,1,1,4.4,0.0,0.0,0.0,Yes,
235,53.559,194.7,52.2,246.9,1,1,4.4,0.0,0.0,0.0,Yes,
236,53.828,177.8,67.4,245.2,1,1,4.4,0.0,0.0,0.0,Yes,
237,54.067,171.8,44.6,216.4,1,1,4.4,0.0,0.0,0.0,Yes,
238,54.305,184.0,29.4,213.4,1,1,4.4,0.0,0.0,0.0,Yes,
239,54.540,161.5,49.9,211.4,1,1,4.4,0.0,0.0,0.0,Yes,
240,54.728,136.0,28.1,164.2,1,1,4.4,0.0,0.0,0.0,Yes,
241,54.883,87.1,44.2,131.4,1,1,4.4,0.0,0.0,0.0,Yes,
242,55.105,159.1,37.0,196.1,1,1,4.4,0.0,0.0,0.0,Yes,
243,55.334,142.8,62.1,204.9,1,1,4.4,0.0,0.0,0.0,Yes,
244,55.606,191.3,57.1,248.3,1,1,4.4,0.0,0.0,0.0,Yes,
245,55.849,161.4,58.3,219.7,1,1,4.4,0.0,0.0,0.0,Yes,
246,56.107,200.1,34.2,234.3,1,1,4.4,0.0,0.0,0.0,Yes,
247,56.320,159.0,30.1,189.0,1,1,4.4,0.0,0.0,0.0,Yes,
248,56.587,195.0,47.5,242.5,1,1,4.4,0.0,0.0,0.0,Yes,
249,56.856,196.1,49.5,245.6,1,1,4.4,0.0,0.0,0.0,Yes,
250,57.129,208.2,42.2,250.4,1,1,4.4,0.0,0.0,0.0,Yes,
251,57.408,246.0,8.7,254.8,1,1,4.4,0.0,0.0,0.0,Yes,
252,57.649,179.8,36.9,216.7,1,1,4.4,0.0,0.0,0.0,Yes,
253,57.932,249.1,10.5,259.6,1,1,4.4,0.0,0.0,0.0,Yes,
254,58.179,152.2,69.8,222.0,1,1,4.4,0.0,0.0,0.0,Yes,
255,58.382,139.9,38.2,178.1,1,1,4.4,0.0,0.0,0.0,Yes,
256,58.593,146.7,40.7,187.4,1,1,4.4,0.0,0.0,0.0,Yes,
257,58.775,136.8,20.8,157.6,1,1,4.4,0.0,0.0,0.0,Yes,
258,58.966,106.5,61.0,167.6,1,1,4.4,0.0,0.0,0.0,Yes,
259,59.166,132.0,44.8,176.7,1,1,4.4,0.0,0.0,0.0,Yes,
260,59.340,107.9,42.2,150.1,1,1,4.4,0.0,0.0,0.0,Yes,
261,59.553,142.0,46.8,188.8,1,1,4.4,0.0,0.0,0.0,Yes,
262,59.766,129.4,60.3,189.7,1,1,4.4,0.0,0.0,0.0,Yes,
263,60.023,184.0,48.2,232.2,1,1,4.4,0.0,0.0,0.0,Yes,
264,60.295,205.9,41.6,247.4,1,1,4.4,0.0,0.0,0.0,Yes,
265,60.552,170.3,62.2,232.5,1,1,4.4,0.0,0.0,0.0,Yes,
266,60.809,176.6,53.5,230.1,1,1,4.4,0.0,0.0,0.0,Yes,
267,61.080,224.1,22.6,246.7,1,1,4.4,0.0,0.0,0.0,Yes,
268,61.301,145.3,52.4,197.6,1,1,4.4,0.0,0.0,0.0,Yes,
269,61.557,184.6,47.4,232.0,1,1,4.4,0.0,0.0,0.0,Yes,
270,61.826,183.1,61.9,244.9,1,1,4.4,0.0,0.0,0.0,Yes,
271,62.074,154.8,69.6,224.4,1,1,4.4,0.0,0.0,0.0,Yes,
272,62.344,224.1,21.9,246.0,1,1,4.4,0.0,0.0,0.0,Yes,
273,62.570,155.7,46.1,201.8,1,1,4.4,0.0,0.0,0.0,Yes,
274,62.844,226.4,22.4,248.8,1,1,4.4,0.0,0.0,0.0,Yes,
275,63.105,190.7,46.6,237.3,1,1,4.4,0.0,0.0,0.0,Yes,
276,63.374,204.0,42.0,246.0,1,1,4.4,0.0,0.0,0.0,Yes,
277,63.641,210.3,32.7,243.0,1,1,4.4,0.0,0.0,0.0,Yes,
278,63.890,200.2,22.6,222.7,1,1,4.4,0.0,0.0,0.0,Yes,
279,64.066,100.2,52.2,152.4,1,1,4.4,0.0,0.0,0.0,Yes,
280,64.297,140.7,65.5,206.2,1,1,4.4,0.0,0.0,0.0,Yes,
281,64.517,145.3,51.0,196.4,1,1,4.4,0.0,0.0,0.0,Yes,
282,64.797,215.3,38.8,254.2,1,1,4.4,0.0,0.0,0.0,Yes,
283,65.033,135.7,77.2,212.9,1,1,4.4,0.0,0.0,0.0,Yes,
284,65.266,150.4,58.8,209.2,1,1,4.4,0.0,0.0,0.0,Yes,
285,65.490,176.0,23.5,199.5,1,1,4.4,0.0,0.0,0.0,Yes,
286,65.714,154.0,45.2,199.2,1,1,4.4,0.0,0.0,0.0,Yes,
287,65.876,109.1,28.7,137.8,1,1,4.4,0.0,0.0,0.0,Yes,
288,66.092,146.1,44.8,190.8,1,1,4.4,0.0,0.0,0.0,Yes,
289,66.307,153.1,37.7,190.8,1,1,4.4,0.0,0.0,0.0,Yes,
290,66.579,223.9,22.8,246.7,1,1,4.4,0.0,0.0,0.0,Yes,
291,66.817,150.2,63.8,214.0,1,1,4.4,0.0,0.0,0.0,Yes,
292,67.051,147.9,61.0,208.9,1,1,4.4,0.0,0.0,0.0,Yes,
293,67.313,163.9,72.9,236.8,1,1,4.4,0.0,0.0,0.0,Yes,
294,67.584,201.0,46.7,247.7,1,1,4.4,0.0,0.0,0.0,Yes,
295,67.823,167.2,48.9,216.1,1,1,4.3,0.0,0.0,0.0,Yes,
296,68.078,169.2,61.5,230.7,1,1,4.3,0.0,0.0,0.0,Yes,
297,68.331,169.6,59.7,229.3,1,1,4.3,0.0,0.0,0.0,Yes,
298,68.601,187.1,59.9,247.0,1,1,4.3,0.0,0.0,0.0,Yes,
299,68.873,179.8,68.6,248.4,1,1,4.3,0.0,0.0,0.0,Yes,
300,69.142,208.0,37.0,245.0,1,1,4.3,0.0,0.0,0.0,Yes,
301,69.393,164.3,62.8,227.1,1,1,4.3,0.0,0.0,0.0,Yes,
302,69.663,203.6,41.6,245.2,1,1,4.3,0.0,0.0,0.0,Yes,
303,69.934,201.0,45.0,246.0,1,1,4.3,0.0,0.0,0.0,Yes,
304,70.203,198.5,47.1,245.6,1,1,4.3,0.0,0.0,0.0,Yes,
305,70.480,212.6,40.0,252.6,1,1,4.3,0.0,0.0,0.0,Yes,
306,70.724,166.5,52.6,219.0,1,1,4.3,0.0,0.0,0.0,Yes,
307,71.020,232.1,39.3,271.5,1,1,4.3,0.0,0.0,0.0,Yes,
308,71.291,192.4,49.1,241.5,1,1,4.3,0.0,0.0,0.0,Yes,
309,71.472,114.7,42.8,157.5,1,1,4.3,0.0,0.0,0.0,Yes,
310,71.665,118.9,49.8,168.7,1,1,4.3,0.0,0.0,0.0,Yes,
311,71.849,121.0,39.8,160.8,1,1,4.3,0.0,0.0,0.0,Yes,
312,72.094,158.6,60.4,219.0,1,1,4.3,0.0,0.0,0.0,Yes,
313,72.292,115.2,59.3,174.5,1,1,4.3,0.0,0.0,0.0,Yes,
314,72.534,145.6,70.1,215.7,1,1,4.3,0.0,0.0,0.0,Yes,
315,72.784,165.4,59.7,225.1,1,1,4.3,0.0,0.0,0.0,Yes,
316,73.028,161.3,58.5,219.8,1,1,4.3,0.0,0.0,0.0,Yes,
317,73.225,121.7,51.5,173.2,1,1,4.3,0.0,0.0,0.0,Yes,
318,73.508,246.0,14.1,260.1,2,1,4.3,0.0,0.0,0.0,Yes,
319,73.576,32.8,11.8,44.6,1,0,4.3,0.0,0.0,0.0,Yes,
320,73.836,190.0,46.5,236.5,1,1,4.3,0.0,0.0,0.0,Yes,
321,74.060,123.6,75.6,199.2,2,1,4.3,0.0,0.0,0.0,Yes,
322,74.150,48.7,13.9,62.6,2,1,4.3,0.0,0.0,0.0,Yes,
323,74.224,33.5,16.4,50.0,2,2,4.4,0.0,0.0,0.0,Yes,
324,74.289,31.5,9.6,41.1,1,1,4.4,0.0,0.0,0.0,Yes,
325,74.560,191.9,54.8,246.7,2,2,4.4,0.0,0.0,0.0,Yes,
326,74.632,35.1,11.1,46.1,1,1,4.4,0.0,0.0,0.0,Yes,
327,74.907,230.7,19.7,250.4,1,1,4.4,0.0,0.0,0.0,Yes,
328,75.177,207.3,38.4,245.7,1,1,4.4,0.0,0.0,0.0,Yes,
329,75.469,247.8,20.0,267.7,1,1,4.4,0.0,0.0,0.0,Yes,
330,75.734,228.8,12.2,240.9,1,1,4.4,0.0,0.0,0.0,Yes,
331,76.010,232.7,18.7,251.4,1,1,4.4,0.0,0.0,0.0,Yes,
332,76.231,155.1,41.4,196.5,1,1,4.4,0.0,0.0,0.0,Yes,
333,76.372,86.9,30.7,117.5,1,1,4.4,0.0,0.0,0.0,Yes,
334,76.601,162.5,42.3,204.8,1,1,4.4,0.0,0.0,0.0,Yes,
335,76.792,132.0,35.7,167.7,1,1,4.4,0.0,0.0,0.0,Yes,
336,76.974,110.2,48.7,158.9,1,1,4.4,0.0,0.0,0.0,Yes,
337,77.157,120.5,38.1,158.6,1,1,4.4,0.0,0.0,0.0,Yes,
338,77.340,124.3,33.1,157.4,1,1,4.4,0.0,0.0,0.0,Yes,
339,77.524,112.5,47.0,159.5,1,1,4.4,0.0,0.0,0.0,Yes,
340,77.790,180.7,61.9,242.6,1,1,4.4,0.0,0.0,0.0,Yes,
341,78.063,235.5,13.2,248.7,1,1,4.4,0.0,0.0,0.0,Yes,
342,78.322,177.2,59.0,236.2,1,1,4.4,0.0,0.0,0.0,Yes,
343,78.592,211.6,35.4,247.0,1,1,4.4,0.0,0.0,0.0,Yes,
344,78.790,124.5,50.6,175.1,1,1,4.4,0.0,0.0,0.0,Yes,
345,79.057,209.3,33.5,242.8,1,1,4.4,0.0,0.0,0.0,Yes,
346,79.327,220.8,25.7,246.4,1,1,4.4,0.0,0.0,0.0,Yes,
347,79.540,125.0,64.4,189.3,1,1,4.4,0.0,0.0,0.0,Yes,
348,79.707,110.3,34.5,144.8,1,1,4.4,0.0,0.0,0.0,Yes,
349,79.977,210.0,36.4,246.5,1,1,4.4,0.0,0.0,0.0,Yes,
350,80.240,172.2,65.4,237.7,1,1,4.4,0.0,0.0,0.0,Yes,
351,80.524,226.1,33.1,259.3,1,1,4.4,0.0,0.0,0.0,Yes,
352,80.801,239.8,14.0,253.8,1,1,4.4,0.0,0.0,0.0,Yes,
353,81.072,196.9,50.1,247.0,1,1,4.4,0.0,0.0,0.0,Yes,
354,81.291,157.3,38.0,195.3,1,1,4.4,0.0,0.0,0.0,Yes,
355,81.467,101.6,50.2,151.8,1,1,4.4,0.0,0.0,0.0,Yes,
356,81.636,119.6,26.4,146.0,1,1,4.4,0.0,0.0,0.0,Yes,
357,81.830,127.2,42.9,170.1,1,1,4.4,0.0,0.0,0.0,Yes,
358,82.024,143.6,26.0,169.6,1,1,4.4,0.0,0.0,0.0,Yes,
359,82.219,112.2,59.3,171.4,1,1,4.4,0.0,0.0,0.0,Yes,
360,82.457,161.4,51.9,213.3,1,1,4.4,0.0,0.0,0.0,Yes,
361,82.722,194.4,46.6,241.1,1,1,4.4,0.0,0.0,0.0,Yes,
362,82.991,181.2,61.6,242.8,1,1,4.4,0.0,0.0,0.0,Yes,
363,83.222,168.6,38.4,207.0,1,1,4.4,0.0,0.0,0.0,Yes,
364,83.447,160.5,41.0,201.5,1,1,4.4,0.0,0.0,0.0,Yes,
365,83.740,248.7,20.7,269.4,1,1,4.4,0.0,0.0,0.0,Yes,
366,84.003,209.5,29.2,238.7,1,1,4.4,0.0,0.0,0.0,Yes,
367,84.218,129.9,61.0,190.9,1,1,4.4,0.0,0.0,0.0,Yes,
368,84.470,165.2,63.4,228.6,1,1,4.4,0.0,0.0,0.0,Yes,
369,84.660,120.0,45.7,165.7,1,1,4.4,0.0,0.0,0.0,Yes,
370,84.876,154.9,39.0,193.9,1,1,4.4,0.0,0.0,0.0,Yes,
371,85.119,151.6,67.2,218.7,1,1,4.4,0.0,0.0,0.0,Yes,
372,85.314,133.7,36.7,170.4,1,1,4.4,0.0,0.0,0.0,Yes,
373,85.490,117.2,36.5,153.7,1,1,4.4,0.0,0.0,0.0,Yes,
374,85.759,193.8,49.5,243.3,1,1,4.4,0.0,0.0,0.0,Yes,
375,86.007,172.8,51.2,224.0,1,1,4.4,0.0,0.0,0.0,Yes,
376,86.192,113.2,47.5,160.7,1,1,4.4,0.0,0.0,0.0,Yes,
377,86.386,127.1,44.2,171.3,1,1,4.4,0.0,0.0,0.0,Yes,
378,86.547,107.0,30.3,137.3,1,1,4.4,0.0,0.0,0.0,Yes,
379,86.740,126.0,43.1,169.1,1,1,4.4,0.0,0.0,0.0,Yes,
380,86.925,118.0,42.5,160.5,1,1,4.4,0.0,0.0,0.0,Yes,
381,87.139,155.8,34.5,190.3,1,1,4.4,0.0,0.0,0.0,Yes,
382,87.327,126.8,38.3,165.0,1,1,4.4,0.0,0.0,0.0,Yes,
383,87.509,122.1,35.7,157.7,1,1,4.4,0.0,0.0,0.0,Yes,
384,87.743,157.1,53.1,210.2,1,1,4.4,0.0,0.0,0.0,Yes,
385,87.958,163.7,26.7,190.3,1,1,4.4,0.0,0.0,0.0,Yes,
386,88.146,104.6,57.9,162.5,1,1,4.4,0.0,0.0,0.0,Yes,
387,88.357,144.2,43.6,187.7,1,1,4.4,0.0,0.0,0.0,Yes,
388,88.575,143.3,49.8,193.1,1,1,4.4,0.0,0.0,0.0,Yes,
389,88.773,141.4,30.9,172.3,1,1,4.4,0.0,0.0,0.0,Yes,
390,88.946,91.5,58.0,149.5,1,1,4.4,0.0,0.0,0.0,Yes,
391,89.209,194.7,43.9,238.7,1,1,4.4,0.0,0.0,0.0,Yes,
392,89.465,117.0,114.2,231.2,1,1,4.4,0.0,0.0,0.0,Yes,
393,89.641,93.6,58.4,152.0,1,1,4.4,0.0,0.0,0.0,Yes,
394,89.890,139.8,84.7,224.5,2,1,4.4,0.0,0.0,0.0,Yes,
395,89.991,34.5,42.5,77.0,1,0,4.4,0.0,0.0,0.0,Yes,
396,90.263,194.1,54.0,248.1,1,1,4.4,0.0,0.0,0.0,Yes,
397,90.525,151.7,86.7,238.4,1,1,4.4,0.0,0.0,0.0,Yes,
398,90.797,209.8,35.9,245.7,1,1,4.4,0.0,0.0,0.0,Yes,
399,90.975,119.4,35.5,154.9,1,1,4.4,0.0,0.0,0.0,Yes,
400,91.172,107.9,64.5,172.4,1,1,4.4,0.0,0.0,0.0,Yes,
401,91.370,131.6,43.3,174.9,1,1,4.4,0.0,0.0,0.0,Yes,
402,91.544,124.2,26.5,150.7,1,1,4.4,0.0,0.0,0.0,Yes,
403,91.765,137.6,59.2,196.8,1,1,4.4,0.0,0.0,0.0,Yes,
404,91.913,93.6,30.3,123.9,1,1,4.4,0.0,0.0,0.0,Yes,
405,92.110,130.4,43.8,174.3,1,1,4.4,0.0,0.0,0.0,Yes,
406,92.378,222.1,22.0,244.1,1,1,4.4,0.0,0.0,0.0,Yes,
407,92.648,186.9,59.9,246.8,1,1,4.4,0.0,0.0,0.0,Yes,
408,92.893,171.8,50.5,222.3,1,1,4.4,0.0,0.0,0.0,Yes,
409,93.144,151.8,75.4,227.2,1,1,4.4,0.0,0.0,0.0,Yes,
410,93.410,169.5,70.4,239.9,1,1,4.4,0.0,0.0,0.0,Yes,
411,93.679,202.6,42.4,245.0,1,1,4.4,0.0,0.0,0.0,Yes,
412,93.887,106.7,77.1,183.8,1,1,4.4,0.0,0.0,0.0,Yes,
413,94.147,162.6,72.4,235.0,1,1,4.4,0.0,0.0,0.0,Yes,
414,94.376,168.1,37.2,205.3,1,1,4.4,0.0,0.0,0.0,Yes,
415,94.559,126.4,32.4,158.8,1,1,4.4,0.0,0.0,0.0,Yes,
416,94.802,167.5,52.4,219.8,1,1,4.4,0.0,0.0,0.0,Yes,
417,95.075,181.9,67.5,249.5,2,1,4.4,0.0,0.0,0.0,Yes,
418,95.146,33.3,13.3,46.6,2,1,4.4,0.0,0.0,0.0,Yes,
419,95.212,30.1,12.1,42.2,1,1,4.4,0.0,0.0,0.0,Yes,
420,95.419,146.6,36.3,182.9,1,1,4.4,0.0,0.0,0.0,Yes,
421,95.624,138.0,41.9,179.9,1,1,4.4,0.0,0.0,0.0,Yes,
422,95.893,159.1,83.8,242.8,1,1,4.4,0.0,0.0,0.0,Yes,
423,96.091,126.2,47.5,173.7,1,1,4.4,0.0,0.0,0.0,Yes,
424,96.335,160.0,60.3,220.3,1,1,4.4,0.0,0.0,0.0,Yes,
425,96.608,205.4,43.0,248.4,1,1,4.4,0.0,0.0,0.0,Yes,
426,96.799,110.6,56.7,167.3,1,1,4.4,0.0,0.0,0.0,Yes,
427,96.987,129.4,34.6,164.0,1,1,4.4,0.0,0.0,0.0,Yes,
428,97.252,197.3,44.7,242.0,1,1,4.4,0.0,0.0,0.0,Yes,
429,97.509,166.7,67.0,233.7,1,1,4.4,0.0,0.0,0.0,Yes,
430,97.778,174.8,70.8,245.6,1,1,4.4,0.0,0.0,0.0,Yes,
431,98.041,159.5,78.6,238.1,1,1,4.4,0.0,0.0,0.0,Yes,
432,98.241,124.2,51.6,175.8,1,1,4.4,0.0,0.0,0.0,Yes,
433,98.458,144.0,50.1,194.1,1,1,4.4,0.0,0.0,0.0,Yes,
434,98.693,166.5,41.6,208.1,1,1,4.4,0.0,0.0,0.0,Yes,
435,98.861,108.3,35.8,144.0,1,1,4.4,0.0,0.0,0.0,Yes,
436,99.123,189.3,48.8,238.1,1,1,4.4,0.0,0.0,0.0,Yes,
437,99.358,166.6,43.4,210.0,1,1,4.4,0.0,0.0,0.0,Yes,
438,99.517,105.6,29.7,135.3,1,1,4.4,0.0,0.0,0.0,Yes,
439,99.691,106.9,42.0,148.9,1,1,4.4,0.0,0.0,0.0,Yes,
440,99.962,173.7,72.9,246.6,1,1,4.4,0.0,0.0,0.0,Yes,
441,100.225,159.2,80.0,239.2,1,1,4.4,0.0,0.0,0.0,Yes,
442,100.465,145.7,70.0,215.7,1,1,4.4,0.0,0.0,0.0,Yes,
443,100.697,162.5,45.6,208.1,1,1,4.4,0.0,0.0,0.0,Yes,
444,100.969,194.3,55.1,249.4,1,1,4.4,0.0,0.0,0.0,Yes,
445,101.226,163.2,69.9,233.1,1,1,4.4,0.0,0.0,0.0,Yes,
446,101.441,145.5,43.8,189.3,1,1,4.4,0.0,0.0,0.0,Yes,
447,101.628,120.8,41.8,162.7,1,1,4.4,0.0,0.0,0.0,Yes,
448,101.851,129.5,69.0,198.6,1,1,4.4,0.0,0.0,0.0,Yes,
449,102.029,109.9,45.6,155.5,1,1,4.4,0.0,0.0,0.0,Yes,
450,102.236,127.0,55.7,182.7,1,1,4.4,0.0,0.0,0.0,Yes,
451,102.425,111.6,53.4,165.0,1,1,4.4,0.0,0.0,0.0,Yes,
452,102.608,103.8,54.8,158.6,1,1,4.4,0.0,0.0,0.0,Yes,
453,102.802,105.5,64.7,170.3,1,1,4.4,0.0,0.0,0.0,Yes,
454,102.993,129.2,35.9,165.1,1,1,4.4,0.0,0.0,0.0,Yes,
455,103.206,146.5,42.5,188.9,1,1,4.4,0.0,0.0,0.0,Yes,
456,103.394,136.3,27.5,163.8,1,1,4.4,0.0,0.0,0.0,Yes,
457,103.613,136.3,59.0,195.2,1,1,4.4,0.0,0.0,0.0,Yes,
458,103.883,175.5,67.6,243.0,2,1,4.4,0.0,0.0,0.0,Yes,
459,103.956,32.1,13.6,45.7,1,0,4.4,0.0,0.0,0.0,Yes,
460,104.160,129.1,49.7,178.8,1,1,4.4,0.0,0.0,0.0,Yes,
461,104.413,174.3,53.8,228.1,1,1,4.4,0.0,0.0,0.0,Yes,
462,104.624,114.3,70.6,184.9,2,1,4.4,0.0,0.0,0.0,Yes,
463,104.724,60.9,14.6,75.6,2,1,4.4,0.0,0.0,0.0,Yes,
464,104.794,33.3,13.0,46.2,2,2,4.4,0.0,0.0,0.0,Yes,
465,104.869,32.2,15.4,47.6,2,2,4.4,0.0,0.0,0.0,Yes,
466,104.940,33.2,12.8,46.0,1,1,4.4,0.0,0.0,0.0,Yes,
467,105.156,190.0,1.6,191.6,0,0,4.4,0.0,0.0,0.0,Yes,
468,105.235,54.1,1.4,55.6,0,0,4.4,0.0,0.0,0.0,Yes,
469,105.297,36.2,1.7,37.9,0,0,4.5,0.0,0.0,0.0,Yes,
470,105.358,33.6,1.4,35.0,0,0,4.5,0.0,0.0,0.0,Yes,
471,105.419,35.0,2.1,37.1,0,0,4.5,0.0,0.0,0.0,Yes,
472,105.478,32.1,1.4,33.5,0,0,4.5,0.0,0.0,0.0,Yes,
473,105.538,34.7,1.5,36.2,0,0,4.5,0.0,0.0,0.0,Yes,
474,105.600,36.2,1.4,37.5,0,0,4.5,0.0,0.0,0.0,Yes,
475,105.662,36.9,1.4,38.3,0,0,4.5,0.0,0.0,0.0,Yes,
476,105.723,35.2,1.9,37.1,0,0,4.5,0.0,0.0,0.0,Yes,
477,105.780,30.8,1.5,32.2,0,0,4.5,0.0,0.0,0.0,Yes,
478,105.844,37.3,1.4,38.7,0,0,4.5,0.0,0.0,0.0,Yes,
479,105.904,33.8,1.4,35.2,0,0,4.5,0.0,0.0,0.0,Yes,
480,105.960,30.6,1.4,32.1,0,0,4.5,0.0,0.0,0.0,Yes,
481,106.020,33.3,1.5,34.8,0,0,4.5,0.0,0.0,0.0,Yes,
482,106.078,30.0,1.5,31.5,0,0,4.5,0.0,0.0,0.0,Yes,
483,106.139,33.6,1.7,35.3,0,0,4.6,0.0,0.0,0.0,Yes,
484,106.197,31.6,1.4,33.1,0,0,4.6,0.0,0.0,0.0,Yes,
485,106.258,35.0,1.4,36.4,0,0,4.6,0.0,0.0,0.0,Yes,
486,106.315,31.1,1.5,32.6,0,0,4.6,0.0,0.0,0.0,Yes,
487,106.373,31.4,1.7,33.1,0,0,4.6,0.0,0.0,0.0,Yes,
488,106.433,33.9,1.5,35.5,0,0,4.6,0.0,0.0,0.0,Yes,
489,106.493,33.6,1.5,35.1,0,0,4.6,0.0,0.0,0.0,Yes,
490,106.550,30.4,1.4,31.8,0,0,4.6,0.0,0.0,0.0,Yes,
491,106.611,35.5,1.4,36.9,0,0,4.6,0.0,0.0,0.0,Yes,
492,106.672,35.4,1.5,36.9,0,0,4.6,0.0,0.0,0.0,Yes,
493,106.730,31.5,1.6,33.1,0,0,4.6,0.0,0.0,0.0,Yes,
494,106.790,31.5,1.5,33.0,0,0,4.6,0.0,0.0,0.0,Yes,
495,106.852,35.6,1.4,37.1,0,0,4.6,0.0,0.0,0.0,Yes,
496,106.913,34.7,1.4,36.2,0,0,4.6,0.0,0.0,0.0,Yes,
497,106.976,36.4,1.4,37.8,0,0,4.6,0.0,0.0,0.0,Yes,
498,107.035,34.3,0.1,34.4,0,0,4.7,0.0,0.0,0.0,Yes,
499,107.094,34.8,0.1,34.9,0,0,4.7,0.0,0.0,0.0,Yes,
500,107.154,35.1,0.1,35.2,0,0,4.7,0.0,0.0,0.0,Yes,
501,107.213,34.0,0.1,34.1,0,0,4.7,0.0,0.0,0.0,Yes,
502,107.272,35.0,0.1,35.1,0,0,4.7,0.0,0.0,0.0,Yes,
503,107.330,33.1,0.1,33.2,0,0,4.7,0.0,0.0,0.0,Yes,
504,107.393,38.3,0.1,38.4,0,0,4.7,0.0,0.0,0.0,Yes,
505,107.452,34.0,0.1,34.1,0,0,4.7,0.0,0.0,0.0,Yes,
506,107.512,33.5,0.1,33.6,0,0,4.7,0.0,0.0,0.0,Yes,
507,107.571,33.4,0.1,33.5,0,0,4.7,0.0,0.0,0.0,Yes,
508,107.629,33.4,0.1,33.5,0,0,4.7,0.0,0.0,0.0,Yes,
509,107.687,33.0,0.1,33.1,0,0,4.7,0.0,0.0,0.0,Yes,
510,107.744,31.9,0.1,32.0,0,0,4.7,0.0,0.0,0.0,Yes,
511,107.807,37.9,0.1,38.0,0,0,4.7,0.0,0.0,0.0,Yes,
512,107.868,35.9,0.1,36.0,0,0,4.7,0.0,0.0,0.0,Yes,
513,107.926,33.2,0.1,33.2,0,0,4.8,0.0,0.0,0.0,Yes,
514,107.986,35.1,0.1,35.2,0,0,4.8,0.0,0.0,0.0,Yes,
515,108.044,33.7,0.1,33.8,0,0,4.8,0.0,0.0,0.0,Yes,
516,108.104,34.7,0.1,34.9,0,0,4.8,0.0,0.0,0.0,Yes,
517,108.163,33.5,0.1,33.6,0,0,4.8,0.0,0.0,0.0,Yes,
518,108.225,35.7,0.1,35.8,0,0,4.8,0.0,0.0,0.0,Yes,
519,108.288,37.9,0.1,38.0,0,0,4.8,0.0,0.0,0.0,Yes,
520,108.346,32.9,0.1,33.0,0,0,4.8,0.0,0.0,0.0,Yes,
521,108.402,31.1,0.1,31.1,0,0,4.8,0.0,0.0,0.0,Yes,
522,108.462,34.9,0.1,35.0,0,0,4.8,0.0,0.0,0.0,Yes,
523,108.519,32.6,0.1,32.7,0,0,4.8,0.0,0.0,0.0,Yes,
524,108.577,33.0,0.1,33.1,0,0,4.8,0.0,0.0,0.0,Yes,
525,108.639,37.4,0.1,37.5,0,0,4.8,0.0,0.0,0.0,Yes,
526,108.697,33.3,0.1,33.4,0,0,4.8,0.0,0.0,0.0,Yes,
527,108.760,37.4,0.1,37.5,0,0,4.8,0.0,0.0,0.0,Yes,
528,108.818,34.0,0.1,34.0,0,0,4.9,0.0,0.0,0.0,Yes,
529,108.875,32.3,0.1,32.4,0,0,4.9,0.0,0.0,0.0,Yes,
530,108.937,35.1,0.1,35.2,0,0,4.9,0.0,0.0,0.0,Yes,
531,108.993,31.1,0.1,31.2,0,0,4.9,0.0,0.0,0.0,Yes,
532,109.057,39.0,0.1,39.1,0,0,4.9,0.0,0.0,0.0,Yes,
533,109.112,30.6,0.1,30.6,0,0,4.9,0.0,0.0,0.0,Yes,
534,109.172,35.1,0.1,35.2,0,0,4.9,0.0,0.0,0.0,Yes,
535,109.232,35.0,0.1,35.1,0,0,4.9,0.0,0.0,0.0,Yes,
536,109.293,36.1,0.1,36.2,0,0,4.9,0.0,0.0,0.0,Yes,
537,109.352,34.3,0.1,34.4,0,0,4.9,0.0,0.0,0.0,Yes,
538,109.410,33.0,0.1,33.1,0,0,4.9,0.0,0.0,0.0,Yes,
539,109.470,35.5,0.1,35.5,0,0,4.9,0.0,0.0,0.0,Yes,
540,109.532,36.7,0.1,36.8,0,0,4.9,0.0,0.0,0.0,Yes,
541,109.588,32.0,0.1,32.1,0,0,4.9,0.0,0.0,0.0,Yes,
542,109.647,32.5,0.1,32.6,0,0,4.9,0.0,0.0,0.0,Yes,
543,109.705,32.0,0.1,32.1,0,0,4.9,0.0,0.0,0.0,Yes,
544,109.764,33.9,0.1,34.0,0,0,5.0,0.0,0.0,0.0,Yes,
545,109.822,32.5,0.1,32.5,0,0,5.0,0.0,0.0,0.0,Yes,
546,109.879,32.5,0.1,32.6,0,0,5.0,0.0,0.0,0.0,Yes,
547,109.934,30.4,0.1,30.4,0,0,5.0,0.0,0.0,0.0,Yes,
548,109.990,32.3,0.1,32.4,0,0,5.0,0.0,0.0,0.0,Yes,
549,110.049,34.0,0.1,34.0,0,0,5.0,0.0,0.0,0.0,Yes,
550,110.106,32.2,0.1,32.3,0,0,5.0,0.0,0.0,0.0,Yes,
551,110.167,36.1,0.1,36.1,0,0,5.0,0.0,0.0,0.0,Yes,
552,110.226,34.5,0.1,34.5,0,0,5.0,0.0,0.0,0.0,Yes,
553,110.286,35.2,0.1,35.3,0,0,5.0,0.0,0.0,0.0,Yes,
554,110.344,31.6,0.1,31.6,0,0,5.0,0.0,0.0,0.0,Yes,
555,110.405,35.4,0.1,35.5,0,0,5.0,0.0,0.0,0.0,Yes,
556,110.467,36.6,0.1,36.7,0,0,5.0,0.0,0.0,0.0,Yes,
557,110.524,32.3,0.1,32.4,0,0,5.0,0.0,0.0,0.0,Yes,
558,110.584,35.4,0.1,35.5,0,0,5.0,0.0,0.0,0.0,Yes,
559,110.641,31.9,0.1,32.0,0,0,5.1,0.0,0.0,0.0,Yes,
560,110.700,34.1,0.1,34.2,0,0,5.1,0.0,0.0,0.0,Yes,
561,110.763,38.6,0.1,38.7,0,0,5.1,0.0,0.0,0.0,Yes,
562,110.821,32.6,0.1,32.7,0,0,5.1,0.0,0.0,0.0,Yes,
563,110.881,35.7,0.1,35.8,0,0,5.1,0.0,0.0,0.0,Yes,
564,110.938,32.9,0.1,33.0,0,0,5.1,0.0,0.0,0.0,Yes,
565,110.996,33.4,0.1,33.5,0,0,5.1,0.0,0.0,0.0,Yes,
566,111.057,34.4,0.1,34.5,0,0,5.1,0.0,0.0,0.0,Yes,
567,111.117,34.6,0.1,34.7,0,0,5.1,0.0,0.0,0.0,Yes,
568,111.180,37.7,0.1,37.8,0,0,5.1,0.0,0.0,0.0,Yes,
569,111.238,33.0,0.1,33.2,0,0,5.1,0.0,0.0,0.0,Yes,
570,111.296,32.6,0.1,32.7,0,0,5.1,0.0,0.0,0.0,Yes,
571,111.356,36.1,0.1,36.1,0,0,5.1,0.0,0.0,0.0,Yes,
572,111.419,36.9,0.1,36.9,0,0,5.1,0.0,0.0,0.0,Yes,
573,111.480,35.5,0.1,35.6,0,0,5.1,0.0,0.0,0.0,Yes,
574,111.536,31.9,0.1,32.0,0,0,5.1,0.0,0.0,0.0,Yes,
575,111.593,32.0,0.1,32.1,0,0,5.2,0.0,0.0,0.0,Yes,
576,111.650,32.8,0.1,32.8,0,0,5.2,0.0,0.0,0.0,Yes,
577,111.710,35.6,0.1,35.7,0,0,5.2,0.0,0.0,0.0,Yes,
578,111.770,33.6,0.1,33.7,0,0,5.2,0.0,0.0,0.0,Yes,
579,111.831,34.7,0.1,34.8,0,0,5.2,0.0,0.0,0.0,Yes,
580,111.892,35.9,0.1,36.0,0,0,5.2,0.0,0.0,0.0,Yes,
581,111.948,30.8,0.1,30.9,0,0,5.2,0.0,0.0,0.0,Yes,
582,112.007,34.5,0.1,34.6,0,0,5.2,0.0,0.0,0.0,Yes,
583,112.068,35.9,0.1,35.9,0,0,5.2,0.0,0.0,0.0,Yes,
584,112.127,33.9,0.1,34.0,0,0,5.2,0.0,0.0,0.0,Yes,
585,112.195,36.0,6.2,42.2,1,0,5.2,0.0,0.0,0.0,Yes,
586,112.262,33.8,8.7,42.5,1,0,5.2,0.0,0.0,0.0,Yes,
587,112.331,35.4,8.5,43.9,1,1,5.2,0.0,0.0,0.0,Yes,
588,112.402,36.6,9.1,45.7,1,1,5.2,0.0,0.0,0.0,Yes,
589,112.472,35.5,9.6,45.1,1,1,5.2,0.0,0.0,0.0,Yes,
590,112.543,34.3,10.0,44.3,1,1,5.2,0.0,0.0,0.0,Yes,
591,112.612,33.7,9.8,43.6,1,1,5.2,0.0,0.0,0.0,Yes,
592,112.674,33.8,3.8,37.6,0,0,5.3,0.0,0.0,0.0,Yes,
593,112.735,33.6,1.6,35.2,0,0,5.3,0.0,0.0,0.0,Yes,
594,112.795,34.0,1.4,35.4,0,0,5.3,0.0,0.0,0.0,Yes,
595,112.864,42.6,1.6,44.2,0,0,5.3,0.0,0.0,0.0,Yes,
596,112.944,37.3,17.6,54.9,1,0,5.3,0.0,0.0,0.0,Yes,
597,113.011,33.3,9.2,42.5,1,0,5.3,0.0,0.0,0.0,Yes,
598,113.083,36.2,10.3,46.5,1,1,5.3,0.0,0.0,0.0,Yes,
599,113.142,32.9,1.5,34.5,0,0,5.3,0.0,0.0,0.0,Yes,
600,113.211,31.1,13.3,44.4,1,1,5.3,0.0,0.0,0.0,Yes,
601,113.278,32.7,9.6,42.3,1,1,5.3,0.0,0.0,0.0,Yes,
602,113.349,34.9,8.9,43.8,1,1,5.3,0.0,0.0,0.0,Yes,
603,113.418,33.7,9.8,43.6,1,1,5.3,0.0,0.0,0.0,Yes,
604,113.492,37.3,11.5,48.8,1,1,5.3,0.0,0.0,0.0,Yes,
605,113.562,34.5,11.3,45.8,1,1,5.3,0.0,0.0,0.0,Yes,
606,113.695,81.1,27.1,108.2,1,1,5.3,0.0,0.0,0.0,Yes,
607,113.825,84.7,21.6,106.3,1,1,5.3,0.0,0.0,0.0,Yes,
608,113.941,72.3,20.2,92.5,1,1,5.3,0.0,0.0,0.0,Yes,
609,114.089,98.1,24.9,123.0,1,1,5.3,0.0,0.0,0.0,Yes,
610,114.247,103.5,31.2,134.8,1,1,5.3,0.0,0.0,0.0,Yes,
611,114.404,102.4,30.9,133.3,1,1,5.3,0.0,0.0,0.0,Yes,
612,114.549,95.6,25.8,121.3,1,1,5.3,0.0,0.0,0.0,Yes,
613,114.728,124.4,28.7,153.1,1,1,5.3,0.0,0.0,0.0,Yes,
614,114.919,127.9,35.1,163.1,1,1,5.3,0.0,0.0,0.0,Yes,
615,115.136,129.1,61.6,190.8,1,1,5.3,0.0,0.0,0.0,Yes,
616,115.310,110.2,38.0,148.2,1,1,5.3,0.0,0.0,0.0,Yes,
617,115.573,166.1,65.4,231.5,1,1,5.3,0.0,0.0,0.0,Yes,
618,115.841,207.6,35.4,243.0,1,1,5.3,0.0,0.0,0.0,Yes,
619,116.111,192.2,53.9,246.1,1,1,5.3,0.0,0.0,0.0,Yes,
620,116.359,157.2,66.7,224.0,1,1,5.3,0.0,0.0,0.0,Yes,
621,116.630,206.5,39.7,246.3,1,1,5.3,0.0,0.0,0.0,Yes,
622,116.899,183.5,61.0,244.5,1,1,5.3,0.0,0.0,0.0,Yes,
623,117.168,185.5,60.1,245.6,1,1,5.3,0.0,0.0,0.0,Yes,
624,117.441,160.8,86.6,247.4,1,1,5.3,0.0,0.0,0.0,Yes,
625,117.710,180.2,64.6,244.9,1,1,5.3,0.0,0.0,0.0,Yes,
626,117.982,211.9,34.2,246.1,1,1,5.3,0.0,0.0,0.0,Yes,
627,118.184,124.7,53.2,178.0,1,1,5.3,0.0,0.0,0.0,Yes,
628,118.419,164.6,44.2,208.8,1,1,5.3,0.0,0.0,0.0,Yes,
629,118.626,134.1,50.0,184.2,1,1,5.3,0.0,0.0,0.0,Yes,
630,118.878,178.9,48.7,227.5,1,1,5.3,0.0,0.0,0.0,Yes,
631,119.137,145.7,88.9,234.6,1,1,5.3,0.0,0.0,0.0,Yes,
632,119.404,162.0,78.4,240.4,1,1,5.3,0.0,0.0,0.0,Yes,
633,119.676,185.7,62.0,247.7,1,1,5.3,0.0,0.0,0.0,Yes,
634,119.945,181.8,62.5,244.4,1,1,5.3,0.0,0.0,0.0,Yes,
635,120.201,168.9,62.2,231.1,1,1,5.3,0.0,0.0,0.0,Yes,
636,120.475,230.6,19.0,249.6,1,1,5.3,0.0,0.0,0.0,Yes,
637,120.718,155.4,63.8,219.1,1,1,5.3,0.0,0.0,0.0,Yes,
638,120.991,194.9,52.6,247.5,1,1,5.3,0.0,0.0,0.0,Yes,
639,121.243,142.3,85.2,227.4,1,1,5.3,0.0,0.0,0.0,Yes,
640,121.473,136.2,69.3,205.5,1,1,5.3,0.0,0.0,0.0,Yes,
641,121.739,186.6,51.9,238.5,1,1,5.3,0.0,0.0,0.0,Yes,
642,122.010,193.6,52.1,245.7,1,1,5.3,0.0,0.0,0.0,Yes,
643,122.286,224.0,27.9,251.9,1,1,5.3,0.0,0.0,0.0,Yes,
644,122.540,162.0,66.3,228.2,1,1,5.3,0.0,0.0,0.0,Yes,
645,122.757,136.9,54.4,191.3,1,1,5.3,0.0,0.0,0.0,Yes,
646,122.993,161.4,50.4,211.8,1,1,5.3,0.0,0.0,0.0,Yes,
647,123.240,145.6,76.1,221.7,1,1,5.2,0.0,0.0,0.0,Yes,
648,123.491,161.5,65.5,227.0,1,1,5.2,0.0,0.0,0.0,Yes,
649,123.677,102.2,60.2,162.4,1,1,5.2,0.0,0.0,0.0,Yes,
650,123.902,135.7,63.9,199.6,1,1,5.2,0.0,0.0,0.0,Yes,
651,124.100,122.2,51.6,173.8,1,1,5.2,0.0,0.0,0.0,Yes,
652,124.348,171.1,51.5,222.6,1,1,5.2,0.0,0.0,0.0,Yes,
653,124.592,127.5,92.7,220.1,1,1,5.2,0.0,0.0,0.0,Yes,
654,124.863,188.8,57.8,246.6,1,1,5.2,0.0,0.0,0.0,Yes,
655,125.117,169.3,59.3,228.6,1,1,5.2,0.0,0.0,0.0,Yes,
656,125.341,147.7,52.4,200.2,1,1,5.2,0.0,0.0,0.0,Yes,
657,125.607,185.2,58.0,243.1,1,1,5.2,0.0,0.0,0.0,Yes,
658,125.853,124.0,97.3,221.3,1,1,5.2,0.0,0.0,0.0,Yes,
659,126.094,190.6,26.2,216.8,1,1,5.2,0.0,0.0,0.0,Yes,
660,126.360,205.3,36.1,241.4,1,1,5.2,0.0,0.0,0.0,Yes,
661,126.561,121.4,52.5,173.9,1,1,5.2,0.0,0.0,0.0,Yes,
662,126.830,205.1,39.4,244.5,1,1,5.2,0.0,0.0,0.0,Yes,
663,127.075,201.0,20.3,221.3,1,1,5.2,0.0,0.0,0.0,Yes,
664,127.348,204.2,44.3,248.5,1,1,5.2,0.0,0.0,0.0,Yes,
665,127.575,169.4,33.7,203.1,1,1,5.2,0.0,0.0,0.0,Yes,
666,127.848,193.5,56.1,249.6,1,1,5.2,0.0,0.0,0.0,Yes,
667,128.103,183.2,48.1,231.3,1,1,5.2,0.0,0.0,0.0,Yes,
668,128.374,165.1,81.7,246.9,1,1,5.2,0.0,0.0,0.0,Yes,
669,128.615,157.7,58.5,216.2,1,1,5.2,0.0,0.0,0.0,Yes,
670,128.808,144.2,25.4,169.6,1,1,5.2,0.0,0.0,0.0,Yes,
671,129.067,173.0,62.4,235.3,1,1,5.2,0.0,0.0,0.0,Yes,
672,129.278,115.5,72.6,188.1,1,1,5.2,0.0,0.0,0.0,Yes,
673,129.547,202.3,41.7,244.0,1,1,5.2,0.0,0.0,0.0,Yes,
674,129.819,212.4,33.4,245.8,1,1,5.2,0.0,0.0,0.0,Yes,
675,130.021,127.9,49.7,177.6,1,1,5.2,0.0,0.0,0.0,Yes,
676,130.241,152.7,42.6,195.3,1,1,5.2,0.0,0.0,0.0,Yes,
677,130.447,111.0,71.1,182.1,1,1,5.2,0.0,0.0,0.0,Yes,
678,130.720,216.9,31.8,248.6,1,1,5.2,0.0,0.0,0.0,Yes,
679,130.950,137.1,70.0,207.1,1,1,5.2,0.0,0.0,0.0,Yes,
680,131.194,175.9,43.7,219.6,1,1,5.2,0.0,0.0,0.0,Yes,
681,131.434,152.6,63.4,216.0,1,1,5.2,0.0,0.0,0.0,Yes,
682,131.624,136.4,30.8,167.2,1,1,5.2,0.0,0.0,0.0,Yes,
683,131.824,125.0,50.8,175.8,1,1,5.2,0.0,0.0,0.0,Yes,
684,132.095,184.8,62.6,247.4,1,1,5.2,0.0,0.0,0.0,Yes,
685,132.356,187.8,48.8,236.5,1,1,5.2,0.0,0.0,0.0,Yes,
686,132.605,176.4,47.0,223.3,1,1,5.2,0.0,0.0,0.0,Yes,
687,132.873,154.0,89.0,242.9,1,1,5.2,0.0,0.0,0.0,Yes,
688,133.090,141.7,51.0,192.7,1,1,5.2,0.0,0.0,0.0,Yes,
689,133.357,178.8,65.2,244.0,1,1,5.2,0.0,0.0,0.0,Yes,
690,133.608,173.6,53.3,226.9,1,1,5.2,0.0,0.0,0.0,Yes,
691,133.877,196.4,48.0,244.4,1,1,5.2,0.0,0.0,0.0,Yes,
692,134.052,113.5,36.0,149.5,1,1,5.2,0.0,0.0,0.0,Yes,
693,134.269,134.3,57.7,192.0,1,1,5.2,0.0,0.0,0.0,Yes,
694,134.566,229.3,42.9,272.2,1,1,5.2,0.0,0.0,0.0,Yes,
695,134.818,178.5,49.9,228.4,1,1,5.2,0.0,0.0,0.0,Yes,
696,135.087,179.6,65.9,245.5,1,1,5.2,0.0,0.0,0.0,Yes,
697,135.320,160.3,47.6,207.9,1,1,5.2,0.0,0.0,0.0,Yes,
698,135.499,111.4,41.7,153.1,1,1,5.2,0.0,0.0,0.0,Yes,
699,135.658,98.4,35.9,134.3,1,1,5.2,0.0,0.0,0.0,Yes,
700,135.840,119.0,38.6,157.6,1,1,5.2,0.0,0.0,0.0,Yes,
701,136.036,124.2,48.2,172.4,1,1,5.2,0.0,0.0,0.0,Yes,
702,136.233,146.5,25.8,172.3,1,1,5.2,0.0,0.0,0.0,Yes,
703,136.441,132.5,50.8,183.4,1,1,5.2,0.0,0.0,0.0,Yes,
704,136.637,126.5,45.8,172.3,1,1,5.2,0.0,0.0,0.0,Yes,
705,136.902,162.7,77.6,240.3,1,1,5.1,0.0,0.0,0.0,Yes,
706,137.102,142.3,32.9,175.2,1,1,5.1,0.0,0.0,0.0,Yes,
707,137.326,176.1,24.5,200.7,1,1,5.1,0.0,0.0,0.0,Yes,
708,137.510,127.4,32.5,159.9,1,1,5.1,0.0,0.0,0.0,Yes,
709,137.761,174.2,53.2,227.3,1,1,5.1,0.0,0.0,0.0,Yes,
710,137.974,112.1,75.0,187.2,1,1,5.1,0.0,0.0,0.0,Yes,
711,138.243,216.2,29.4,245.6,1,1,5.1,0.0,0.0,0.0,Yes,
712,138.483,156.1,60.2,216.3,1,1,5.1,0.0,0.0,0.0,Yes,
713,138.652,122.4,23.6,146.0,1,1,5.1,0.0,0.0,0.0,Yes,
714,138.926,229.4,21.3,250.7,1,1,5.1,0.0,0.0,0.0,Yes,
715,139.174,185.6,38.9,224.5,1,1,5.1,0.0,0.0,0.0,Yes,
716,139.423,184.1,41.0,225.1,1,1,5.1,0.0,0.0,0.0,Yes,
717,139.695,176.8,72.0,248.9,1,1,5.1,0.0,0.0,0.0,Yes,
718,139.967,222.6,25.4,248.0,1,1,5.1,0.0,0.0,0.0,Yes,
719,140.200,148.9,60.0,208.9,1,1,5.1,0.0,0.0,0.0,Yes,
720,140.434,149.7,60.3,210.0,1,1,5.1,0.0,0.0,0.0,Yes,
721,140.626,121.1,48.3,169.4,1,1,5.1,0.0,0.0,0.0,Yes,
722,140.900,203.3,42.2,245.5,1,1,5.1,0.0,0.0,0.0,Yes,
723,141.109,139.8,45.5,185.4,1,1,5.1,0.0,0.0,0.0,Yes,
724,141.332,157.3,41.2,198.6,1,1,5.1,0.0,0.0,0.0,Yes,
725,141.524,119.2,48.7,167.9,1,1,5.1,0.0,0.0,0.0,Yes,
726,141.747,157.2,41.8,198.9,1,1,5.1,0.0,0.0,0.0,Yes,
727,141.976,154.1,51.8,206.0,1,1,5.1,0.0,0.0,0.0,Yes,
728,142.240,211.5,28.4,239.9,1,1,5.1,0.0,0.0,0.0,Yes,
729,142.445,145.8,34.8,180.6,1,1,5.1,0.0,0.0,0.0,Yes,
730,142.623,111.0,44.1,155.1,1,1,5.1,0.0,0.0,0.0,Yes,
731,142.792,106.9,38.3,145.2,1,1,5.1,0.0,0.0,0.0,Yes,
732,143.023,157.9,48.9,206.8,1,1,5.1,0.0,0.0,0.0,Yes,
733,143.245,118.4,80.0,198.4,1,1,5.1,0.0,0.0,0.0,Yes,
734,143.490,171.1,47.7,218.7,1,1,5.1,0.0,0.0,0.0,Yes,
735,143.740,176.9,49.0,226.0,1,1,5.1,0.0,0.0,0.0,Yes,
736,143.955,134.8,55.2,189.9,1,1,5.1,0.0,0.0,0.0,Yes,
737,144.167,146.8,41.6,188.5,1,1,5.1,0.0,0.0,0.0,Yes,
738,144.359,143.6,25.1,168.6,1,1,5.1,0.0,0.0,0.0,Yes,
739,144.540,108.5,48.2,156.7,1,1,5.1,0.0,0.0,0.0,Yes,
740,144.677,88.8,24.1,112.9,1,1,5.1,0.0,0.0,0.0,Yes,
741,144.946,194.2,51.9,246.1,1,1,5.1,0.0,0.0,0.0,Yes,
742,145.174,138.7,65.7,204.5,1,1,5.1,0.0,0.0,0.0,Yes,
743,145.409,164.0,47.2,211.2,1,1,5.1,0.0,0.0,0.0,Yes,
744,145.641,143.0,64.8,207.8,1,1,5.1,0.0,0.0,0.0,Yes,
745,145.851,134.3,50.9,185.2,1,1,5.1,0.0,0.0,0.0,Yes,
746,146.059,131.5,50.4,181.9,1,1,5.1,0.0,0.0,0.0,Yes,
747,146.241,117.4,41.2,158.6,1,1,5.1,0.0,0.0,0.0,Yes,
748,146.451,118.5,67.4,185.9,1,1,5.1,0.0,0.0,0.0,Yes,
749,146.719,174.7,69.5,244.2,1,1,5.1,0.0,0.0,0.0,Yes,
750,146.925,149.4,31.9,181.3,1,1,5.1,0.0,0.0,0.0,Yes,
751,147.131,131.6,50.7,182.2,1,1,5.1,0.0,0.0,0.0,Yes,
752,147.323,119.8,47.6,167.4,1,1,5.1,0.0,0.0,0.0,Yes,
753,147.523,137.8,38.2,176.0,1,1,5.1,0.0,0.0,0.0,Yes,
754,147.744,160.2,36.4,196.6,1,1,5.1,0.0,0.0,0.0,Yes,
755,147.957,138.0,51.6,189.6,1,1,5.1,0.0,0.0,0.0,Yes,
756,148.228,191.2,56.1,247.4,1,1,5.1,0.0,0.0,0.0,Yes,
757,148.476,174.6,49.7,224.3,1,1,5.1,0.0,0.0,0.0,Yes,
758,148.691,155.9,33.7,189.6,1,1,5.1,0.0,0.0,0.0,Yes,
759,148.892,143.6,33.3,176.9,1,1,5.1,0.0,0.0,0.0,Yes,
760,149.118,141.9,60.1,202.0,1,1,5.1,0.0,0.0,0.0,Yes,
761,149.330,148.3,40.2,188.4,1,1,5.1,0.0,0.0,0.0,Yes,
762,149.549,135.1,58.9,194.0,1,1,5.1,0.0,0.0,0.0,Yes,
763,149.821,168.2,80.5,248.7,1,1,5.1,0.0,0.0,0.0,Yes,
764,150.090,173.9,71.1,245.0,1,1,5.1,0.0,0.0,0.0,Yes,
765,150.285,139.7,31.1,170.9,1,1,5.1,0.0,0.0,0.0,Yes,
766,150.553,136.9,106.5,243.4,1,1,5.1,0.0,0.0,0.0,Yes,
767,150.773,146.8,48.8,195.6,1,1,5.1,0.0,0.0,0.0,Yes,
768,150.974,132.5,44.7,177.2,1,1,5.1,0.0,0.0,0.0,Yes,
769,151.150,109.9,42.5,152.4,1,1,5.1,0.0,0.0,0.0,Yes,
770,151.343,108.9,58.0,166.9,1,1,5.1,0.0,0.0,0.0,Yes,
771,151.571,168.7,31.9,200.6,1,1,5.1,0.0,0.0,0.0,Yes,
772,151.935,248.7,91.5,340.3,1,1,5.1,0.0,0.0,0.0,Yes,
773,152.247,255.8,33.2,288.9,1,1,5.1,0.0,0.0,0.0,Yes,
774,152.534,226.7,35.3,262.0,1,1,5.1,0.0,0.0,0.0,Yes,
775,152.810,135.1,116.1,251.2,1,1,5.1,0.0,0.0,0.0,Yes,
776,153.087,241.0,10.1,251.2,1,1,5.1,0.0,0.0,0.0,Yes,
777,153.408,249.1,49.3,298.4,1,1,5.1,0.0,0.0,0.0,Yes,
778,153.684,240.5,11.9,252.4,1,1,5.1,0.0,0.0,0.0,Yes,
779,153.946,183.6,55.7,239.3,1,1,5.1,0.0,0.0,0.0,Yes,
780,154.143,130.4,42.9,173.3,1,1,5.1,0.0,0.0,0.0,Yes,
781,154.375,175.3,32.6,207.8,1,1,5.1,0.0,0.0,0.0,Yes,
782,154.575,81.7,91.4,173.1,1,1,5.1,0.0,0.0,0.0,Yes,
783,154.857,208.9,47.9,256.8,1,1,5.1,0.0,0.0,0.0,Yes,
784,155.137,241.2,14.1,255.3,1,1,5.1,0.0,0.0,0.0,Yes,
785,155.428,247.7,18.8,266.5,1,1,5.1,0.0,0.0,0.0,Yes,
786,155.718,243.0,23.6,266.6,1,1,5.0,0.0,0.0,0.0,Yes,
787,155.992,236.7,12.8,249.6,1,1,5.0,0.0,0.0,0.0,Yes,
788,156.228,170.1,41.4,211.5,1,1,5.0,0.0,0.0,0.0,Yes,
789,156.516,246.4,18.4,264.8,1,1,5.0,0.0,0.0,0.0,Yes,
790,156.798,243.9,14.7,258.6,1,1,5.0,0.0,0.0,0.0,Yes,
791,157.093,252.4,17.7,270.1,1,1,5.0,0.0,0.0,0.0,Yes,
792,157.381,241.1,22.9,264.0,1,1,5.0,0.0,0.0,0.0,Yes,
793,157.595,137.1,53.1,190.2,1,1,5.0,0.0,0.0,0.0,Yes,
794,157.865,221.7,23.3,245.0,1,1,5.0,0.0,0.0,0.0,Yes,
795,158.148,183.1,75.9,259.0,1,1,5.0,0.0,0.0,0.0,Yes,
796,158.433,241.4,16.5,257.8,1,1,5.0,0.0,0.0,0.0,Yes,
797,158.704,196.1,48.7,244.8,1,1,5.0,0.0,0.0,0.0,Yes,
798,158.942,160.0,53.9,214.0,1,1,5.0,0.0,0.0,0.0,Yes,
799,159.231,246.8,18.0,264.7,1,1,5.0,0.0,0.0,0.0,Yes,
800,159.440,118.3,67.4,185.7,1,1,5.0,0.0,0.0,0.0,Yes,
801,159.728,248.0,15.7,263.7,1,1,5.0,0.0,0.0,0.0,Yes,
802,160.001,189.4,59.7,249.0,1,1,5.0,0.0,0.0,0.0,Yes,
803,160.281,246.7,9.1,255.9,1,1,5.0,0.0,0.0,0.0,Yes,
804,160.562,233.1,23.4,256.5,1,1,5.0,0.0,0.0,0.0,Yes,
805,160.853,255.3,12.1,267.4,1,1,5.0,0.0,0.0,0.0,Yes,
806,161.150,260.0,10.9,270.8,1,1,5.0,0.0,0.0,0.0,Yes,
807,161.441,248.9,16.8,265.7,1,1,5.0,0.0,0.0,0.0,Yes,
808,161.727,249.1,11.3,260.4,1,1,5.0,0.0,0.0,0.0,Yes,
809,162.014,223.8,38.8,262.7,1,1,5.0,0.0,0.0,0.0,Yes,
810,162.295,237.0,20.0,257.0,1,1,5.0,0.0,0.0,0.0,Yes,
811,162.584,247.6,17.0,264.7,1,1,5.0,0.0,0.0,0.0,Yes,
812,162.891,266.0,16.4,282.4,1,1,5.0,0.0,0.0,0.0,Yes,
813,163.161,209.4,37.1,246.6,1,1,5.0,0.0,0.0,0.0,Yes,
814,163.453,254.9,12.9,267.8,1,1,5.0,0.0,0.0,0.0,Yes,
815,163.725,163.3,85.3,248.6,1,1,5.0,0.0,0.0,0.0,Yes,
816,163.995,196.1,50.4,246.5,1,1,5.0,0.0,0.0,0.0,Yes,
817,164.284,255.9,9.3,265.2,1,1,5.0,0.0,0.0,0.0,Yes,
818,164.584,256.9,16.9,273.8,1,1,5.0,0.0,0.0,0.0,Yes,
819,164.856,205.5,43.4,249.0,1,1,5.0,0.0,0.0,0.0,Yes,
820,165.151,250.7,19.0,269.7,1,1,5.0,0.0,0.0,0.0,Yes,
821,165.448,251.0,21.7,272.6,1,1,5.0,0.0,0.0,0.0,Yes,
822,165.728,238.5,16.8,255.4,1,1,5.0,0.0,0.0,0.0,Yes,
823,166.011,244.1,15.7,259.7,1,1,5.0,0.0,0.0,0.0,Yes,
824,166.300,242.9,22.4,265.3,1,1,5.0,0.0,0.0,0.0,Yes,
825,166.587,214.4,47.7,262.1,1,1,5.0,0.0,0.0,0.0,Yes,
826,166.883,238.6,32.6,271.2,1,1,4.9,0.0,0.0,0.0,Yes,
827,167.177,248.6,20.2,268.8,1,1,4.9,0.0,0.0,0.0,Yes,
828,167.476,251.2,22.5,273.7,1,1,4.9,0.0,0.0,0.0,Yes,
829,167.764,242.9,21.4,264.4,1,1,4.9,0.0,0.0,0.0,Yes,
830,168.009,169.2,50.3,219.5,1,1,4.9,0.0,0.0,0.0,Yes,
831,168.291,243.9,14.1,257.9,1,1,4.9,0.0,0.0,0.0,Yes,
832,168.591,251.3,23.8,275.1,1,1,4.9,0.0,0.0,0.0,Yes,
833,168.851,191.3,42.8,234.1,1,1,4.9,0.0,0.0,0.0,Yes,
834,169.188,299.7,12.6,312.3,1,1,4.9,0.0,0.0,0.0,Yes,
835,169.477,252.4,12.4,264.8,1,1,4.9,0.0,0.0,0.0,Yes,
836,169.760,246.2,11.9,258.1,1,1,4.9,0.0,0.0,0.0,Yes,
837,170.054,247.0,23.8,270.8,1,1,4.9,0.0,0.0,0.0,Yes,
838,170.332,241.5,12.2,253.7,1,1,4.9,0.0,0.0,0.0,Yes,
839,170.603,204.0,42.9,247.0,1,1,4.9,0.0,0.0,0.0,Yes,
840,170.897,257.6,13.3,270.9,1,1,4.9,0.0,0.0,0.0,Yes,
841,171.164,154.9,88.0,243.0,1,1,4.9,0.0,0.0,0.0,Yes,
842,171.454,254.6,10.0,264.6,1,1,4.9,0.0,0.0,0.0,Yes,
843,171.745,244.9,20.5,265.4,1,1,4.9,0.0,0.0,0.0,Yes,
844,172.020,237.0,13.7,250.7,1,1,4.9,0.0,0.0,0.0,Yes,
845,172.285,137.1,103.0,240.1,1,1,4.9,0.0,0.0,0.0,Yes,
846,172.553,222.2,22.5,244.7,1,1,4.9,0.0,0.0,0.0,Yes,
847,172.838,241.7,19.8,261.5,1,1,4.9,0.0,0.0,0.0,Yes,
848,173.120,209.8,46.8,256.6,1,1,4.9,0.0,0.0,0.0,Yes,
849,173.408,241.7,22.9,264.5,1,1,4.9,0.0,0.0,0.0,Yes,
850,173.736,275.3,27.0,302.3,1,1,4.9,0.0,0.0,0.0,Yes,
851,174.029,245.5,22.0,267.5,1,1,4.9,0.0,0.0,0.0,Yes,
852,174.295,187.9,54.0,242.0,1,1,4.9,0.0,0.0,0.0,Yes,
853,174.576,245.4,11.5,256.8,1,1,4.9,0.0,0.0,0.0,Yes,
854,174.865,247.3,15.5,262.8,1,1,4.9,0.0,0.0,0.0,Yes,
855,175.141,218.3,33.3,251.5,1,1,4.9,0.0,0.0,0.0,Yes,
856,175.419,238.3,14.6,252.9,1,1,4.9,0.0,0.0,0.0,Yes,
857,175.700,196.0,59.1,255.1,1,1,4.9,0.0,0.0,0.0,Yes,
858,175.943,153.5,65.9,219.3,1,1,4.9,0.0,0.0,0.0,Yes,
859,176.233,244.6,20.8,265.4,1,1,4.9,0.0,0.0,0.0,Yes,
860,176.469,152.7,58.8,211.6,1,1,4.9,0.0,0.0,0.0,Yes,
861,176.699,150.4,56.0,206.5,1,1,4.9,0.0,0.0,0.0,Yes,
862,176.930,138.9,67.5,206.4,1,1,4.9,0.0,0.0,0.0,Yes,
863,177.198,179.6,64.7,244.2,1,1,4.9,0.0,0.0,0.0,Yes,
864,177.430,167.9,40.0,207.9,1,1,4.9,0.0,0.0,0.0,Yes,
865,177.676,152.8,68.2,221.0,1,1,4.9,0.0,0.0,0.0,Yes,
866,177.958,242.9,12.0,254.9,1,1,4.9,0.0,0.0,0.0,Yes,
867,178.215,175.6,55.6,231.2,1,1,4.9,0.0,0.0,0.0,Yes,
868,178.474,167.8,66.8,234.7,1,1,4.9,0.0,0.0,0.0,Yes,
869,178.745,185.3,62.3,247.6,1,1,4.9,0.0,0.0,0.0,Yes,
870,178.976,135.4,71.2,206.7,1,1,4.9,0.0,0.0,0.0,Yes,
871,179.193,159.7,32.5,192.3,1,1,4.9,0.0,0.0,0.0,Yes,
872,179.467,204.9,43.5,248.4,1,1,4.9,0.0,0.0,0.0,Yes,
873,179.745,184.5,70.4,254.9,1,1,4.9,0.0,0.0,0.0,Yes,
874,180.019,172.9,76.4,249.3,1,1,4.9,0.0,0.0,0.0,Yes,
875,180.307,240.3,23.7,264.0,1,1,4.9,0.0,0.0,0.0,Yes,
876,180.589,223.9,33.4,257.3,1,1,4.9,0.0,0.0,0.0,Yes,
877,180.853,196.7,42.8,239.4,1,1,4.8,0.0,0.0,0.0,Yes,
878,181.137,149.1,107.9,257.0,1,1,4.8,0.0,0.0,0.0,Yes,
879,181.409,234.6,13.1,247.7,1,1,4.8,0.0,0.0,0.0,Yes,
880,181.659,187.6,38.9,226.5,1,1,4.8,0.0,0.0,0.0,Yes,
881,181.876,152.9,39.5,192.4,1,1,4.8,0.0,0.0,0.0,Yes,
882,182.170,252.2,17.0,269.2,1,1,4.8,0.0,0.0,0.0,Yes,
883,182.474,263.9,15.0,278.9,1,1,4.8,0.0,0.0,0.0,Yes,
884,182.769,254.0,16.2,270.2,1,1,4.8,0.0,0.0,0.0,Yes,
885,183.053,241.4,17.7,259.1,1,1,4.8,0.0,0.0,0.0,Yes,
886,183.317,210.3,28.8,239.1,1,1,4.8,0.0,0.0,0.0,Yes,
887,183.609,249.5,17.7,267.2,1,1,4.8,0.0,0.0,0.0,Yes,
888,183.883,214.6,34.4,249.0,1,1,4.8,0.0,0.0,0.0,Yes,
889,184.152,200.6,45.4,246.0,1,1,4.8,0.0,0.0,0.0,Yes,
890,184.448,250.3,18.6,268.8,1,1,4.8,0.0,0.0,0.0,Yes,
891,184.734,247.3,12.2,259.5,1,1,4.8,0.0,0.0,0.0,Yes,
892,185.028,246.8,21.6,268.5,1,1,4.8,0.0,0.0,0.0,Yes,
893,185.294,219.9,21.6,241.5,1,1,4.8,0.0,0.0,0.0,Yes,
894,185.601,262.4,20.8,283.2,1,1,4.8,0.0,0.0,0.0,Yes,
895,185.882,241.7,14.0,255.7,1,1,4.8,0.0,0.0,0.0,Yes,
896,186.166,248.3,11.0,259.3,1,1,4.8,0.0,0.0,0.0,Yes,
897,186.459,253.0,15.3,268.2,1,1,4.8,0.0,0.0,0.0,Yes,
898,186.749,252.2,12.8,265.0,1,1,4.8,0.0,0.0,0.0,Yes,
899,187.044,250.6,21.0,271.6,1,1,4.8,0.0,0.0,0.0,Yes,
900,187.317,200.7,46.3,247.1,1,1,4.8,0.0,0.0,0.0,Yes,
901,187.587,220.9,24.6,245.5,1,1,4.8,0.0,0.0,0.0,Yes,
902,187.874,250.9,11.0,262.0,1,1,4.8,0.0,0.0,0.0,Yes,
903,188.158,249.1,10.4,259.5,1,1,4.8,0.0,0.0,0.0,Yes,
904,188.441,244.8,13.3,258.1,1,1,4.8,0.0,0.0,0.0,Yes,
905,188.731,245.8,19.9,265.7,1,1,4.8,0.0,0.0,0.0,Yes,
906,188.998,217.7,24.2,241.9,1,1,4.8,0.0,0.0,0.0,Yes,
907,189.320,248.6,49.2,297.9,1,1,4.8,0.0,0.0,0.0,Yes,
908,189.602,245.6,11.3,256.9,1,1,4.8,0.0,0.0,0.0,Yes,
909,189.916,255.9,32.6,288.5,1,1,4.8,0.0,0.0,0.0,Yes,
910,190.197,233.7,21.2,254.9,1,1,4.8,0.0,0.0,0.0,Yes,
911,190.470,202.2,47.2,249.4,1,1,4.8,0.0,0.0,0.0,Yes,
912,190.785,243.9,45.3,289.2,1,1,4.8,0.0,0.0,0.0,Yes,
913,191.084,249.7,23.4,273.1,1,1,4.8,0.0,0.0,0.0,Yes,
914,191.370,247.3,12.3,259.6,1,1,4.8,0.0,0.0,0.0,Yes,
915,191.677,260.1,21.5,281.6,1,1,4.8,0.0,0.0,0.0,Yes,
916,191.948,234.2,12.2,246.5,1,1,4.8,0.0,0.0,0.0,Yes,
917,192.259,261.9,25.6,287.5,1,1,4.8,0.0,0.0,0.0,Yes,
918,192.544,248.4,11.8,260.3,1,1,4.8,0.0,0.0,0.0,Yes,
919,192.835,246.0,19.7,265.7,1,1,4.8,0.0,0.0,0.0,Yes,
920,193.124,243.1,21.1,264.2,1,1,4.8,0.0,0.0,0.0,Yes,
921,193.406,245.4,11.4,256.8,1,1,4.8,0.0,0.0,0.0,Yes,
922,193.698,245.6,22.2,267.7,1,1,4.8,0.0,0.0,0.0,Yes,
923,193.938,153.0,62.9,215.8,1,1,4.8,0.0,0.0,0.0,Yes,
924,194.234,252.3,15.4,267.7,1,1,4.8,0.0,0.0,0.0,Yes,
925,194.526,256.3,11.4,267.7,1,1,4.8,0.0,0.0,0.0,Yes,
926,194.815,249.2,12.9,262.2,1,1,4.8,0.0,0.0,0.0,Yes,
927,195.099,249.4,9.7,259.0,1,1,4.8,0.0,0.0,0.0,Yes,
928,195.382,244.9,12.7,257.6,1,1,4.7,0.0,0.0,0.0,Yes,
929,195.683,255.0,22.1,277.1,1,1,4.7,0.0,0.0,0.0,Yes,
930,195.949,226.2,14.9,241.1,1,1,4.7,0.0,0.0,0.0,Yes,
931,196.244,259.2,11.9,271.1,1,1,4.7,0.0,0.0,0.0,Yes,
932,196.533,246.8,15.5,262.3,1,1,4.7,0.0,0.0,0.0,Yes,
933,196.831,257.7,16.4,274.1,1,1,4.7,0.0,0.0,0.0,Yes,
934,197.159,252.3,50.8,303.1,1,1,4.7,0.0,0.0,0.0,Yes,
935,197.476,248.3,44.2,292.5,1,1,4.7,0.0,0.0,0.0,Yes,
936,197.799,251.9,45.4,297.3,1,1,4.7,0.0,0.0,0.0,Yes,
937,198.128,250.2,53.2,303.4,1,1,4.7,0.0,0.0,0.0,Yes,
938,198.406,202.4,48.5,250.9,1,1,4.7,0.0,0.0,0.0,Yes,
939,198.692,246.6,14.4,261.0,1,1,4.7,0.0,0.0,0.0,Yes,
940,199.002,239.6,45.5,285.0,1,1,4.7,0.0,0.0,0.0,Yes,
941,199.279,230.6,20.4,251.0,1,1,4.7,0.0,0.0,0.0,Yes,
942,199.553,189.9,59.6,249.5,1,1,4.7,0.0,0.0,0.0,Yes,
943,199.826,229.4,19.4,248.7,1,1,4.7,0.0,0.0,0.0,Yes,
944,200.132,256.7,23.8,280.5,1,1,4.7,0.0,0.0,0.0,Yes,
945,200.425,244.9,23.5,268.4,1,1,4.7,0.0,0.0,0.0,Yes,
946,200.700,236.8,13.6,250.4,1,1,4.7,0.0,0.0,0.0,Yes,
947,201.021,244.2,52.1,296.3,1,1,4.7,0.0,0.0,0.0,Yes,
948,201.298,239.0,12.5,251.5,1,1,4.7,0.0,0.0,0.0,Yes,
949,201.582,234.6,25.7,260.3,1,1,4.7,0.0,0.0,0.0,Yes,
950,201.866,235.7,21.7,257.4,1,1,4.7,0.0,0.0,0.0,Yes,
951,202.147,236.3,20.0,256.4,1,1,4.7,0.0,0.0,0.0,Yes,
952,202.434,237.6,23.9,261.5,1,1,4.7,0.0,0.0,0.0,Yes,
953,202.711,240.6,11.3,251.9,1,1,4.7,0.0,0.0,0.0,Yes,
954,203.000,250.6,13.8,264.4,1,1,4.7,0.0,0.0,0.0,Yes,
955,203.341,262.0,53.3,315.3,1,1,4.7,0.0,0.0,0.0,Yes,
956,203.633,250.0,17.5,267.4,1,1,4.7,0.0,0.0,0.0,Yes,
957,203.973,257.9,56.9,314.7,1,1,4.7,0.0,0.0,0.0,Yes,
958,204.266,257.7,10.7,268.4,1,1,4.7,0.0,0.0,0.0,Yes,
959,204.552,231.3,30.4,261.7,1,1,4.7,0.0,0.0,0.0,Yes,
960,204.826,233.7,13.5,247.2,1,1,4.7,0.0,0.0,0.0,Yes,
961,205.115,240.6,23.2,263.8,1,1,4.7,0.0,0.0,0.0,Yes,
962,205.400,237.0,21.5,258.5,1,1,4.7,0.0,0.0,0.0,Yes,
963,205.678,239.0,13.7,252.7,1,1,4.7,0.0,0.0,0.0,Yes,
964,205.948,184.7,58.9,243.6,1,1,4.7,0.0,0.0,0.0,Yes,
965,206.224,214.9,36.3,251.2,1,1,4.7,0.0,0.0,0.0,Yes,
966,206.522,256.1,17.8,273.9,1,1,4.7,0.0,0.0,0.0,Yes,
967,206.807,238.6,16.6,255.2,1,1,4.7,0.0,0.0,0.0,Yes,
968,207.103,247.7,21.2,268.9,1,1,4.7,0.0,0.0,0.0,Yes,
969,207.376,234.6,12.0,246.6,1,1,4.7,0.0,0.0,0.0,Yes,
970,207.698,243.2,50.9,294.1,1,1,4.7,0.0,0.0,0.0,Yes,
971,207.979,232.8,21.9,254.7,1,1,4.7,0.0,0.0,0.0,Yes,
972,208.266,246.5,13.2,259.7,1,1,4.7,0.0,0.0,0.0,Yes,
973,208.574,253.1,22.9,276.0,1,1,4.7,0.0,0.0,0.0,Yes,
974,208.869,245.1,23.2,268.3,1,1,4.7,0.0,0.0,0.0,Yes,
975,209.147,230.3,23.1,253.4,1,1,4.7,0.0,0.0,0.0,Yes,
976,209.432,240.5,20.6,261.0,1,1,4.7,0.0,0.0,0.0,Yes,
977,209.692,185.9,49.0,234.9,1,1,4.7,0.0,0.0,0.0,Yes,
978,210.024,251.4,54.8,306.2,1,1,4.7,0.0,0.0,0.0,Yes,
979,210.309,238.1,22.0,260.1,1,1,4.7,0.0,0.0,0.0,Yes,
980,210.595,241.2,19.9,261.1,1,1,4.7,0.0,0.0,0.0,Yes,
981,210.876,204.8,51.5,256.4,1,1,4.7,0.0,0.0,0.0,Yes,
982,211.175,239.8,35.3,275.0,1,1,4.7,0.0,0.0,0.0,Yes,
983,211.481,248.5,32.2,280.7,1,1,4.6,0.0,0.0,0.0,Yes,
984,211.807,254.9,45.3,300.2,1,1,4.6,0.0,0.0,0.0,Yes,
985,212.090,211.5,47.7,259.2,1,1,4.6,0.0,0.0,0.0,Yes,
986,212.380,250.0,13.7,263.7,1,1,4.6,0.0,0.0,0.0,Yes,
987,212.666,249.9,12.4,262.3,1,1,4.6,0.0,0.0,0.0,Yes,
988,212.954,234.6,28.3,262.9,1,1,4.6,0.0,0.0,0.0,Yes,
989,213.218,209.1,29.3,238.4,1,1,4.6,0.0,0.0,0.0,Yes,
990,213.519,253.7,21.4,275.1,1,1,4.6,0.0,0.0,0.0,Yes,
991,213.806,182.5,79.8,262.3,1,1,4.6,0.0,0.0,0.0,Yes,
992,214.082,191.3,58.4,249.8,1,1,4.6,0.0,0.0,0.0,Yes,
993,214.364,240.8,17.1,257.9,1,1,4.6,0.0,0.0,0.0,Yes,
994,214.635,219.0,26.3,245.3,1,1,4.6,0.0,0.0,0.0,Yes,
995,214.931,256.6,15.5,272.2,1,1,4.6,0.0,0.0,0.0,Yes,
996,215.192,186.7,50.0,236.7,1,1,4.6,0.0,0.0,0.0,Yes,
997,215.464,226.8,21.0,247.8,1,1,4.6,0.0,0.0,0.0,Yes,
998,215.751,246.6,13.1,259.7,1,1,4.6,0.0,0.0,0.0,Yes,
999,216.042,253.3,12.9,266.2,1,1,4.6,0.0,0.0,0.0,Yes,
1000,216.329,246.8,15.8,262.7,1,1,4.6,0.0,0.0,0.0,Yes,
1001,216.612,242.3,16.3,258.6,1,1,4.6,0.0,0.0,0.0,Yes,
1002,216.891,185.8,68.5,254.3,1,1,4.6,0.0,0.0,0.0,Yes,
1003,217.170,235.5,19.6,255.1,1,1,4.6,0.0,0.0,0.0,Yes,
1004,217.451,241.6,14.4,256.0,1,1,4.6,0.0,0.0,0.0,Yes,
1005,217.741,242.8,22.8,265.6,1,1,4.6,0.0,0.0,0.0,Yes,
1006,218.007,208.6,34.3,242.9,1,1,4.6,0.0,0.0,0.0,Yes,
1007,218.268,176.0,62.0,238.0,1,1,4.6,0.0,0.0,0.0,Yes,
1008,218.550,235.8,21.2,257.0,1,1,4.6,0.0,0.0,0.0,Yes,
1009,218.809,182.4,53.1,235.5,1,1,4.6,0.0,0.0,0.0,Yes,
1010,219.092,246.1,11.4,257.6,1,1,4.6,0.0,0.0,0.0,Yes,
1011,219.364,172.4,74.5,246.9,1,1,4.6,0.0,0.0,0.0,Yes,
1012,219.651,251.7,11.5,263.1,1,1,4.6,0.0,0.0,0.0,Yes,
1013,219.892,151.6,64.9,216.5,1,1,4.6,0.0,0.0,0.0,Yes,
1014,220.182,250.8,13.9,264.8,1,1,4.6,0.0,0.0,0.0,Yes,
1015,220.448,184.4,57.0,241.5,1,1,4.6,0.0,0.0,0.0,Yes,
1016,220.717,201.8,43.3,245.1,1,1,4.6,0.0,0.0,0.0,Yes,
1017,221.013,248.1,21.1,269.2,1,1,4.6,0.0,0.0,0.0,Yes,
1018,221.293,241.9,13.2,255.1,1,1,4.6,0.0,0.0,0.0,Yes,
1019,221.574,222.6,33.3,255.9,1,1,4.6,0.0,0.0,0.0,Yes,
1020,221.862,239.3,25.4,264.7,1,1,4.6,0.0,0.0,0.0,Yes,
1021,222.072,124.0,60.7,184.7,1,1,4.6,0.0,0.0,0.0,Yes,
1022,222.353,228.6,25.7,254.3,1,1,4.6,0.0,0.0,0.0,Yes,
1023,222.597,153.9,64.4,218.3,1,1,4.6,0.0,0.0,0.0,Yes,
1024,222.866,205.6,39.5,245.1,1,1,4.6,0.0,0.0,0.0,Yes,
1025,223.146,204.6,50.9,255.5,1,1,4.6,0.0,0.0,0.0,Yes,
1026,223.432,246.0,14.6,260.6,1,1,4.6,0.0,0.0,0.0,Yes,
1027,223.644,145.6,42.1,187.7,1,1,4.6,0.0,0.0,0.0,Yes,
1028,223.929,223.7,36.6,260.4,1,1,4.6,0.0,0.0,0.0,Yes,
1029,224.171,152.1,66.2,218.3,1,1,4.6,0.0,0.0,0.0,Yes,
1030,224.394,144.7,53.5,198.2,1,1,4.6,0.0,0.0,0.0,Yes,
1031,224.569,107.7,42.9,150.6,1,1,4.6,0.0,0.0,0.0,Yes,
1032,224.728,100.8,33.9,134.7,1,1,4.6,0.0,0.0,0.0,Yes,
1033,224.960,155.8,50.9,206.7,1,1,4.6,0.0,0.0,0.0,Yes,
1034,225.216,155.2,74.7,229.9,1,1,4.6,0.0,0.0,0.0,Yes,
1035,225.484,169.0,74.4,243.4,1,1,4.6,0.0,0.0,0.0,Yes,
1036,225.761,161.2,92.0,253.1,1,1,4.6,0.0,0.0,0.0,Yes,
1037,226.048,243.6,18.4,262.0,1,1,4.6,0.0,0.0,0.0,Yes,
1038,226.332,244.2,14.9,259.1,1,1,4.6,0.0,0.0,0.0,Yes,
1039,226.535,118.1,59.0,177.2,1,1,4.6,0.0,0.0,0.0,Yes,
1040,226.818,216.3,42.5,258.8,1,1,4.6,0.0,0.0,0.0,Yes,
1041,227.137,245.9,48.7,294.6,1,1,4.6,0.0,0.0,0.0,Yes,
1042,227.425,248.3,14.1,262.4,1,1,4.6,0.0,0.0,0.0,Yes,
1043,227.632,125.0,56.1,181.1,1,1,4.6,0.0,0.0,0.0,Yes,
1044,227.908,177.7,73.1,250.8,1,1,4.6,0.0,0.0,0.0,Yes,
1045,228.183,167.0,82.7,249.7,1,1,4.6,0.0,0.0,0.0,Yes,
1046,228.451,164.0,77.5,241.4,1,1,4.6,0.0,0.0,0.0,Yes,
1047,228.712,191.5,44.6,236.0,1,1,4.6,0.0,0.0,0.0,Yes,
1048,228.986,198.2,50.4,248.7,1,1,4.6,0.0,0.0,0.0,Yes,
1049,229.338,252.1,74.0,326.2,1,1,4.6,0.0,0.0,0.0,Yes,
1050,229.588,196.2,27.2,223.4,1,1,4.6,0.0,0.0,0.0,Yes,
1051,229.887,248.4,25.2,273.6,1,1,4.6,0.0,0.0,0.0,Yes,
1052,230.161,181.0,66.9,247.9,1,1,4.6,0.0,0.0,0.0,Yes,
1053,230.362,130.6,45.1,175.7,1,1,4.6,0.0,0.0,0.0,Yes,
1054,230.610,155.4,67.1,222.5,1,1,4.6,0.0,0.0,0.0,Yes,
1055,230.841,153.7,52.7,206.4,1,1,4.6,0.0,0.0,0.0,Yes,
1056,231.070,124.5,79.6,204.1,1,1,4.6,0.0,0.0,0.0,Yes,
1057,231.229,96.7,36.3,133.0,1,1,4.6,0.0,0.0,0.0,Yes,
1058,231.509,126.2,122.8,249.0,1,1,4.6,0.0,0.0,0.0,Yes,
1059,231.783,157.7,89.6,247.3,1,1,4.6,0.0,0.0,0.0,Yes,
1060,232.055,150.8,96.9,247.8,1,1,4.6,0.0,0.0,0.0,Yes,
1061,232.320,178.1,62.0,240.1,1,1,4.6,0.0,0.0,0.0,Yes,
1062,232.603,197.0,60.5,257.5,1,1,4.6,0.0,0.0,0.0,Yes,
1063,232.862,141.0,92.9,233.9,1,1,4.6,0.0,0.0,0.0,Yes,
1064,233.137,124.0,126.1,250.1,1,1,4.6,0.0,0.0,0.0,Yes,
1065,233.418,165.7,89.3,255.0,1,1,4.6,0.0,0.0,0.0,Yes,
1066,233.702,179.6,79.7,259.4,1,1,4.6,0.0,0.0,0.0,Yes,
1067,233.983,184.7,70.6,255.3,1,1,4.6,0.0,0.0,0.0,Yes,
1068,234.267,182.9,75.2,258.1,1,1,4.6,0.0,0.0,0.0,Yes,
1069,234.552,151.5,109.0,260.5,1,1,4.6,0.0,0.0,0.0,Yes,
1070,234.802,193.6,29.2,222.7,1,1,4.6,0.0,0.0,0.0,Yes,
1071,235.058,144.7,85.7,230.4,1,1,4.6,0.0,0.0,0.0,Yes,
1072,235.332,158.5,90.4,248.9,1,1,4.6,0.0,0.0,0.0,Yes,
1073,235.619,200.5,62.6,263.1,1,1,4.6,0.0,0.0,0.0,Yes,
1074,235.896,237.1,14.7,251.8,1,1,4.6,0.0,0.0,0.0,Yes,
1075,236.160,169.8,70.2,240.1,1,1,4.6,0.0,0.0,0.0,Yes,
1076,236.423,207.0,30.6,237.6,1,1,4.6,0.0,0.0,0.0,Yes,
1077,236.736,239.7,47.5,287.2,1,1,4.5,0.0,0.0,0.0,Yes,
1078,236.998,149.5,89.0,238.5,1,1,4.5,0.0,0.0,0.0,Yes,
1079,237.281,199.8,58.0,257.8,1,1,4.5,0.0,0.0,0.0,Yes,
1080,237.578,254.3,16.5,270.9,1,1,4.5,0.0,0.0,0.0,Yes,
1081,237.844,172.1,68.8,240.9,1,1,4.5,0.0,0.0,0.0,Yes,
1082,238.141,244.6,26.1,270.8,1,1,4.5,0.0,0.0,0.0,Yes,
1083,238.421,224.8,29.5,254.4,1,1,4.5,0.0,0.0,0.0,Yes,
1084,238.698,210.6,41.6,252.1,1,1,4.5,0.0,0.0,0.0,Yes,
1085,238.981,237.0,19.8,256.8,1,1,4.5,0.0,0.0,0.0,Yes,
1086,239.265,242.0,16.4,258.4,1,1,4.5,0.0,0.0,0.0,Yes,
1087,239.508,185.9,29.5,215.5,1,1,4.5,0.0,0.0,0.0,Yes,
1088,239.766,175.5,57.6,233.1,1,1,4.5,0.0,0.0,0.0,Yes,
1089,240.048,241.8,16.6,258.4,1,1,4.5,0.0,0.0,0.0,Yes,
1090,240.328,241.8,13.0,254.9,1,1,4.5,0.0,0.0,0.0,Yes,
1091,240.616,242.5,20.5,263.0,1,1,4.5,0.0,0.0,0.0,Yes,
1092,240.895,234.5,19.9,254.5,1,1,4.5,0.0,0.0,0.0,Yes,
1093,241.195,233.7,41.2,274.9,1,1,4.5,0.0,0.0,0.0,Yes,
1094,241.499,253.8,23.5,277.3,1,1,4.5,0.0,0.0,0.0,Yes,
1095,241.782,245.6,11.4,257.0,1,1,4.5,0.0,0.0,0.0,Yes,
1096,242.060,234.4,18.0,252.4,1,1,4.5,0.0,0.0,0.0,Yes,
1097,242.342,226.4,31.1,257.5,1,1,4.5,0.0,0.0,0.0,Yes,
1098,242.609,222.9,19.4,242.3,1,1,4.5,0.0,0.0,0.0,Yes,
1099,242.887,236.2,16.1,252.3,1,1,4.5,0.0,0.0,0.0,Yes,
1100,243.165,210.8,42.0,252.9,1,1,4.5,0.0,0.0,0.0,Yes,
1101,243.446,245.6,11.0,256.6,1,1,4.5,0.0,0.0,0.0,Yes,
1102,243.725,215.6,39.3,254.9,1,1,4.5,0.0,0.0,0.0,Yes,
1103,243.989,174.9,63.5,238.4,2,1,4.5,0.0,0.0,0.0,Yes,
1104,244.068,39.3,14.1,53.4,2,1,4.5,0.0,0.0,0.0,Yes,
1105,244.146,37.6,14.6,52.2,2,2,4.5,0.0,0.0,0.0,Yes,
1106,244.219,35.2,11.2,46.4,1,1,4.5,0.0,0.0,0.0,Yes,
1107,244.507,247.7,13.6,261.3,1,1,4.5,0.0,0.0,0.0,Yes,
1108,244.799,255.3,11.2,266.6,1,1,4.5,0.0,0.0,0.0,Yes,
1109,245.071,217.5,29.3,246.8,1,1,4.5,0.0,0.0,0.0,Yes,
1110,245.340,197.5,46.4,244.0,1,1,4.5,0.0,0.0,0.0,Yes,
1111,245.628,248.8,15.6,264.4,2,2,4.5,0.0,0.0,0.0,Yes,
1112,245.709,39.0,16.1,55.1,2,2,4.5,0.0,0.0,0.0,Yes,
1113,245.792,43.4,14.3,57.6,2,2,4.5,0.0,0.0,0.0,Yes,
1114,245.872,38.4,16.1,54.5,2,2,4.5,0.0,0.0,0.0,Yes,
1115,245.952,40.6,13.7,54.3,2,2,4.5,0.0,0.0,0.0,Yes,
1116,246.032,37.7,16.8,54.5,2,2,4.5,0.0,0.0,0.0,Yes,
1117,246.111,37.1,16.3,53.4,2,2,4.5,0.0,0.0,0.0,Yes,
1118,246.193,40.0,14.3,54.3,2,2,4.5,0.0,0.0,0.0,Yes,
1119,246.274,39.7,15.8,55.6,2,2,4.5,0.0,0.0,0.0,Yes,
1120,246.361,43.3,17.2,60.5,2,2,4.5,0.0,0.0,0.0,Yes,
1121,246.443,40.2,16.9,57.1,2,2,4.5,0.0,0.0,0.0,Yes,
1122,246.539,47.0,23.3,70.3,2,2,4.6,0.0,0.0,0.0,Yes,
1123,246.629,44.7,19.5,64.1,2,2,4.6,0.0,0.0,0.0,Yes,
1124,246.719,49.1,15.7,64.8,2,2,4.6,0.0,0.0,0.0,Yes,
1125,246.800,39.0,16.0,55.1,2,2,4.6,0.0,0.0,0.0,Yes,
1126,246.918,53.3,38.0,91.3,2,2,4.6,0.0,0.0,0.0,Yes,
1127,246.999,36.5,19.0,55.5,1,1,4.6,0.0,0.0,0.0,Yes,
1128,247.274,218.5,32.1,250.6,1,1,4.6,0.0,0.0,0.0,Yes,
1129,247.578,241.6,34.7,276.3,1,1,4.6,0.0,0.0,0.0,Yes,
1130,247.812,135.1,72.3,207.4,1,1,4.6,0.0,0.0,0.0,Yes,
1131,248.083,189.8,56.8,246.6,1,1,4.6,0.0,0.0,0.0,Yes,
1132,248.375,252.6,15.1,267.7,1,1,4.6,0.0,0.0,0.0,Yes,
1133,248.676,255.3,21.1,276.4,1,1,4.6,0.0,0.0,0.0,Yes,
1134,248.959,245.9,11.8,257.7,1,1,4.6,0.0,0.0,0.0,Yes,
1135,249.244,248.6,13.0,261.7,1,1,4.6,0.0,0.0,0.0,Yes,
1136,249.526,208.7,47.7,256.4,1,1,4.6,0.0,0.0,0.0,Yes,
1137,249.818,251.8,14.4,266.2,1,1,4.6,0.0,0.0,0.0,Yes,
1138,250.060,183.5,34.4,217.9,1,1,4.6,0.0,0.0,0.0,Yes,
1139,250.350,245.6,20.9,266.6,1,1,4.5,0.0,0.0,0.0,Yes,
1140,250.629,199.2,55.5,254.7,1,1,4.5,0.0,0.0,0.0,Yes,
1141,250.909,238.1,16.9,255.0,1,1,4.5,0.0,0.0,0.0,Yes,
1142,251.197,247.5,14.0,261.5,1,1,4.5,0.0,0.0,0.0,Yes,
1143,251.475,238.6,13.9,252.5,1,1,4.5,0.0,0.0,0.0,Yes,
1144,251.746,189.2,56.3,245.4,1,1,4.5,0.0,0.0,0.0,Yes,
1145,252.038,245.2,23.3,268.5,1,1,4.5,0.0,0.0,0.0,Yes,
1146,252.327,245.7,19.1,264.8,1,1,4.5,0.0,0.0,0.0,Yes,
1147,252.619,246.9,21.0,267.9,1,1,4.5,0.0,0.0,0.0,Yes,
1148,252.902,239.0,18.6,257.6,1,1,4.5,0.0,0.0,0.0,Yes,
1149,253.193,253.1,14.3,267.4,1,1,4.5,0.0,0.0,0.0,Yes,
1150,253.490,248.9,23.2,272.1,1,1,4.5,0.0,0.0,0.0,Yes,
1151,253.747,188.6,44.2,232.8,1,1,4.5,0.0,0.0,0.0,Yes,
1152,254.028,218.9,36.5,255.4,1,1,4.5,0.0,0.0,0.0,Yes,
1153,254.308,238.1,18.1,256.2,1,1,4.5,0.0,0.0,0.0,Yes,
1154,254.578,173.1,69.1,242.2,1,1,4.5,0.0,0.0,0.0,Yes,
1155,254.860,236.7,21.1,257.8,1,1,4.5,0.0,0.0,0.0,Yes,
1156,255.167,237.9,44.3,282.2,1,1,4.5,0.0,0.0,0.0,Yes,
1157,255.435,182.3,60.1,242.5,1,1,4.5,0.0,0.0,0.0,Yes,
1158,255.726,251.4,16.5,267.9,2,1,4.5,0.0,0.0,0.0,Yes,
1159,255.808,39.4,17.3,56.6,2,1,4.5,0.0,0.0,0.0,Yes,
1160,255.882,36.0,13.2,49.2,1,1,4.5,0.0,0.0,0.0,Yes,
1161,256.157,151.7,99.0,250.6,1,1,4.5,0.0,0.0,0.0,Yes,
1162,256.472,245.0,45.1,290.1,1,1,4.5,0.0,0.0,0.0,Yes,
1163,256.759,250.8,11.0,261.8,1,1,4.5,0.0,0.0,0.0,Yes,
1164,257.012,174.1,52.6,226.7,1,1,4.5,0.0,0.0,0.0,Yes,
1165,257.307,219.8,50.6,270.4,1,1,4.5,0.0,0.0,0.0,Yes,
1166,257.621,233.7,53.3,287.0,1,1,4.5,0.0,0.0,0.0,Yes,
1167,257.894,235.7,13.2,248.9,1,1,4.5,0.0,0.0,0.0,Yes,
1168,258.160,188.5,51.6,240.0,1,1,4.5,0.0,0.0,0.0,Yes,
1169,258.449,247.8,16.4,264.2,1,1,4.5,0.0,0.0,0.0,Yes,
1170,258.747,257.1,16.6,273.8,1,1,4.5,0.0,0.0,0.0,Yes,
1171,258.978,137.6,67.9,205.5,1,1,4.5,0.0,0.0,0.0,Yes,
1172,259.210,173.1,33.7,206.8,1,1,4.5,0.0,0.0,0.0,Yes,
1173,259.493,195.3,63.3,258.6,1,1,4.5,0.0,0.0,0.0,Yes,
1174,259.761,159.6,83.6,243.2,1,1,4.5,0.0,0.0,0.0,Yes,
1175,260.031,172.9,72.8,245.7,1,1,4.5,0.0,0.0,0.0,Yes,
1176,260.299,187.9,56.9,244.8,1,1,4.5,0.0,0.0,0.0,Yes,
1177,260.558,167.1,68.0,235.1,1,1,4.5,0.0,0.0,0.0,Yes,
1178,260.837,205.8,46.9,252.6,1,1,4.5,0.0,0.0,0.0,Yes,
1179,261.118,207.3,48.9,256.1,1,1,4.5,0.0,0.0,0.0,Yes,
1180,261.386,217.1,25.5,242.6,1,1,4.5,0.0,0.0,0.0,Yes,
1181,261.661,162.9,87.2,250.1,1,1,4.5,0.0,0.0,0.0,Yes,
1182,261.936,226.5,25.2,251.6,1,1,4.5,0.0,0.0,0.0,Yes,
1183,262.209,192.2,53.0,245.3,2,1,4.5,0.0,0.0,0.0,Yes,
1184,262.289,40.9,15.1,56.0,2,1,4.5,0.0,0.0,0.0,Yes,
1185,262.363,33.8,14.8,48.6,2,2,4.5,0.0,0.0,0.0,Yes,
1186,262.443,36.2,17.1,53.3,1,1,4.5,0.0,0.0,0.0,Yes,
1187,262.713,189.9,55.8,245.6,1,1,4.5,0.0,0.0,0.0,Yes,
1188,262.985,205.6,42.7,248.3,1,1,4.5,0.0,0.0,0.0,Yes,
1189,263.266,227.9,27.8,255.7,1,1,4.5,0.0,0.0,0.0,Yes,
1190,263.542,231.2,18.1,249.3,1,1,4.5,0.0,0.0,0.0,Yes,
1191,263.815,188.8,58.1,246.9,1,1,4.5,0.0,0.0,0.0,Yes,
1192,264.043,152.7,51.1,203.8,1,1,4.5,0.0,0.0,0.0,Yes,
1193,264.317,238.3,11.2,249.5,1,1,4.5,0.0,0.0,0.0,Yes,
1194,264.599,196.6,59.7,256.3,1,1,4.5,0.0,0.0,0.0,Yes,
1195,264.764,104.8,36.2,141.0,1,1,4.5,0.0,0.0,0.0,Yes,
1196,264.929,95.4,45.5,140.9,1,1,4.5,0.0,0.0,0.0,Yes,
1197,265.195,104.6,136.9,241.6,2,1,4.5,0.0,0.0,0.0,Yes,
1198,265.277,42.6,13.9,56.5,1,0,4.5,0.0,0.0,0.0,Yes,
1199,265.600,251.1,46.4,297.5,1,1,4.5,0.0,0.0,0.0,Yes,
1200,265.876,202.0,50.1,252.1,2,1,4.5,0.0,0.0,0.0,Yes,
1201,265.958,41.5,16.2,57.7,2,1,4.5,0.0,0.0,0.0,Yes,
1202,266.045,42.7,16.9,59.6,2,2,4.5,0.0,0.0,0.0,Yes,
1203,266.111,37.1,2.9,40.0,0,0,4.5,0.0,0.0,0.0,Yes,
1204,266.178,39.1,2.3,41.4,0,0,4.5,0.0,0.0,0.0,Yes,
1205,266.265,40.1,22.0,62.1,1,0,4.5,0.0,0.0,0.0,Yes,
1206,266.542,166.9,84.9,251.8,2,0,4.5,0.0,0.0,0.0,Yes,
1207,266.635,41.0,27.4,68.4,2,1,4.5,0.0,0.0,0.0,Yes,
1208,266.714,37.3,15.8,53.0,2,2,4.5,0.0,0.0,0.0,Yes,
1209,266.819,43.8,36.3,80.1,1,1,4.5,0.0,0.0,0.0,Yes,
1210,267.116,231.9,37.9,269.8,1,1,4.5,0.0,0.0,0.0,Yes,
1211,267.416,240.8,33.5,274.4,1,1,4.5,0.0,0.0,0.0,Yes,
1212,267.713,252.3,20.6,272.9,1,1,4.5,0.0,0.0,0.0,Yes,
1213,268.004,246.3,19.5,265.8,1,1,4.5,0.0,0.0,0.0,Yes,
1214,268.286,210.1,44.0,254.1,1,1,4.5,0.0,0.0,0.0,Yes,
1215,268.562,236.5,15.5,252.0,1,1,4.5,0.0,0.0,0.0,Yes,
1216,268.860,249.9,23.6,273.4,1,1,4.5,0.0,0.0,0.0,Yes,
1217,269.121,157.8,77.8,235.6,1,1,4.5,0.0,0.0,0.0,Yes,
1218,269.405,213.9,46.2,260.2,1,1,4.5,0.0,0.0,0.0,Yes,
1219,269.696,249.7,16.5,266.2,1,1,4.5,0.0,0.0,0.0,Yes,
1220,270.001,247.7,32.6,280.3,1,1,4.5,0.0,0.0,0.0,Yes,
1221,270.294,248.8,20.6,269.4,1,1,4.5,0.0,0.0,0.0,Yes,
1222,270.571,237.9,13.5,251.4,1,1,4.5,0.0,0.0,0.0,Yes,
1223,270.853,211.2,47.5,258.6,1,1,4.5,0.0,0.0,0.0,Yes,
1224,271.138,248.4,11.9,260.2,1,1,4.5,0.0,0.0,0.0,Yes,
1225,271.419,207.5,48.8,256.3,1,1,4.5,0.0,0.0,0.0,Yes,
1226,271.708,251.1,11.8,263.0,1,1,4.5,0.0,0.0,0.0,Yes,
1227,272.001,247.2,20.3,267.4,1,1,4.5,0.0,0.0,0.0,Yes,
1228,272.283,168.3,90.5,258.8,1,1,4.5,0.0,0.0,0.0,Yes,
1229,272.595,235.4,52.7,288.1,1,1,4.5,0.0,0.0,0.0,Yes,
1230,272.870,171.4,77.7,249.1,2,1,4.5,0.0,0.0,0.0,Yes,
1231,272.946,36.5,15.0,51.4,2,1,4.5,0.0,0.0,0.0,Yes,
1232,273.033,36.2,23.7,59.9,1,1,4.5,0.0,0.0,0.0,Yes,
1233,273.334,247.3,28.0,275.3,1,1,4.5,0.0,0.0,0.0,Yes,
1234,273.611,234.2,17.5,251.7,1,1,4.5,0.0,0.0,0.0,Yes,
1235,273.885,223.6,24.9,248.5,1,1,4.5,0.0,0.0,0.0,Yes,
1236,274.137,122.5,104.3,226.8,2,1,4.5,0.0,0.0,0.0,Yes,
1237,274.213,37.3,15.2,52.5,2,1,4.5,0.0,0.0,0.0,Yes,
1238,274.295,37.2,17.5,54.7,2,2,4.5,0.0,0.0,0.0,Yes,
1239,274.379,40.9,16.3,57.2,2,2,4.5,0.0,0.0,0.0,Yes,
1240,274.488,57.2,26.5,83.7,1,1,4.5,0.0,0.0,0.0,Yes,
1241,274.764,234.2,17.0,251.2,1,1,4.5,0.0,0.0,0.0,Yes,
1242,275.030,201.8,39.4,241.2,1,1,4.5,0.0,0.0,0.0,Yes,
1243,275.316,245.2,16.2,261.4,1,1,4.5,0.0,0.0,0.0,Yes,
1244,275.583,241.8,1.4,243.3,0,0,4.5,0.0,0.0,0.0,Yes,
1245,275.658,48.5,1.5,50.0,0,0,4.5,0.0,0.0,0.0,Yes,
1246,275.727,41.2,1.6,42.8,0,0,4.5,0.0,0.0,0.0,Yes,
1247,275.796,42.0,1.5,43.5,0,0,4.5,0.0,0.0,0.0,Yes,
1248,275.859,35.5,1.7,37.3,0,0,4.5,0.0,0.0,0.0,Yes,
1249,275.924,38.8,1.6,40.4,0,0,4.5,0.0,0.0,0.0,Yes,
1250,275.992,38.4,1.7,40.1,0,0,4.5,0.0,0.0,0.0,Yes,
1251,276.056,36.7,1.7,38.4,0,0,4.5,0.0,0.0,0.0,Yes,
1252,276.122,38.4,1.6,39.9,0,0,4.5,0.0,0.0,0.0,Yes,
1253,276.188,38.6,1.6,40.2,0,0,4.5,0.0,0.0,0.0,Yes,
1254,276.250,35.6,1.6,37.1,0,0,4.5,0.0,0.0,0.0,Yes,
1255,276.314,36.8,1.5,38.3,0,0,4.5,0.0,0.0,0.0,Yes,
1256,276.381,39.5,1.5,41.0,0,0,4.5,0.0,0.0,0.0,Yes,
1257,276.450,41.6,2.0,43.6,0,0,4.5,0.0,0.0,0.0,Yes,
1258,276.526,47.7,1.7,49.4,0,0,4.5,0.0,0.0,0.0,Yes,
1259,276.594,41.7,1.5,43.2,0,0,4.6,0.0,0.0,0.0,Yes,
1260,276.663,41.4,1.5,42.9,0,0,4.6,0.0,0.0,0.0,Yes,
1261,276.734,43.2,1.9,45.1,0,0,4.6,0.0,0.0,0.0,Yes,
1262,276.802,38.6,1.7,40.3,0,0,4.6,0.0,0.0,0.0,Yes,
1263,276.870,40.1,2.0,42.1,0,0,4.6,0.0,0.0,0.0,Yes,
1264,276.945,46.4,1.7,48.0,0,0,4.6,0.0,0.0,0.0,Yes,
1265,277.012,39.6,1.6,41.2,0,0,4.6,0.0,0.0,0.0,Yes,
1266,277.080,41.7,1.7,43.5,0,0,4.6,0.0,0.0,0.0,Yes,
1267,277.152,44.1,1.7,45.8,0,0,4.6,0.0,0.0,0.0,Yes,
1268,277.222,42.2,1.6,43.9,0,0,4.6,0.0,0.0,0.0,Yes,
1269,277.294,44.6,1.7,46.2,0,0,4.6,0.0,0.0,0.0,Yes,
1270,277.365,44.5,1.6,46.1,0,0,4.6,0.0,0.0,0.0,Yes,
1271,277.434,41.5,1.7,43.2,0,0,4.6,0.0,0.0,0.0,Yes,
1272,277.506,44.4,1.6,46.0,0,0,4.6,0.0,0.0,0.0,Yes,
1273,277.577,43.1,1.6,44.6,0,0,4.6,0.0,0.0,0.0,Yes,
1274,277.650,42.5,1.8,44.3,0,0,4.6,0.0,0.0,0.0,Yes,
1275,277.722,45.6,0.1,45.7,0,0,4.6,0.0,0.0,0.0,Yes,
1276,277.787,38.5,0.1,38.6,0,0,4.6,0.0,0.0,0.0,Yes,
1277,277.855,41.7,0.1,41.8,0,0,4.6,0.0,0.0,0.0,Yes,
1278,277.920,37.7,0.1,37.8,0,0,4.6,0.0,0.0,0.0,Yes,
1279,277.992,45.0,0.1,45.1,0,0,4.6,0.0,0.0,0.0,Yes,
1280,278.057,38.9,0.1,39.0,0,0,4.6,0.0,0.0,0.0,Yes,
1281,278.123,39.7,0.1,39.8,0,0,4.6,0.0,0.0,0.0,Yes,
1282,278.186,36.3,0.1,36.4,0,0,4.6,0.0,0.0,0.0,Yes,
1283,278.254,41.2,0.1,41.3,0,0,4.6,0.0,0.0,0.0,Yes,
1284,278.326,46.0,0.1,46.1,0,0,4.6,0.0,0.0,0.0,Yes,
1285,278.402,48.5,0.1,48.6,0,0,4.6,0.0,0.0,0.0,Yes,
1286,278.477,46.2,0.1,46.3,0,0,4.6,0.0,0.0,0.0,Yes,
1287,278.546,41.7,0.1,41.8,0,0,4.6,0.0,0.0,0.0,Yes,
1288,278.615,42.1,0.1,42.2,0,0,4.6,0.0,0.0,0.0,Yes,
1289,278.685,43.6,0.1,43.7,0,0,4.6,0.0,0.0,0.0,Yes,
1290,278.752,41.1,0.1,41.2,0,0,4.6,0.0,0.0,0.0,Yes,
1291,278.821,42.4,0.1,42.5,0,0,4.6,0.0,0.0,0.0,Yes,
1292,278.891,42.0,0.1,42.1,0,0,4.6,0.0,0.0,0.0,Yes,
1293,278.958,40.5,0.1,40.6,0,0,4.6,0.0,0.0,0.0,Yes,
1294,279.025,40.2,0.1,40.3,0,0,4.6,0.0,0.0,0.0,Yes,
1295,279.089,38.5,0.1,38.6,0,0,4.6,0.0,0.0,0.0,Yes,
1296,279.159,42.9,0.1,43.0,0,0,4.6,0.0,0.0,0.0,Yes,
1297,279.228,43.3,0.1,43.4,0,0,4.6,0.0,0.0,0.0,Yes,
1298,279.302,45.2,0.1,45.3,0,0,4.6,0.0,0.0,0.0,Yes,
1299,279.378,48.7,0.1,48.8,0,0,4.6,0.0,0.0,0.0,Yes,
1300,279.445,41.1,0.1,41.2,0,0,4.7,0.0,0.0,0.0,Yes,
1301,279.513,42.4,0.1,42.5,0,0,4.7,0.0,0.0,0.0,Yes,
1302,279.584,44.1,0.1,44.2,0,0,4.7,0.0,0.0,0.0,Yes,
1303,279.651,40.8,0.1,40.9,0,0,4.7,0.0,0.0,0.0,Yes,
1304,279.729,41.5,10.2,51.6,1,0,4.7,0.0,0.0,0.0,Yes,
1305,279.805,45.1,2.7,47.8,0,0,4.7,0.0,0.0,0.0,Yes,
1306,279.884,41.8,10.8,52.6,1,0,4.7,0.0,0.0,0.0,Yes,
1307,280.010,87.3,11.4,98.8,1,0,4.7,0.0,0.0,0.0,Yes,
1308,280.097,45.8,14.2,60.0,1,1,4.7,0.0,0.0,0.0,Yes,
1309,280.185,43.9,17.7,61.6,2,1,4.7,0.0,0.0,0.0,Yes,
1310,280.271,45.1,12.6,57.7,1,0,4.7,0.0,0.0,0.0,Yes,
1311,280.353,44.2,10.9,55.1,1,1,4.7,0.0,0.0,0.0,Yes,
1312,280.433,40.9,12.5,53.4,1,1,4.7,0.0,0.0,0.0,Yes,
1313,280.517,43.1,13.3,56.4,1,1,4.7,0.0,0.0,0.0,Yes,
1314,280.597,40.5,13.0,53.5,1,1,4.7,0.0,0.0,0.0,Yes,
1315,280.679,44.2,11.6,55.8,1,1,4.7,0.0,0.0,0.0,Yes,
1316,280.761,40.7,14.7,55.4,1,1,4.7,0.0,0.0,0.0,Yes,
1317,280.846,42.3,15.0,57.4,1,1,4.7,0.0,0.0,0.0,Yes,
1318,280.939,46.5,20.1,66.6,1,1,4.7,0.0,0.0,0.0,Yes,
1319,281.022,41.4,14.7,56.1,1,1,4.7,0.0,0.0,0.0,Yes,
1320,281.121,55.6,16.8,72.4,1,1,4.7,0.0,0.0,0.0,Yes,
1321,281.244,83.4,12.1,95.5,1,1,4.7,0.0,0.0,0.0,Yes,
1322,281.333,49.8,10.8,60.6,1,1,4.7,0.0,0.0,0.0,Yes,
1323,281.414,39.3,14.0,53.4,1,1,4.7,0.0,0.0,0.0,Yes,
1324,281.493,40.9,10.5,51.3,1,1,4.7,0.0,0.0,0.0,Yes,
1325,281.573,41.4,12.0,53.4,1,1,4.7,0.0,0.0,0.0,Yes,
1326,281.660,43.9,15.6,59.5,1,1,4.7,0.0,0.0,0.0,Yes,
1327,281.818,104.8,25.8,130.6,1,1,4.7,0.0,0.0,0.0,Yes,
1328,281.957,83.0,27.8,110.7,1,1,4.7,0.0,0.0,0.0,Yes,
1329,282.093,73.8,37.0,110.9,1,1,4.7,0.0,0.0,0.0,Yes,
1330,282.259,96.1,45.3,141.4,1,1,4.7,0.0,0.0,0.0,Yes,
1331,282.458,137.4,34.8,172.2,1,1,4.7,0.0,0.0,0.0,Yes,
1332,282.672,139.5,48.2,187.8,1,1,4.7,0.0,0.0,0.0,Yes,
1333,282.882,140.3,43.3,183.6,1,1,4.7,0.0,0.0,0.0,Yes,
1334,283.145,183.9,52.8,236.7,1,1,4.7,0.0,0.0,0.0,Yes,
1335,283.424,217.2,33.0,250.2,1,1,4.7,0.0,0.0,0.0,Yes,
1336,283.634,175.9,8.4,184.3,0,0,4.7,0.0,0.0,0.0,Yes,
1337,283.730,66.2,4.0,70.3,0,0,4.7,0.0,0.0,0.0,Yes,
1338,283.801,41.1,4.5,45.6,0,0,4.7,0.0,0.0,0.0,Yes,
1339,283.888,41.4,18.6,60.0,1,0,4.7,0.0,0.0,0.0,Yes,
1340,284.117,144.7,58.2,202.8,1,0,4.7,0.0,0.0,0.0,Yes,
1341,284.340,195.1,3.6,198.6,0,0,4.7,0.0,0.0,0.0,Yes,
1342,284.429,53.6,11.1,64.7,1,0,4.7,0.0,0.0,0.0,Yes,
1343,284.699,204.2,39.5,243.7,1,0,4.7,0.0,0.0,0.0,Yes,
1344,284.914,184.5,6.4,190.9,0,0,4.7,0.0,0.0,0.0,Yes,
1345,285.002,54.0,10.2,64.2,0,0,4.7,0.0,0.0,0.0,Yes,
1346,285.074,33.0,13.1,46.1,0,0,4.7,0.0,0.0,0.0,Yes,
1347,285.157,37.0,20.5,57.5,1,0,4.7,0.0,0.0,0.0,Yes,
1348,285.431,211.4,34.3,245.7,1,0,4.7,0.0,0.0,0.0,Yes,
1349,285.698,199.5,41.2,240.7,1,1,4.7,0.0,0.0,0.0,Yes,
1350,285.880,152.7,4.3,157.1,0,0,4.7,0.0,0.0,0.0,Yes,
1351,285.982,74.1,3.1,77.1,0,0,4.7,0.0,0.0,0.0,Yes,
1352,286.045,31.8,3.6,35.4,0,0,4.7,0.0,0.0,0.0,Yes,
1353,286.109,34.8,3.7,38.6,0,0,4.7,0.0,0.0,0.0,Yes,
1354,286.183,34.3,14.9,49.1,1,0,4.7,0.0,0.0,0.0,Yes,
1355,286.462,242.7,10.0,252.7,1,0,4.7,0.0,0.0,0.0,Yes,
1356,286.731,186.2,58.0,244.2,1,1,4.7,0.0,0.0,0.0,Yes,
1357,286.960,150.6,53.5,204.1,1,1,4.7,0.0,0.0,0.0,Yes,
1358,287.191,158.2,47.8,205.9,1,1,4.7,0.0,0.0,0.0,Yes,
1359,287.459,202.4,41.2,243.6,1,1,4.7,0.0,0.0,0.0,Yes,
1360,287.728,184.0,59.3,243.3,1,1,4.7,0.0,0.0,0.0,Yes,
1361,287.952,140.7,59.6,200.3,1,1,4.7,0.0,0.0,0.0,Yes,
1362,288.192,164.0,51.8,215.8,1,1,4.7,0.0,0.0,0.0,Yes,
1363,288.409,159.7,33.9,193.5,1,1,4.7,0.0,0.0,0.0,Yes,
1364,288.625,156.0,35.3,191.3,1,1,4.7,0.0,0.0,0.0,Yes,
1365,288.893,179.5,64.6,244.1,1,1,4.7,0.0,0.0,0.0,Yes,
1366,289.158,197.9,44.3,242.3,1,1,4.7,0.0,0.0,0.0,Yes,
1367,289.375,141.5,50.5,192.0,1,1,4.7,0.0,0.0,0.0,Yes,
1368,289.482,70.4,13.7,84.1,1,1,4.7,0.0,0.0,0.0,Yes,
1369,289.573,52.2,14.4,66.6,1,1,4.7,0.0,0.0,0.0,Yes,
