frame_number,timestamp,bbox_center_x,bbox_center_y,hip_center_x,hip_center_y,left_hip_x,left_hip_y,left_hip_visibility,right_hip_x,right_hip_y,right_hip_visibility,shoulder_center_x,shoulder_center_y,bbox_width,bbox_height,hip_available
10,0.375,,,,,,,,,,,,,,,False
20,0.7916666666666667,,,,,,,,,,,,,,,False
30,1.2083333333333335,,,,,,,,,,,,,,,False
40,1.625,,,,,,,,,,,,,,,False
50,2.0433333333333334,1181.5,495.0,,,,,,,,,1281.092758178711,545.8713555335999,197,182,False
60,2.46,948.0,486.0,,,,,,,,,994.4827651977539,494.66227769851685,164,206,False
70,2.876666666666667,812.5,430.5,,,,,,,,,801.4634704589844,456.2092924118042,147,163,False
80,3.2933333333333334,726.0,459.5,,,,,,,,,725.953483581543,462.78757095336914,128,199,False
90,3.7100000000000004,763.5,572.0,,,,,,,,,719.5718383789062,550.4138588905334,301,296,False
100,4.126666666666667,688.0,657.0,,,,,,,,,697.701301574707,701.1014556884766,132,126,False
110,4.543333333333334,759.5,695.5,,,,,,,,,759.8732757568359,796.3099193572998,99,49,False
120,4.96,799.0,699.5,,,,,,,,,799.9668884277344,811.6146469116211,106,41,False
130,5.376666666666667,,,,,,,,,,,,,,,False
140,5.793333333333334,,,,,,,,,,,,,,,False
150,6.211666666666667,737.0,630.0,,,,,,,,,725.8931350708008,634.0724945068359,70,84,False
160,6.628333333333334,754.5,601.5,,,,,,,,,755.9008026123047,600.5299043655396,77,59,False
170,7.045000000000001,,,,,,,,,,,,,,,False
180,7.461666666666667,709.0,618.5,,,,,,,,,731.041259765625,636.2716913223267,234,203,False
190,7.878333333333334,714.5,614.5,,,,,,,,,738.0907440185547,623.9869379997253,233,211,False
200,8.295,719.5,603.5,,,,,,,,,741.36474609375,605.6353282928467,227,221,False
210,8.711666666666668,721.0,575.0,,,,,,,,,749.0012741088867,585.0151705741882,230,190,False
220,9.128333333333334,723.0,573.0,,,,,,,,,752.1977233886719,576.7698884010315,226,184,False
230,9.545,749.0,587.5,,,,,,,,,758.6722183227539,565.2133011817932,246,233,False
240,9.961666666666668,765.5,558.0,,,,,,,,,760.6576538085938,549.1720175743103,209,196,False
250,10.38,767.0,543.0,,,,,,,,,762.5282287597656,528.4100675582886,162,196,False
260,10.796666666666667,758.5,575.0,757.4755859375,688.1325674057007,733.9198303222656,691.4990186691284,0.5018404722213745,781.0313415527344,684.766116142273,0.5367574691772461,761.6360092163086,517.3758673667908,189,272,True
270,11.213333333333335,753.5,569.5,759.9993896484375,677.335045337677,734.7456359863281,681.5199565887451,0.5439538359642029,785.2531433105469,673.1501340866089,0.5750458240509033,760.7051849365234,514.220495223999,185,263,True
280,11.63,750.5,567.5,757.7005004882812,680.0147867202759,731.3294219970703,682.8820037841797,0.5838117003440857,784.0715789794922,677.1475696563721,0.6114464402198792,758.7548828125,512.3477339744568,191,269,True
290,12.046666666666667,750.0,569.5,755.5437088012695,683.4310841560364,729.4761657714844,684.3440008163452,0.6204097270965576,781.6112518310547,682.5181674957275,0.6439113020896912,759.6774291992188,514.2715430259705,196,269,True
300,12.463333333333335,751.0,572.5,752.9904174804688,688.9072751998901,727.7794647216797,688.0339908599854,0.656217634677887,778.2013702392578,689.7805595397949,0.6730524301528931,758.7203598022461,516.5967607498169,198,273,True
310,12.88,750.5,573.0,747.3267364501953,689.8621845245361,721.1582946777344,689.2176389694214,0.6888942718505859,773.4951782226562,690.5067300796509,0.7019403576850891,758.0250930786133,515.4465222358704,201,274,True
320,13.296666666666667,755.5,569.0,745.6153869628906,679.8613214492798,720.2194976806641,680.5873203277588,0.7141687273979187,771.0112762451172,679.1353225708008,0.7247034907341003,756.9367980957031,512.9755640029907,191,262,True
330,13.713333333333335,758.5,562.0,743.6386871337891,668.5688138008118,718.3943176269531,669.9697208404541,0.7397561073303223,768.883056640625,667.1679067611694,0.7491990327835083,755.1050186157227,508.19857120513916,181,254,True
340,14.131666666666668,755.0,557.5,743.0696487426758,661.8420696258545,717.8073120117188,663.1977653503418,0.7640030384063721,768.3319854736328,660.4863739013672,0.771619439125061,754.7670364379883,503.0407691001892,184,251,True
350,14.548333333333334,752.0,559.0,742.5899505615234,667.9688358306885,716.3968658447266,668.8625907897949,0.7848652601242065,768.7830352783203,667.075080871582,0.7918911576271057,754.7554397583008,502.60337591171265,188,258,True
360,14.965000000000002,751.5,554.0,742.7887344360352,658.0779433250427,716.4897918701172,660.1043844223022,0.8053823709487915,769.0876770019531,656.0515022277832,0.8112528324127197,754.7467803955078,498.1158685684204,189,252,True
370,15.381666666666668,752.5,539.5,743.3680725097656,632.2602653503418,717.4784088134766,629.98450756073,0.8243799209594727,769.2577362060547,634.5360231399536,0.8294637799263,756.2776184082031,491.7252802848816,177,229,True
380,15.798333333333334,759.0,536.5,751.9620132446289,630.0815176963806,727.2084045410156,628.4558200836182,0.8410677313804626,776.7156219482422,631.7072153091431,0.8453208208084106,758.3135223388672,492.33789682388306,158,229,True
390,16.215,761.0,531.5,754.5625686645508,622.4004006385803,727.520751953125,621.2670278549194,0.856799840927124,781.6043853759766,623.5337734222412,0.8605278134346008,759.3804550170898,489.7386860847473,148,223,True
400,16.631666666666668,762.5,528.5,756.5036392211914,614.7918748855591,728.3271026611328,612.2122764587402,0.8710538148880005,784.68017578125,617.3714733123779,0.8743736147880554,760.7270431518555,489.0826177597046,145,217,True
410,17.048333333333336,758.5,526.5,757.0784759521484,612.049777507782,729.8221588134766,611.0179424285889,0.8838825225830078,784.3347930908203,613.0816125869751,0.8868449926376343,760.9923553466797,488.4300684928894,163,213,True
420,17.465,757.0,524.5,756.7550659179688,612.275812625885,730.4039001464844,612.4651336669922,0.8953771591186523,783.1062316894531,612.0864915847778,0.8979852199554443,760.5298614501953,487.71992683410645,180,215,True
430,17.881666666666668,757.5,524.5,756.162223815918,612.1127772331238,729.9309539794922,612.0734453201294,0.9056687355041504,782.3934936523438,612.1521091461182,0.9079101085662842,760.4153823852539,486.99540853500366,181,215,True
440,18.3,757.5,522.5,755.6948852539062,606.3656401634216,729.5581817626953,607.5474214553833,0.9150179624557495,781.8315887451172,605.18385887146,0.9169774055480957,760.4069137573242,486.2258291244507,183,209,True
450,18.71666666666667,757.5,518.0,753.1800842285156,599.4251990318298,728.5337829589844,599.1479015350342,0.9234467148780823,777.8263854980469,599.7024965286255,0.9251827597618103,760.2058029174805,485.130672454834,183,202,True
460,19.133333333333333,760.0,514.0,752.5867080688477,592.8366422653198,728.8021850585938,593.7411689758301,0.9310372471809387,776.3712310791016,591.9321155548096,0.9325804710388184,759.1250228881836,482.34145402908325,164,198,True
470,19.55,763.0,510.5,749.6791839599609,589.2494988441467,728.68408203125,588.9706563949585,0.9377291202545166,770.6742858886719,589.528341293335,0.9389817118644714,758.6341857910156,478.8034701347351,148,197,True
480,19.96666666666667,761.0,508.0,749.6610641479492,584.2803740501404,728.7741088867188,583.2547616958618,0.9438868165016174,770.5480194091797,585.305986404419,0.9450096487998962,759.0058898925781,477.2865843772888,150,194,True
490,20.383333333333336,758.0,505.5,749.7984313964844,577.1094131469727,728.7584686279297,573.2174205780029,0.9494783282279968,770.8383941650391,581.0014057159424,0.9504896998405457,758.897819519043,476.0508370399475,156,191,True
500,20.8,755.5,504.5,750.4464721679688,577.6513051986694,728.7416076660156,573.9210176467896,0.9545093178749084,772.1513366699219,581.3815927505493,0.9554296731948853,758.2954025268555,475.7839035987854,157,193,True
510,21.21666666666667,753.5,506.5,749.6823120117188,581.9565510749817,727.6509094238281,579.6906852722168,0.9590363502502441,771.7137145996094,584.2224168777466,0.9598749876022339,756.2783050537109,475.44987201690674,165,195,True
520,21.633333333333336,757.5,510.0,747.2202301025391,581.5348863601685,728.4014892578125,575.8301496505737,0.9631310701370239,766.0389709472656,587.2396230697632,0.9638866782188416,758.592414855957,476.49930238723755,153,202,True
530,22.05166666666667,763.0,509.0,752.6358032226562,579.9571251869202,736.6520690917969,571.1470985412598,0.9668095707893372,768.6195373535156,588.7671518325806,0.9674956798553467,760.965576171875,478.8774561882019,144,198,True
540,22.468333333333334,768.0,511.5,746.8220138549805,572.8384566307068,735.6539916992188,561.1463212966919,0.9700372815132141,757.9900360107422,584.5305919647217,0.9707196354866028,756.1713409423828,477.40432262420654,146,185,True
550,22.885,785.0,522.0,755.1536560058594,574.1416025161743,743.1606292724609,566.2598133087158,0.973027229309082,767.1466827392578,582.0233917236328,0.9736441373825073,762.9561614990234,475.9749412536621,126,194,True
560,23.30166666666667,781.5,522.0,754.8283767700195,570.849244594574,750.3598022460938,560.6678581237793,0.9756916761398315,759.2969512939453,581.0306310653687,0.9762551784515381,770.0918579101562,473.9062714576721,103,188,True
570,23.718333333333334,760.5,521.0,760.9909057617188,571.7572045326233,768.4026336669922,563.6182880401611,0.9780609607696533,753.5791778564453,579.8961210250854,0.9785848259925842,768.0995559692383,480.36144733428955,139,170,True
580,24.135,786.5,531.5,755.773811340332,573.8530611991882,768.1492614746094,566.2886953353882,0.9799841046333313,743.3983612060547,581.4174270629883,0.980522871017456,762.039794921875,482.52899408340454,129,193,True
590,24.55166666666667,784.5,531.0,755.64208984375,573.7339496612549,765.7157897949219,566.4475679397583,0.9817041754722595,745.5683898925781,581.0203313827515,0.9822514057159424,764.9694061279297,482.0600152015686,127,194,True
600,24.968333333333334,776.5,571.0,759.2353439331055,569.8471069335938,773.0838012695312,563.4645223617554,0.9832611083984375,745.3868865966797,576.2296915054321,0.9838401675224304,766.5591049194336,483.36037158966064,163,272,True
610,25.385,768.0,577.0,759.6089172363281,568.63361120224,778.49853515625,564.33669090271,0.9848676919937134,740.7192993164062,572.93053150177,0.9854153990745544,761.2013626098633,482.45097398757935,184,286,True
620,25.80166666666667,780.0,574.0,755.4650115966797,567.7066826820374,777.1957397460938,564.3659591674805,0.9863119721412659,733.7342834472656,571.0474061965942,0.9868103265762329,750.9513473510742,480.1910090446472,224,292,True
630,26.220000000000002,782.5,574.0,757.0534515380859,565.0348162651062,776.1796569824219,560.9271097183228,0.9876523017883301,737.92724609375,569.1425228118896,0.9880883097648621,752.9100036621094,478.0425810813904,205,292,True
640,26.636666666666667,768.0,576.5,758.7833404541016,565.8089232444763,778.6911010742188,562.3356771469116,0.9888279438018799,738.8755798339844,569.282169342041,0.989197850227356,755.9376907348633,479.1660189628601,186,287,True
650,27.053333333333335,749.0,577.5,754.6527099609375,569.1566205024719,776.2549591064453,567.4025201797485,0.9898977279663086,733.0504608154297,570.9107208251953,0.9902247786521912,753.6154937744141,484.00923013687134,160,285,True
660,27.470000000000002,743.5,573.0,748.8329315185547,572.6182579994202,772.9396820068359,573.446159362793,0.9908736348152161,724.7261810302734,571.7903566360474,0.9911755323410034,750.4819488525391,485.9704399108887,163,294,True
670,27.886666666666667,745.0,569.5,748.6495971679688,574.1405940055847,772.1267700195312,576.4000654220581,0.9917461276054382,725.1724243164062,571.8811225891113,0.9920100569725037,750.0226593017578,485.051429271698,168,301,True
680,28.303333333333335,748.0,566.5,746.1360168457031,573.7500858306885,769.5008850097656,575.4266166687012,0.9925472736358643,722.7711486816406,572.0735549926758,0.9927796721458435,748.6655807495117,484.3755769729614,172,307,True
690,28.720000000000002,750.0,566.0,743.5874176025391,571.4003205299377,766.4503479003906,574.1618585586548,0.9932717680931091,720.7244873046875,568.6387825012207,0.9934790730476379,747.9224014282227,482.7277994155884,172,308,True
700,29.13666666666667,753.5,566.5,744.5520401000977,561.8837571144104,765.8725738525391,564.5638847351074,0.9939287304878235,723.2315063476562,559.2036294937134,0.9941033124923706,749.3529510498047,477.4853038787842,167,307,True
710,29.553333333333335,756.5,564.0,745.3030776977539,555.9204125404358,765.8293914794922,558.4259176254272,0.9945237040519714,724.7767639160156,553.4149074554443,0.9946680665016174,750.9856033325195,469.48152780532837,165,312,True
720,29.970000000000002,755.0,555.5,745.8044815063477,553.0596327781677,765.8589935302734,555.7526779174805,0.9950602650642395,725.7499694824219,550.366587638855,0.9951805472373962,754.8378753662109,467.49847412109375,168,305,True
730,30.388333333333335,750.5,556.0,746.2876129150391,554.9500322341919,766.2433624267578,556.9902276992798,0.9955345392227173,726.3318634033203,552.909836769104,0.9956298470497131,755.5201721191406,468.5748767852783,165,306,True
740,30.805000000000003,749.5,557.5,746.0111618041992,554.5090770721436,765.6942749023438,556.6029167175293,0.9959738254547119,726.3280487060547,552.4152374267578,0.9960463643074036,754.6929931640625,469.83607292175293,163,305,True
750,31.221666666666668,750.5,558.5,746.1398315429688,555.0030970573425,765.7148742675781,556.930103302002,0.9963657855987549,726.5647888183594,553.0760908126831,0.9964169263839722,754.3017196655273,470.9606695175171,165,303,True
760,31.638333333333335,755.0,555.5,746.1544418334961,554.225857257843,765.6175231933594,556.4896202087402,0.9967185854911804,726.6913604736328,551.9620943069458,0.9967468976974487,754.227180480957,470.8247780799866,162,303,True
770,32.055,755.5,554.0,746.2396240234375,553.4555697441101,765.6343078613281,555.7818174362183,0.9970327019691467,726.8449401855469,551.129322052002,0.9970333576202393,755.6037139892578,467.7009701728821,163,300,True
780,32.47166666666667,757.0,555.0,745.8992385864258,554.4717621803284,765.5097961425781,556.6262197494507,0.9972977638244629,726.2886810302734,552.317304611206,0.9972684979438782,758.7736511230469,467.6187229156494,166,302,True
790,32.888333333333335,754.0,562.5,745.2319717407227,563.560266494751,765.4850769042969,566.1717939376831,0.9975296854972839,724.9788665771484,560.9487390518188,0.9974903464317322,755.94970703125,470.07455348968506,168,315,True
800,33.305,750.5,565.5,745.0640487670898,569.0374660491943,765.6037902832031,571.402702331543,0.9977381825447083,724.5243072509766,566.6722297668457,0.9976930022239685,749.7912216186523,474.752562046051,173,309,True
810,33.72166666666667,746.0,567.5,742.2549057006836,570.7389307022095,763.3766937255859,573.0433988571167,0.9979088306427002,721.1331176757812,568.4344625473022,0.9978638887405396,746.736946105957,479.70696687698364,178,305,True
820,34.14,740.5,568.5,738.9214706420898,573.2481908798218,760.5752563476562,575.8625936508179,0.9980698227882385,717.2676849365234,570.6337881088257,0.9980347156524658,741.6736602783203,483.23872804641724,179,303,True
830,34.55666666666667,738.0,568.5,736.1985397338867,576.9127535820007,757.7478790283203,578.8836622238159,0.998212993144989,714.6492004394531,574.9418449401855,0.9981805086135864,736.907958984375,486.99886322021484,178,303,True
840,34.973333333333336,745.0,571.5,735.5573654174805,576.1691808700562,756.7837524414062,578.1174945831299,0.9983320236206055,714.3309783935547,574.2208671569824,0.9982829093933105,736.7576217651367,486.3239336013794,180,297,True
850,35.39,749.0,572.0,735.1503372192383,574.721839427948,755.9895324707031,576.4766263961792,0.9984093308448792,714.3111419677734,572.9670524597168,0.9982717633247375,737.9793167114258,485.2021265029907,172,296,True
860,35.80666666666667,749.0,571.5,734.6279525756836,577.0933198928833,755.1236724853516,578.7839269638062,0.9984877109527588,714.1322326660156,575.4027128219604,0.9982924461364746,738.0695343017578,485.3690028190613,170,297,True
870,36.223333333333336,746.5,572.0,734.5873260498047,579.7983813285828,755.3998565673828,581.6834163665771,0.9985722303390503,713.7747955322266,577.9133462905884,0.9983381032943726,737.6539611816406,487.1449685096741,173,296,True
880,36.64,743.0,572.5,733.8649368286133,581.2825226783752,754.8691558837891,583.476676940918,0.998665988445282,712.8607177734375,579.0883684158325,0.9984045028686523,738.1533050537109,488.9412546157837,172,295,True
890,37.05666666666667,741.0,572.0,732.6142120361328,582.9185628890991,753.9253234863281,585.9210920333862,0.9987662434577942,711.3031005859375,579.916033744812,0.9984925389289856,738.6047744750977,489.976007938385,172,296,True
900,37.473333333333336,739.0,572.5,730.7653045654297,584.2562127113342,751.9583129882812,587.4869871139526,0.9988643527030945,709.5722961425781,581.0254383087158,0.9985888004302979,738.7995910644531,490.58570623397827,176,295,True
910,37.89,737.0,572.5,729.8934936523438,586.2222933769226,751.3154602050781,589.7524881362915,0.9989549517631531,708.4715270996094,582.6920986175537,0.9986826777458191,738.6117935180664,491.8480181694031,178,295,True
920,38.30833333333334,735.0,573.0,728.7000274658203,589.1413521766663,750.2715301513672,592.8011512756348,0.9990459680557251,707.1285247802734,585.4815530776978,0.998790979385376,737.7571487426758,494.0976619720459,178,294,True
930,38.725,733.5,573.5,727.2767639160156,591.4501547813416,749.1879272460938,595.2955198287964,0.9991179704666138,705.3656005859375,587.6047897338867,0.9988833665847778,736.2801742553711,495.81852436065674,181,293,True
940,39.141666666666666,729.0,574.5,723.6994552612305,596.2361168861389,746.2779998779297,599.9529504776001,0.9991334080696106,701.1209106445312,592.5192832946777,0.9989138841629028,734.0707778930664,499.0375828742981,190,291,True
950,39.55833333333334,726.0,574.5,721.6176223754883,598.2807970046997,744.8968505859375,602.1807289123535,0.9991384744644165,698.3383941650391,594.3808650970459,0.9989345073699951,731.1486434936523,500.29884338378906,200,291,True
960,39.975,730.5,576.0,721.151123046875,599.2342042922974,743.9311218261719,602.6997470855713,0.9991053938865662,698.3711242675781,595.7686614990234,0.9988827109336853,730.1750946044922,499.8022270202637,193,288,True
970,40.391666666666666,733.0,576.5,721.5606307983398,598.9734935760498,744.3112945556641,602.0745992660522,0.9990097880363464,698.8099670410156,595.8723878860474,0.9987988471984863,730.9114074707031,499.1272974014282,192,287,True
980,40.80833333333334,733.0,576.5,721.8939208984375,600.6961798667908,744.7391510009766,603.5044956207275,0.9988383054733276,699.0486907958984,597.887864112854,0.9986597895622253,731.270866394043,499.48225021362305,192,287,True
990,41.225,731.5,577.0,721.896858215332,605.4134345054626,745.2162933349609,607.947735786438,0.9986448884010315,698.5774230957031,602.8791332244873,0.9985108971595764,730.7106018066406,501.5791583061218,193,286,True
1000,41.64166666666667,730.5,577.5,721.8155670166016,608.7782120704651,745.3932189941406,611.2163829803467,0.9983533620834351,698.2379150390625,606.3400411605835,0.9982902407646179,729.8677825927734,503.2522130012512,195,285,True
1010,42.06,729.5,578.0,722.2801208496094,610.3388929367065,746.0713195800781,612.5217390060425,0.9981989860534668,698.4889221191406,608.1560468673706,0.9981743097305298,729.3628692626953,504.6768522262573,197,284,True
1020,42.47666666666667,728.5,578.0,722.215461730957,611.2581396102905,746.3722229003906,613.5779285430908,0.9978457689285278,698.0587005615234,608.9383506774902,0.9979795813560486,728.9036178588867,505.28483390808105,197,284,True
1030,42.89333333333334,727.0,578.0,721.9922637939453,615.8628487586975,746.5004730224609,618.334150314331,0.9974537491798401,697.4840545654297,613.391547203064,0.9977678060531616,727.5027465820312,507.4741816520691,200,284,True
1040,43.31,725.0,580.0,721.5504455566406,620.4795956611633,746.6069030761719,622.245626449585,0.9972243309020996,696.4939880371094,618.7135648727417,0.9976274371147156,725.303955078125,510.5533790588379,206,280,True
1050,43.72666666666667,727.0,581.0,721.2983322143555,621.7420148849487,746.7704010009766,623.168478012085,0.9971365332603455,695.8262634277344,620.3155517578125,0.9975427985191345,725.5081176757812,511.45657539367676,204,278,True
1060,44.14333333333334,727.5,580.5,721.8404388427734,620.971941947937,747.5103759765625,622.6774835586548,0.9972637295722961,696.1705017089844,619.2664003372192,0.9977084994316101,726.06689453125,514.8622298240662,207,279,True
1070,44.56,728.0,580.5,721.9743347167969,622.4454617500305,747.6056671142578,623.9710807800293,0.9970006346702576,696.3430023193359,620.9198427200317,0.9977454543113708,726.2953186035156,513.8809061050415,206,279,True
1080,44.97666666666667,729.5,577.5,722.8232574462891,618.7744188308716,749.1864776611328,617.1117067337036,0.9971581101417542,696.4600372314453,620.4371309280396,0.9978184700012207,726.1261749267578,509.8402976989746,203,285,True
1090,45.39333333333334,736.0,576.0,724.3416595458984,599.9716186523438,749.9607849121094,599.7066164016724,0.9972839951515198,698.7225341796875,600.2366209030151,0.9977772235870361,725.0899505615234,496.866774559021,188,288,True
1100,45.81,736.0,572.5,726.4165878295898,589.8692393302917,750.2693939208984,590.7049512863159,0.99750155210495,702.5637817382812,589.0335273742676,0.9979375600814819,726.8096542358398,491.644492149353,194,295,True
1110,46.22833333333334,735.0,568.5,727.1734237670898,585.6327223777771,750.2588653564453,586.8403816223145,0.9977139830589294,704.0879821777344,584.4250631332397,0.9981111288070679,730.0044250488281,487.6577854156494,194,303,True
1120,46.645,732.5,567.0,727.3101806640625,578.9803504943848,750.2458190917969,580.0431060791016,0.9979251027107239,704.3745422363281,577.917594909668,0.9982838034629822,731.3442611694336,485.06962537765503,183,306,True
1130,47.06166666666667,729.5,564.5,726.0294342041016,572.6910424232483,747.9495239257812,574.5668935775757,0.9981169104576111,704.1093444824219,570.8151912689209,0.9984387159347534,732.3821640014648,482.58459091186523,175,311,True
1140,47.47833333333334,729.0,564.0,725.196533203125,572.4372625350952,746.4862823486328,575.2334117889404,0.998288631439209,703.9067840576172,569.64111328125,0.9985754489898682,735.5083084106445,483.02618980407715,174,312,True
1150,47.895,731.5,563.5,725.7239532470703,566.3474678993225,746.6523742675781,569.3933629989624,0.9984483122825623,704.7955322265625,563.3015727996826,0.9987013339996338,737.6546096801758,479.27412271499634,173,313,True
1160,48.31166666666667,741.5,559.5,733.6203002929688,558.7802052497864,753.5039520263672,560.7073402404785,0.9985790848731995,713.7366485595703,556.8530702590942,0.998797595500946,741.396598815918,470.21557331085205,165,309,True
1170,48.72833333333334,747.0,550.5,738.7777709960938,551.982843875885,758.6228942871094,553.3864116668701,0.9987082481384277,718.9326477050781,550.5792760848999,0.9988995790481567,746.3981628417969,466.50288105010986,178,299,True
1180,49.145,746.0,548.5,740.8785629272461,553.1323313713074,760.9668731689453,554.8137760162354,0.9988335967063904,720.7902526855469,551.4508867263794,0.9990034699440002,748.5476303100586,466.602144241333,174,303,True
1190,49.56166666666667,745.0,547.0,740.8694839477539,548.8754081726074,760.4942321777344,551.5225982666016,0.9989444613456726,721.2447357177734,546.2282180786133,0.9990958571434021,749.5501708984375,465.90704441070557,168,302,True
1200,49.97833333333334,748.0,540.0,742.0380020141602,543.0796265602112,760.99853515625,545.4752254486084,0.9990357756614685,723.0774688720703,540.684027671814,0.9991664886474609,751.2041473388672,460.50363779067993,162,288,True
1210,50.39666666666667,754.5,529.0,744.3859481811523,532.5290179252625,762.3612976074219,534.2839336395264,0.9991142153739929,726.4105987548828,530.7741022109985,0.9992138147354126,754.0205764770508,454.3290853500366,153,272,True
1220,50.81333333333334,754.0,527.0,750.1492691040039,526.9307327270508,767.5690460205078,528.936595916748,0.9991878271102905,732.7294921875,524.9248695373535,0.9992733597755432,757.4758529663086,451.1144471168518,154,272,True
1230,51.230000000000004,754.0,523.0,751.2701034545898,524.0264582633972,768.5944366455078,525.5678701400757,0.9992594122886658,733.9457702636719,522.4850463867188,0.9993332028388977,758.8112640380859,449.93526220321655,152,270,True
1240,51.64666666666667,754.5,516.5,750.3628540039062,520.5665373802185,767.5785827636719,522.4273681640625,0.9993272423744202,733.1471252441406,518.7057065963745,0.9993903040885925,758.8007354736328,448.8786005973816,149,259,True
1250,52.06333333333334,757.0,512.0,750.3454971313477,517.0369863510132,766.9631195068359,518.8717031478882,0.9993821382522583,733.7278747558594,515.2022695541382,0.9994333386421204,759.007682800293,446.60447359085083,144,252,True
1260,52.480000000000004,760.0,512.0,751.4321136474609,512.4260544776917,767.2900390625,514.6724796295166,0.9994351267814636,735.5741882324219,510.1796293258667,0.9994683265686035,760.3873443603516,442.5341248512268,140,252,True
1270,52.89666666666667,766.5,507.5,753.4243774414062,507.2514510154724,768.5182189941406,509.65601921081543,0.9994808435440063,738.3305358886719,504.8468828201294,0.9994933009147644,763.2104873657227,438.88705015182495,135,247,True
1280,53.31333333333334,768.0,506.0,753.9929962158203,504.589262008667,769.0834045410156,507.07659244537354,0.9995218515396118,738.902587890625,502.10193157196045,0.9995023608207703,764.7118759155273,437.5923156738281,136,246,True
1290,53.730000000000004,764.5,504.0,753.4893798828125,504.3207836151123,768.7631988525391,506.6046953201294,0.9995590448379517,738.2155609130859,502.0368719100952,0.9995316863059998,764.2720794677734,439.13211822509766,139,242,True
1300,54.14833333333333,761.5,503.5,753.4579849243164,504.06646728515625,768.8190460205078,505.98607063293457,0.9995911121368408,738.096923828125,502.14686393737793,0.9995577335357666,763.8981246948242,439.784152507782,139,241,True
1310,54.565000000000005,762.5,498.0,755.3857421875,500.9842872619629,770.9703063964844,503.10112953186035,0.9996205568313599,739.8011779785156,498.86744499206543,0.9995776414871216,765.9096527099609,436.4820098876953,137,236,True
1320,54.98166666666667,770.5,493.5,761.3230133056641,498.04628133773804,776.0303497314453,499.44796085357666,0.9996344447135925,746.6156768798828,496.6446018218994,0.9995574951171875,769.1974258422852,432.23034381866455,129,229,True
1330,55.39833333333333,773.0,486.5,765.4238891601562,493.3011317253113,779.9089813232422,494.4493103027344,0.9996393322944641,750.9387969970703,492.1529531478882,0.9995336532592773,771.4841842651367,429.49148654937744,130,219,True
1340,55.815000000000005,775.0,486.5,766.7268753051758,491.4648485183716,781.1183929443359,492.5260591506958,0.9996588230133057,752.3353576660156,490.40363788604736,0.9995371103286743,772.1020126342773,428.02727937698364,130,219,True
1350,56.23166666666667,775.0,484.0,766.6297149658203,490.4081439971924,781.0383605957031,491.7417812347412,0.9996839761734009,752.2210693359375,489.07450675964355,0.99955815076828,772.2559356689453,427.5434947013855,132,216,True
1360,56.64833333333333,775.5,483.0,766.9171142578125,489.5555877685547,781.2770080566406,490.97758769989014,0.9997076988220215,752.5572204589844,488.13358783721924,0.9995825886726379,772.3833847045898,427.4696373939514,131,216,True
1370,57.065000000000005,775.5,483.5,767.1791076660156,489.62682723999023,781.2952423095703,490.9585762023926,0.9997283816337585,753.0629730224609,488.2950782775879,0.9996057152748108,773.0356979370117,427.4817395210266,131,217,True
1380,57.48166666666667,775.5,484.5,767.9803085327148,489.28603649139404,781.9739532470703,490.48547744750977,0.9997480511665344,753.9866638183594,488.0865955352783,0.9996321797370911,773.023796081543,427.3858451843262,131,217,True
1390,57.89833333333334,774.0,484.5,768.1739807128906,489.61968183517456,782.2140502929688,490.48487663269043,0.9997658133506775,754.1339111328125,488.7544870376587,0.99965900182724,772.8519058227539,427.887761592865,128,217,True
1400,58.31666666666667,773.5,486.0,770.5587768554688,490.2962851524353,784.8262023925781,490.6594133377075,0.9997790455818176,756.2913513183594,489.9331569671631,0.9996750950813293,772.4385452270508,428.5186171531677,129,220,True
1410,58.733333333333334,772.0,483.5,774.000129699707,489.5875382423401,787.5294494628906,488.72886657714844,0.9997851848602295,760.4708099365234,490.44620990753174,0.999694287776947,771.6322326660156,427.6480793952942,128,215,True
1420,59.150000000000006,772.0,482.0,775.5866622924805,488.89939069747925,788.9945220947266,487.2097063064575,0.9997847676277161,762.1788024902344,490.589075088501,0.9997060894966125,770.9938430786133,426.7151212692261,126,212,True
1430,59.56666666666667,771.5,481.0,776.359977722168,488.2780194282532,789.7527313232422,486.4295482635498,0.9997681975364685,762.9672241210938,490.12649059295654,0.9997016787528992,770.6481552124023,426.1557197570801,125,210,True
1440,59.983333333333334,784.0,482.5,777.5613403320312,488.2507038116455,790.1680755615234,486.1713695526123,0.9997394680976868,764.9546051025391,490.3300380706787,0.9996938705444336,770.6191253662109,426.39960765838623,142,211,True
1450,60.400000000000006,794.5,483.5,778.5261535644531,488.0390667915344,792.3350524902344,485.73702335357666,0.999749481678009,764.7172546386719,490.3411102294922,0.9997090101242065,771.1792373657227,426.90150260925293,151,211,True
1460,60.81666666666667,807.0,485.0,784.3461990356445,488.5080671310425,797.4709320068359,486.06549739837646,0.9997614026069641,771.2214660644531,490.9506368637085,0.9997283816337585,774.3401336669922,428.9878749847412,158,210,True
1470,61.233333333333334,803.5,485.5,785.0960540771484,489.33985233306885,799.4718933105469,486.708927154541,0.9997757077217102,770.72021484375,491.9707775115967,0.9997515082359314,776.0385894775391,430.7665228843689,169,211,True
1480,61.650000000000006,807.0,486.5,787.6784515380859,489.5375633239746,801.5758514404297,486.6897439956665,0.99977707862854,773.7810516357422,492.3853826522827,0.9997591376304626,776.8483352661133,430.89694261550903,170,209,True
1490,62.068333333333335,828.5,485.0,795.5321502685547,492.512412071228,805.3017425537109,487.7426290512085,0.9997432827949524,785.7625579833984,497.28219509124756,0.9996359944343567,783.6190795898438,432.92452096939087,163,206,True
1500,62.48500000000001,829.0,480.5,796.5827178955078,494.8388743400574,802.3017883300781,487.95870780944824,0.999710738658905,790.8636474609375,501.7190408706665,0.9995476007461548,781.5976333618164,435.471932888031,148,193,True
1510,62.90166666666667,829.0,479.5,794.7647857666016,494.37002420425415,800.4597473144531,488.04930210113525,0.9997100830078125,789.06982421875,500.69074630737305,0.9995485544204712,777.7420043945312,434.67211961746216,154,191,True
1520,63.318333333333335,825.5,480.5,794.8080444335938,493.8689875602722,801.588134765625,487.81468391418457,0.9996943473815918,788.0279541015625,499.92329120635986,0.9995186924934387,776.1183547973633,433.81394147872925,161,191,True
1530,63.73500000000001,821.0,483.0,793.1809997558594,491.85909032821655,800.7550811767578,487.14640617370605,0.999700665473938,785.6069183349609,496.57177448272705,0.9995220303535461,774.7532653808594,433.69643926620483,162,194,True
1540,64.15166666666667,826.0,480.0,789.7734069824219,494.55432415008545,795.9724426269531,490.62357902526855,0.9996780157089233,783.5743713378906,498.48506927490234,0.9994198083877563,774.7653579711914,433.24434757232666,154,190,True
1550,64.56833333333334,825.5,479.0,789.122428894043,494.65511083602905,794.3937683105469,490.4656934738159,0.9995232224464417,783.8510894775391,498.8445281982422,0.9990479350090027,773.7444305419922,433.1275534629822,151,190,True
1560,64.985,827.0,479.0,787.5448608398438,494.4446539878845,791.9073486328125,490.4274559020996,0.9994078278541565,783.182373046875,498.46185207366943,0.9987567067146301,772.6659393310547,433.05365324020386,156,190,True
1570,65.40166666666667,827.0,480.5,787.5407028198242,493.52821826934814,792.3486328125,489.8490858078003,0.9993698000907898,782.7327728271484,497.207350730896,0.9986992478370667,773.6678695678711,431.6304302215576,156,191,True
1580,65.81833333333334,828.5,479.5,790.9175872802734,493.3446478843689,792.4959564208984,489.83470916748047,0.9993773102760315,789.3392181396484,496.8545866012573,0.9987379312515259,775.4002380371094,431.026074886322,151,185,True
1590,66.23666666666666,794.0,474.0,789.51171875,492.87444591522217,779.22119140625,490.6452512741089,0.9994038343429565,799.80224609375,495.10364055633545,0.9988268613815308,774.8713302612305,432.9248642921448,108,176,True
1600,66.65333333333334,800.5,470.0,786.7664337158203,496.68556451797485,774.7187805175781,497.94922828674316,0.9994569420814514,798.8140869140625,495.42190074920654,0.9989392757415771,773.9718627929688,434.5774483680725,127,168,True
1610,67.07000000000002,804.0,472.0,784.6739196777344,496.9960141181946,774.6985626220703,498.93417835235596,0.9995009303092957,794.6492767333984,495.0578498840332,0.999038577079773,773.2062149047852,434.2915678024292,128,172,True
1620,67.48666666666666,804.5,469.5,784.6177673339844,496.6602659225464,773.5105895996094,498.20581912994385,0.9995498657226562,795.7249450683594,495.1147127151489,0.9991337656974792,775.8760452270508,434.9311566352844,131,167,True
1630,67.90333333333334,806.0,462.5,793.078727722168,497.3878312110901,777.8498077392578,497.663369178772,0.9995915293693542,808.3076477050781,497.1122932434082,0.9992192387580872,787.8680801391602,437.31523275375366,126,157,True
1640,68.32000000000002,804.5,468.0,794.9285888671875,497.9870581626892,779.5121765136719,498.04664611816406,0.9996278882026672,810.3450012207031,497.92747020721436,0.9992939233779907,790.8535003662109,434.37829971313477,123,176,True
1650,68.73666666666666,801.0,465.0,794.4043731689453,498.94859790802,779.9455261230469,499.03520107269287,0.9996640086174011,808.8632202148438,498.86199474334717,0.9993633031845093,791.8246459960938,432.4200510978699,112,172,True
1660,69.15333333333334,795.5,467.0,792.8829574584961,499.64962005615234,779.3207550048828,499.0269184112549,0.9996954202651978,806.4451599121094,500.2723217010498,0.9994256496429443,791.4609909057617,431.1773085594177,127,176,True
1670,69.57000000000002,799.5,456.0,793.5080718994141,499.40556049346924,779.7132110595703,498.65501403808594,0.9996684193611145,807.3029327392578,500.15610694885254,0.9994531273841858,795.4045104980469,429.03119802474976,129,156,True
1680,69.98833333333334,800.0,459.0,800.4763031005859,499.2114329338074,785.4759979248047,498.30963134765625,0.9996932744979858,815.4766082763672,500.1132345199585,0.9994978904724121,799.1668319702148,428.7768602371216,120,162,True
1690,70.405,800.0,454.0,799.5096588134766,495.7888698577881,785.1972961425781,494.46428775787354,0.9997087717056274,813.822021484375,497.11345195770264,0.9995236992835999,800.3641128540039,427.91273832321167,114,154,True
1700,70.82166666666667,801.0,452.0,801.452751159668,494.87910747528076,788.0052947998047,494.5725202560425,0.9997285604476929,814.9002075195312,495.18569469451904,0.9995489120483398,801.0609436035156,427.10970640182495,116,152,True
1710,71.23833333333334,800.5,444.5,803.3138656616211,492.79000997543335,790.0775146484375,493.5482597351074,0.9997487664222717,816.5502166748047,492.0317602157593,0.999575674533844,800.2442169189453,426.2719988822937,111,137,True
1720,71.655,792.0,443.0,797.6644134521484,490.03836393356323,789.3997955322266,492.08411693573,0.999768078327179,805.9290313720703,487.9926109313965,0.9996076822280884,796.0029983520508,425.1480460166931,94,138,True
1730,72.07166666666667,775.5,441.0,780.6499481201172,487.7338743209839,774.9414825439453,491.4447212219238,0.9997847676277161,786.3584136962891,484.02302742004395,0.9996240139007568,784.1242218017578,422.1692490577698,75,140,True
1740,72.48833333333334,773.5,439.0,774.0333938598633,485.52950620651245,765.3400421142578,488.63179206848145,0.9998000264167786,782.7267456054688,482.42722034454346,0.999632716178894,780.9308242797852,420.35590410232544,105,138,True
1750,72.905,775.5,438.5,771.7950057983398,481.9810080528259,764.9180603027344,485.0269889831543,0.9998140335083008,778.6719512939453,478.93502712249756,0.9996453523635864,779.7645568847656,419.8366928100586,109,133,True
1760,73.32166666666667,768.5,437.5,766.6130447387695,478.55981826782227,760.3353118896484,482.0263481140137,0.9998123049736023,772.8907775878906,475.09328842163086,0.9995933771133423,774.7785949707031,418.59362840652466,105,129,True
1770,73.73833333333334,747.0,436.0,750.4482650756836,477.8736448287964,746.4805603027344,480.7495307922363,0.9998252391815186,754.4159698486328,474.99775886535645,0.9996118545532227,758.275260925293,417.4051523208618,66,128,True
1780,74.15666666666667,739.5,433.5,739.4626998901367,476.0303235054016,738.9127349853516,478.7333679199219,0.9998347163200378,740.0126647949219,473.32727909088135,0.9996240735054016,743.704948425293,413.41780185699463,61,129,True
1790,74.57333333333334,735.5,447.0,739.825553894043,477.23862648010254,738.03466796875,480.022931098938,0.9998465776443481,741.6164398193359,474.4543218612671,0.9996343851089478,740.6901931762695,413.1237459182739,67,158,True
1800,74.99000000000001,734.5,446.0,736.6047668457031,473.609254360199,734.447021484375,476.98439598083496,0.9998586773872375,738.7625122070312,470.234112739563,0.9996582269668579,740.120849609375,412.306444644928,71,156,True
1810,75.40666666666667,732.5,445.5,738.1285095214844,473.5110855102539,732.7565002441406,475.65929889678955,0.9998689293861389,743.5005187988281,471.36287212371826,0.9996805787086487,739.3608856201172,411.3430166244507,69,153,True
1820,75.82333333333334,703.5,445.5,728.7821960449219,470.6397271156311,719.4075012207031,472.02406883239746,0.999872624874115,738.1568908691406,469.25538539886475,0.9996795654296875,724.8533630371094,411.0162591934204,111,153,True
1830,76.24000000000001,,,,,,,,,,,,,,,False
1840,76.65666666666667,,,,,,,,,,,,,,,False
1850,77.07333333333334,,,,,,,,,,,,,,,False
1860,77.49000000000001,,,,,,,,,,,,,,,False
1870,77.90666666666667,,,,,,,,,,,,,,,False
1880,78.325,,,,,,,,,,,,,,,False
1890,78.74166666666667,,,,,,,,,,,,,,,False
1900,79.15833333333333,,,,,,,,,,,,,,,False
1910,79.575,,,,,,,,,,,,,,,False
1920,79.99166666666667,,,,,,,,,,,,,,,False
1930,80.40833333333333,,,,,,,,,,,,,,,False
1940,80.825,,,,,,,,,,,,,,,False
1950,81.24166666666667,,,,,,,,,,,,,,,False
1960,81.65833333333335,,,,,,,,,,,,,,,False
1970,82.07666666666667,,,,,,,,,,,,,,,False
1980,82.49333333333334,,,,,,,,,,,,,,,False
1990,82.91000000000001,,,,,,,,,,,,,,,False
2000,83.32666666666667,,,,,,,,,,,,,,,False
2010,83.74333333333334,,,,,,,,,,,,,,,False
2020,84.16000000000001,,,,,,,,,,,,,,,False
2030,84.57666666666667,,,,,,,,,,,,,,,False
2040,84.99333333333334,,,,,,,,,,,,,,,False
2050,85.41000000000001,,,,,,,,,,,,,,,False
2060,85.82666666666667,,,,,,,,,,,,,,,False
2070,86.245,,,,,,,,,,,,,,,False
2080,86.66166666666668,,,,,,,,,,,,,,,False
2090,87.07833333333333,,,,,,,,,,,,,,,False
2100,87.495,,,,,,,,,,,,,,,False
2110,87.91166666666668,,,,,,,,,,,,,,,False
2120,88.32833333333333,,,,,,,,,,,,,,,False
2130,88.745,,,,,,,,,,,,,,,False
2140,89.16166666666668,,,,,,,,,,,,,,,False
2150,89.57833333333333,,,,,,,,,,,,,,,False
2160,89.99666666666667,,,,,,,,,,,,,,,False
2170,90.41333333333334,,,,,,,,,,,,,,,False
2180,90.83000000000001,,,,,,,,,,,,,,,False
2190,91.24666666666667,,,,,,,,,,,,,,,False
2200,91.66333333333334,,,,,,,,,,,,,,,False
2210,92.08000000000001,,,,,,,,,,,,,,,False
2220,92.49666666666667,,,,,,,,,,,,,,,False
2230,92.91333333333334,,,,,,,,,,,,,,,False
2240,93.33000000000001,,,,,,,,,,,,,,,False
2250,93.74666666666667,,,,,,,,,,,,,,,False
2260,94.165,,,,,,,,,,,,,,,False
2270,94.58166666666668,,,,,,,,,,,,,,,False
2280,94.99833333333333,799.0,474.0,779.8910522460938,463.77610445022583,789.2308044433594,464.8120164871216,0.9996898770332336,770.5513000488281,462.7401924133301,0.9993650913238525,787.3293685913086,427.6448178291321,98,176,True
2290,95.415,796.0,478.0,779.7538375854492,478.8886785507202,790.4384613037109,479.9846935272217,0.9996715784072876,769.0692138671875,477.79266357421875,0.9993686676025391,786.5762329101562,430.0426697731018,104,196,True
2300,95.83166666666668,787.0,481.5,777.9591369628906,484.410617351532,790.3535461425781,485.8065891265869,0.9996846914291382,765.5647277832031,483.01464557647705,0.9994146823883057,785.4991149902344,431.1664938926697,126,203,True
2310,96.24833333333333,785.0,485.0,777.0831680297852,486.9154143333435,790.1054382324219,488.75890731811523,0.9996764659881592,764.0608978271484,485.0719213485718,0.9994408488273621,785.0631713867188,430.77195167541504,130,210,True
2320,96.665,784.0,488.5,776.6479873657227,489.8163628578186,790.0632476806641,491.6520881652832,0.9996756911277771,763.2327270507812,487.980637550354,0.9994526505470276,784.7507858276367,430.9516382217407,130,215,True
2330,97.08166666666668,778.5,495.0,775.4001617431641,496.97028636932373,789.8121643066406,498.68531227111816,0.9996922016143799,760.9881591796875,495.2552604675293,0.9994887709617615,782.066764831543,436.0843563079834,137,224,True
2340,97.49833333333333,775.5,502.5,774.315299987793,505.22719860076904,789.5861053466797,506.40058994293213,0.9997149705886841,759.0444946289062,504.05380725860596,0.9995291829109192,779.7018814086914,442.2922110557556,145,237,True
2350,97.915,776.0,510.5,773.5845184326172,509.89394187927246,789.2900848388672,510.8004856109619,0.999657154083252,757.8789520263672,508.987398147583,0.999504804611206,779.3751525878906,442.7272653579712,144,245,True
2360,98.33333333333334,777.0,512.0,772.8335189819336,513.3712220191956,788.973388671875,514.2837524414062,0.9996299147605896,756.6936492919922,512.4586915969849,0.9994598627090454,779.7652053833008,444.1087746620178,142,240,True
2370,98.75,776.0,516.0,771.9050979614258,518.7578272819519,788.2326507568359,519.7755002975464,0.9996286630630493,755.5775451660156,517.7401542663574,0.9994523525238037,779.1899871826172,447.09922313690186,144,244,True
2380,99.16666666666667,770.5,526.5,767.5558090209961,529.5531392097473,785.1249694824219,531.375560760498,0.9996441006660461,749.9866485595703,527.7307176589966,0.9994751811027527,777.5581741333008,457.246298789978,155,259,True
2390,99.58333333333334,770.0,539.5,763.2107543945312,536.8594336509705,780.948486328125,539.8289823532104,0.9996622204780579,745.4730224609375,533.8898849487305,0.9995043277740479,775.7162475585938,460.52797079086304,164,277,True
2400,100.0,771.5,546.0,759.2705154418945,542.425274848938,777.3656463623047,545.4953098297119,0.9996576309204102,741.1753845214844,539.3552398681641,0.9994903802871704,773.7227249145508,462.3405861854553,157,284,True
2410,100.41666666666667,770.5,548.0,757.774658203125,544.1280484199524,776.0014343261719,547.3501110076904,0.9996704459190369,739.5478820800781,540.9059858322144,0.999496340751648,773.0815505981445,463.47726345062256,163,282,True
2420,100.83333333333334,766.5,552.5,756.0073089599609,549.6823024749756,774.7750854492188,552.9919338226318,0.9996907711029053,737.2395324707031,546.3726711273193,0.9995208978652954,770.0808334350586,467.1515893936157,169,283,True
2430,101.25,757.0,562.0,752.8440475463867,560.8445620536804,772.9940795898438,563.009877204895,0.9996957182884216,732.6940155029297,558.6792469024658,0.9995324611663818,763.2059860229492,477.5668430328369,170,296,True
2440,101.66666666666667,752.5,569.5,749.4735717773438,570.8119511604309,770.0685119628906,573.5474824905396,0.9996997714042664,728.8786315917969,568.0764198303223,0.999548614025116,758.3670425415039,482.4070715904236,183,301,True
2450,102.08500000000001,757.0,571.0,747.340087890625,576.6464853286743,768.1924438476562,579.0700006484985,0.9996351599693298,726.4877319335938,574.2229700088501,0.9994997978210449,757.2465515136719,483.2362174987793,172,298,True
2460,102.50166666666668,756.5,571.0,745.0777816772461,581.0741901397705,767.0073699951172,583.7282037734985,0.9995520710945129,723.148193359375,578.4201765060425,0.9993661642074585,757.0547103881836,483.90576124191284,171,298,True
2470,102.91833333333334,751.0,574.0,742.0453262329102,587.076244354248,764.3178558349609,590.5037641525269,0.9995030760765076,719.7727966308594,583.6487245559692,0.9993411898612976,754.4189834594727,489.3698501586914,182,292,True
2480,103.33500000000001,739.0,577.0,733.0218124389648,601.4577126502991,755.5552673339844,604.6882724761963,0.999480128288269,710.4883575439453,598.2271528244019,0.9993142485618591,745.3923797607422,505.5842328071594,194,286,True
2490,103.75166666666668,732.5,580.5,723.0997848510742,614.9338603019714,745.1725769042969,620.0601196289062,0.9993123412132263,701.0269927978516,609.8076009750366,0.9991922974586487,741.1741256713867,513.631374835968,209,279,True
2500,104.16833333333334,731.0,584.5,718.8176727294922,619.9607062339783,742.1478271484375,625.1424980163574,0.9989437460899353,695.4875183105469,614.7789144515991,0.9987722635269165,739.4111633300781,513.9883875846863,210,271,True
2510,104.58500000000001,730.0,586.5,717.1799850463867,627.0241212844849,742.4452209472656,632.0062065124512,0.998674750328064,691.9147491455078,622.0420360565186,0.9984873533248901,739.4071578979492,515.8326959609985,210,267,True
2520,105.00166666666668,720.5,588.5,712.9561614990234,645.884428024292,739.8577880859375,651.0413074493408,0.9982418417930603,686.0545349121094,640.7275485992432,0.9981459379196167,729.1923522949219,531.1559629440308,219,263,True
2530,105.41833333333334,709.5,591.5,700.2621459960938,671.3094305992126,729.1371154785156,676.9633340835571,0.9981904029846191,671.3871765136719,665.6555271148682,0.9980869293212891,720.3636169433594,546.4657759666443,243,257,True
2540,105.83500000000001,713.0,598.0,691.6464614868164,684.0253758430481,721.8083190917969,690.8022022247314,0.989545464515686,661.4846038818359,677.2485494613647,0.9937871694564819,718.8943862915039,554.4708824157715,240,244,True
2550,106.25333333333334,710.5,601.0,688.1008148193359,692.8611731529236,719.3408966064453,699.9149751663208,0.9698598980903625,656.8607330322266,685.8073711395264,0.9801443219184875,717.3953247070312,559.1251587867737,247,238,True
2560,106.67,693.5,607.5,680.5918502807617,718.950183391571,713.3683013916016,723.5309028625488,0.8938840627670288,647.8153991699219,714.3694639205933,0.923722505569458,703.8912200927734,577.6230025291443,257,225,True
2570,107.08666666666667,665.0,620.5,669.8277854919434,766.3657379150391,709.7528076171875,772.0506477355957,0.8050556778907776,629.9027633666992,760.6808280944824,0.8327440619468689,679.1939735412598,605.0874924659729,302,199,True
2580,107.50333333333334,644.5,628.0,662.3385620117188,786.17262840271,703.1922149658203,789.5335865020752,0.7245826721191406,621.4849090576172,782.8116703033447,0.749556303024292,668.6828804016113,615.1316571235657,265,184,True
2590,107.92,643.0,625.0,657.4622344970703,796.0968446731567,699.4895172119141,795.5879974365234,0.6521828174591064,615.4349517822266,796.60569190979,0.6747006773948669,663.5093307495117,617.7570462226868,302,190,True
2600,108.33666666666667,653.0,645.5,658.8201713562012,807.7639818191528,699.8747253417969,813.2000255584717,0.5874240398406982,617.7656173706055,802.327938079834,0.6079506278038025,652.7664184570312,633.3113479614258,300,149,True
2610,108.75333333333334,657.0,691.5,628.5863876342773,825.4932975769043,659.7323608398438,822.013463973999,0.5490990281105042,597.4404144287109,828.9731311798096,0.563612699508667,617.6363563537598,689.6134042739868,244,57,True
2620,109.17,645.0,684.5,629.8570442199707,785.7797813415527,668.4923553466797,791.3961124420166,0.5661290287971497,591.2217330932617,780.1634502410889,0.5666981935501099,612.2208976745605,679.4672513008118,270,71,True
2630,109.58666666666667,635.5,632.5,640.7854652404785,765.9080457687378,683.0979156494141,772.5198841094971,0.5262331962585449,598.473014831543,759.2962074279785,0.5248055458068848,647.5774002075195,599.3416857719421,297,175,True
2640,110.00500000000001,661.5,574.5,644.6006202697754,744.4065570831299,682.8382110595703,735.0209712982178,0.5092614889144897,606.3630294799805,753.792142868042,0.5005713105201721,653.6185455322266,527.4627757072449,315,291,True
2650,110.42166666666667,642.5,561.5,641.0555458068848,756.8277597427368,679.6139526367188,745.7002830505371,0.5255953073501587,602.4971389770508,767.9552364349365,0.5170744061470032,644.3986701965332,528.9515089988708,355,317,True
2660,110.83833333333334,825.5,580.5,,,,,,,,,791.694450378418,541.4589715003967,211,265,False
2670,111.25500000000001,,,,,,,,,,,,,,,False
2680,111.67166666666667,,,,,,,,,,,,,,,False
2690,112.08833333333334,,,,,,,,,,,,,,,False
2700,112.50500000000001,,,,,,,,,,,,,,,False
2710,112.92166666666667,,,,,,,,,,,,,,,False
2720,113.33833333333334,,,,,,,,,,,,,,,False
2730,113.75500000000001,,,,,,,,,,,,,,,False
