frame,timestamp,track_id,position_x,position_y,stay_duration,confidence,is_long_stay,notification
47,1.9166666666666667,1,1305.5831909179688,540.9208989143372,0.0,0.7260841727256775,False,
48,1.9583333333333335,1,1286.1832809448242,553.7805247306824,0.04166666666666674,0.7417343854904175,False,
49,2.001666666666667,1,1274.2694473266602,553.4891724586487,0.08500000000000019,0.7552384734153748,False,
50,2.0433333333333334,1,1274.2694473266602,553.4891724586487,0.08500000000000019,0.7552384734153748,False,
51,2.085,1,1274.2694473266602,553.4891724586487,0.08500000000000019,0.7552384734153748,False,
52,2.126666666666667,1,1274.2694473266602,553.4891724586487,0.08500000000000019,0.7552384734153748,False,
53,2.1683333333333334,1,1274.2694473266602,553.4891724586487,0.08500000000000019,0.7552384734153748,False,
54,2.21,1,1274.2694473266602,553.4891724586487,0.08500000000000019,0.7552384734153748,False,
55,2.251666666666667,1,1274.2694473266602,553.4891724586487,0.08500000000000019,0.7552384734153748,False,
56,2.2933333333333334,1,1274.2694473266602,553.4891724586487,0.08500000000000019,0.7552384734153748,False,
57,2.335,1,1274.2694473266602,553.4891724586487,0.08500000000000019,0.7552384734153748,False,
58,2.376666666666667,1,1274.2694473266602,553.4891724586487,0.08500000000000019,0.7552384734153748,False,
59,2.4183333333333334,1,1274.2694473266602,553.4891724586487,0.08500000000000019,0.7552384734153748,False,
60,2.46,1,1274.2694473266602,553.4891724586487,0.08500000000000019,0.7552384734153748,False,
61,2.501666666666667,1,1274.2694473266602,553.4891724586487,0.08500000000000019,0.7552384734153748,False,
62,2.5433333333333334,1,1274.2694473266602,553.4891724586487,0.08500000000000019,0.7552384734153748,False,
63,2.585,1,1274.2694473266602,553.4891724586487,0.08500000000000019,0.7552384734153748,False,
64,2.626666666666667,1,1274.2694473266602,553.4891724586487,0.08500000000000019,0.7552384734153748,False,
65,2.6683333333333334,1,1274.2694473266602,553.4891724586487,0.08500000000000019,0.7552384734153748,False,
66,2.71,1,1274.2694473266602,553.4891724586487,0.08500000000000019,0.7552384734153748,False,
67,2.751666666666667,1,1274.2694473266602,553.4891724586487,0.08500000000000019,0.7552384734153748,False,
68,2.7933333333333334,1,1274.2694473266602,553.4891724586487,0.08500000000000019,0.7552384734153748,False,
69,2.835,1,1274.2694473266602,553.4891724586487,0.08500000000000019,0.7552384734153748,False,
70,2.876666666666667,1,1274.2694473266602,553.4891724586487,0.08500000000000019,0.7552384734153748,False,
71,2.9183333333333334,1,1274.2694473266602,553.4891724586487,0.08500000000000019,0.7552384734153748,False,
72,2.9600000000000004,1,1274.2694473266602,553.4891724586487,0.08500000000000019,0.7552384734153748,False,
73,3.001666666666667,1,1274.2694473266602,553.4891724586487,0.08500000000000019,0.7552384734153748,False,
74,3.0433333333333334,1,1274.2694473266602,553.4891724586487,0.08500000000000019,0.7552384734153748,False,
75,3.0850000000000004,1,1274.2694473266602,553.4891724586487,0.08500000000000019,0.7552384734153748,False,
76,3.126666666666667,1,1274.2694473266602,553.4891724586487,0.08500000000000019,0.7552384734153748,False,
77,3.1683333333333334,1,1274.2694473266602,553.4891724586487,0.08500000000000019,0.7552384734153748,False,
78,3.2100000000000004,1,1274.2694473266602,553.4891724586487,0.08500000000000019,0.7552384734153748,False,
79,3.251666666666667,1,1274.2694473266602,553.4891724586487,0.08500000000000019,0.7552384734153748,False,
80,3.2933333333333334,1,1274.2694473266602,553.4891724586487,0.08500000000000019,0.7552384734153748,False,
80,3.2933333333333334,2,757.7481079101562,696.5498971939087,0.0,0.7126696109771729,False,
81,3.3350000000000004,1,1274.2694473266602,553.4891724586487,0.08500000000000019,0.7552384734153748,False,
81,3.3350000000000004,2,760.9272384643555,695.2292847633362,0.04166666666666696,0.7278379797935486,False,
82,3.376666666666667,1,1274.2694473266602,553.4891724586487,0.08500000000000019,0.7552384734153748,False,
82,3.376666666666667,2,762.9591751098633,702.6637673377991,0.08333333333333348,0.7455285787582397,False,
83,3.4183333333333334,1,1274.2694473266602,553.4891724586487,0.08500000000000019,0.7552384734153748,False,
83,3.4183333333333334,2,762.8817367553711,709.4534039497375,0.125,0.7635877728462219,False,
84,3.4600000000000004,1,1274.2694473266602,553.4891724586487,0.08500000000000019,0.7552384734153748,False,
84,3.4600000000000004,2,750.5283355712891,724.2020130157471,0.16666666666666696,0.7799280881881714,False,
85,3.501666666666667,1,1274.2694473266602,553.4891724586487,0.08500000000000019,0.7552384734153748,False,
85,3.501666666666667,2,752.6406860351562,750.7761812210083,0.0,0.7799280881881714,False,
86,3.5433333333333334,1,1274.2694473266602,553.4891724586487,0.08500000000000019,0.7552384734153748,False,
86,3.5433333333333334,2,746.2012100219727,764.4966459274292,0.0,0.7799280881881714,False,
87,3.5850000000000004,1,1274.2694473266602,553.4891724586487,0.08500000000000019,0.7552384734153748,False,
87,3.5850000000000004,2,744.9377822875977,792.6202726364136,0.0,0.7799280881881714,False,
88,3.626666666666667,1,1274.2694473266602,553.4891724586487,0.08500000000000019,0.7552384734153748,False,
88,3.626666666666667,2,740.4665756225586,790.1007556915283,0.0,0.7799280881881714,False,
89,3.6683333333333334,1,1274.2694473266602,553.4891724586487,0.08500000000000019,0.7552384734153748,False,
89,3.6683333333333334,2,740.4665756225586,790.1007556915283,0.0,0.7799280881881714,False,
90,3.7100000000000004,1,1274.2694473266602,553.4891724586487,0.08500000000000019,0.7552384734153748,False,
90,3.7100000000000004,2,740.4665756225586,790.1007556915283,0.0,0.7799280881881714,False,
91,3.751666666666667,1,1274.2694473266602,553.4891724586487,0.08500000000000019,0.7552384734153748,False,
91,3.751666666666667,2,740.4665756225586,790.1007556915283,0.0,0.7799280881881714,False,
92,3.7933333333333334,1,1274.2694473266602,553.4891724586487,0.08500000000000019,0.7552384734153748,False,
92,3.7933333333333334,2,740.4665756225586,790.1007556915283,0.0,0.7799280881881714,False,
93,3.8350000000000004,1,1274.2694473266602,553.4891724586487,0.08500000000000019,0.7552384734153748,False,
93,3.8350000000000004,2,740.4665756225586,790.1007556915283,0.0,0.7799280881881714,False,
94,3.876666666666667,1,1274.2694473266602,553.4891724586487,0.08500000000000019,0.7552384734153748,False,
94,3.876666666666667,2,740.4665756225586,790.1007556915283,0.0,0.7799280881881714,False,
95,3.9183333333333334,1,1274.2694473266602,553.4891724586487,0.08500000000000019,0.7552384734153748,False,
95,3.9183333333333334,2,740.4665756225586,790.1007556915283,0.0,0.7799280881881714,False,
96,3.9600000000000004,1,1274.2694473266602,553.4891724586487,0.08500000000000019,0.7552384734153748,False,
96,3.9600000000000004,2,740.4665756225586,790.1007556915283,0.0,0.7799280881881714,False,
97,4.001666666666667,1,1274.2694473266602,553.4891724586487,0.08500000000000019,0.7552384734153748,False,
97,4.001666666666667,2,740.4665756225586,790.1007556915283,0.0,0.7799280881881714,False,
98,4.043333333333334,1,1274.2694473266602,553.4891724586487,0.08500000000000019,0.7552384734153748,False,
98,4.043333333333334,2,740.4665756225586,790.1007556915283,0.0,0.7799280881881714,False,
99,4.085,1,1274.2694473266602,553.4891724586487,0.08500000000000019,0.7552384734153748,False,
99,4.085,2,740.4665756225586,790.1007556915283,0.0,0.7799280881881714,False,
100,4.126666666666667,1,1274.2694473266602,553.4891724586487,0.08500000000000019,0.7552384734153748,False,
100,4.126666666666667,2,740.4665756225586,790.1007556915283,0.0,0.7799280881881714,False,
101,4.168333333333334,1,1274.2694473266602,553.4891724586487,0.08500000000000019,0.7552384734153748,False,
101,4.168333333333334,2,740.4665756225586,790.1007556915283,0.0,0.7799280881881714,False,
102,4.21,1,1274.2694473266602,553.4891724586487,0.08500000000000019,0.7552384734153748,False,
102,4.21,2,740.4665756225586,790.1007556915283,0.0,0.7799280881881714,False,
103,4.251666666666667,1,1274.2694473266602,553.4891724586487,0.08500000000000019,0.7552384734153748,False,
103,4.251666666666667,2,740.4665756225586,790.1007556915283,0.0,0.7799280881881714,False,
104,4.293333333333334,1,1274.2694473266602,553.4891724586487,0.08500000000000019,0.7552384734153748,False,
104,4.293333333333334,2,740.4665756225586,790.1007556915283,0.0,0.7799280881881714,False,
105,4.335,1,1274.2694473266602,553.4891724586487,0.08500000000000019,0.7552384734153748,False,
105,4.335,2,740.4665756225586,790.1007556915283,0.0,0.7799280881881714,False,
106,4.376666666666667,1,1274.2694473266602,553.4891724586487,0.08500000000000019,0.7552384734153748,False,
106,4.376666666666667,2,740.4665756225586,790.1007556915283,0.0,0.7799280881881714,False,
107,4.418333333333334,1,1274.2694473266602,553.4891724586487,0.08500000000000019,0.7552384734153748,False,
107,4.418333333333334,2,740.4665756225586,790.1007556915283,0.0,0.7799280881881714,False,
108,4.46,1,1274.2694473266602,553.4891724586487,0.08500000000000019,0.7552384734153748,False,
108,4.46,2,740.4665756225586,790.1007556915283,0.0,0.7799280881881714,False,
109,4.501666666666667,1,1274.2694473266602,553.4891724586487,0.08500000000000019,0.7552384734153748,False,
109,4.501666666666667,2,740.4665756225586,790.1007556915283,0.0,0.7799280881881714,False,
110,4.543333333333334,1,1274.2694473266602,553.4891724586487,0.08500000000000019,0.7552384734153748,False,
110,4.543333333333334,2,740.4665756225586,790.1007556915283,0.0,0.7799280881881714,False,
111,4.585,1,1274.2694473266602,553.4891724586487,0.08500000000000019,0.7552384734153748,False,
111,4.585,2,740.4665756225586,790.1007556915283,0.0,0.7799280881881714,False,
112,4.626666666666667,1,1274.2694473266602,553.4891724586487,0.08500000000000019,0.7552384734153748,False,
112,4.626666666666667,2,740.4665756225586,790.1007556915283,0.0,0.7799280881881714,False,
113,4.668333333333334,1,1274.2694473266602,553.4891724586487,0.08500000000000019,0.7552384734153748,False,
113,4.668333333333334,2,740.4665756225586,790.1007556915283,0.0,0.7799280881881714,False,
114,4.71,1,1274.2694473266602,553.4891724586487,0.08500000000000019,0.7552384734153748,False,
114,4.71,2,740.4665756225586,790.1007556915283,0.0,0.7799280881881714,False,
115,4.751666666666667,1,1274.2694473266602,553.4891724586487,0.08500000000000019,0.7552384734153748,False,
115,4.751666666666667,2,740.4665756225586,790.1007556915283,0.0,0.7799280881881714,False,
116,4.793333333333334,1,1274.2694473266602,553.4891724586487,0.08500000000000019,0.7552384734153748,False,
116,4.793333333333334,2,740.4665756225586,790.1007556915283,0.0,0.7799280881881714,False,
117,4.835,1,1274.2694473266602,553.4891724586487,0.08500000000000019,0.7552384734153748,False,
117,4.835,2,740.4665756225586,790.1007556915283,0.0,0.7799280881881714,False,
118,4.876666666666667,1,1274.2694473266602,553.4891724586487,0.08500000000000019,0.7552384734153748,False,
118,4.876666666666667,2,740.4665756225586,790.1007556915283,0.0,0.7799280881881714,False,
119,4.918333333333334,1,1274.2694473266602,553.4891724586487,0.08500000000000019,0.7552384734153748,False,
119,4.918333333333334,2,740.4665756225586,790.1007556915283,0.0,0.7799280881881714,False,
120,4.96,1,1274.2694473266602,553.4891724586487,0.08500000000000019,0.7552384734153748,False,
120,4.96,2,740.4665756225586,790.1007556915283,0.0,0.7799280881881714,False,
121,5.001666666666667,1,1274.2694473266602,553.4891724586487,0.08500000000000019,0.7552384734153748,False,
121,5.001666666666667,2,740.4665756225586,790.1007556915283,0.0,0.7799280881881714,False,
122,5.043333333333334,1,1274.2694473266602,553.4891724586487,0.08500000000000019,0.7552384734153748,False,
122,5.043333333333334,2,740.4665756225586,790.1007556915283,0.0,0.7799280881881714,False,
123,5.085,1,1274.2694473266602,553.4891724586487,0.08500000000000019,0.7552384734153748,False,
123,5.085,2,740.4665756225586,790.1007556915283,0.0,0.7799280881881714,False,
124,5.126666666666667,1,1274.2694473266602,553.4891724586487,0.08500000000000019,0.7552384734153748,False,
124,5.126666666666667,2,740.4665756225586,790.1007556915283,0.0,0.7799280881881714,False,
125,5.168333333333334,1,1274.2694473266602,553.4891724586487,0.08500000000000019,0.7552384734153748,False,
125,5.168333333333334,2,740.4665756225586,790.1007556915283,0.0,0.7799280881881714,False,
126,5.21,1,1274.2694473266602,553.4891724586487,0.08500000000000019,0.7552384734153748,False,
126,5.21,2,740.4665756225586,790.1007556915283,0.0,0.7799280881881714,False,
127,5.251666666666667,1,1274.2694473266602,553.4891724586487,0.08500000000000019,0.7552384734153748,False,
127,5.251666666666667,2,740.4665756225586,790.1007556915283,0.0,0.7799280881881714,False,
128,5.293333333333334,1,1274.2694473266602,553.4891724586487,0.08500000000000019,0.7552384734153748,False,
128,5.293333333333334,2,740.4665756225586,790.1007556915283,0.0,0.7799280881881714,False,
129,5.335,1,1274.2694473266602,553.4891724586487,0.08500000000000019,0.7552384734153748,False,
129,5.335,2,740.4665756225586,790.1007556915283,0.0,0.7799280881881714,False,
130,5.376666666666667,1,1274.2694473266602,553.4891724586487,0.08500000000000019,0.7552384734153748,False,
130,5.376666666666667,2,740.4665756225586,790.1007556915283,0.0,0.7799280881881714,False,
131,5.418333333333334,1,1274.2694473266602,553.4891724586487,0.08500000000000019,0.7552384734153748,False,
131,5.418333333333334,2,740.4665756225586,790.1007556915283,0.0,0.7799280881881714,False,
132,5.46,1,1274.2694473266602,553.4891724586487,0.08500000000000019,0.7552384734153748,False,
132,5.46,2,740.4665756225586,790.1007556915283,0.0,0.7799280881881714,False,
133,5.501666666666667,1,1274.2694473266602,553.4891724586487,0.08500000000000019,0.7552384734153748,False,
133,5.501666666666667,2,740.4665756225586,790.1007556915283,0.0,0.7799280881881714,False,
134,5.543333333333334,1,1274.2694473266602,553.4891724586487,0.08500000000000019,0.7552384734153748,False,
134,5.543333333333334,2,740.4665756225586,790.1007556915283,0.0,0.7799280881881714,False,
135,5.585,1,1274.2694473266602,553.4891724586487,0.08500000000000019,0.7552384734153748,False,
135,5.585,2,740.4665756225586,790.1007556915283,0.0,0.7799280881881714,False,
136,5.626666666666667,1,1274.2694473266602,553.4891724586487,0.08500000000000019,0.7552384734153748,False,
136,5.626666666666667,2,740.4665756225586,790.1007556915283,0.0,0.7799280881881714,False,
137,5.668333333333334,1,1274.2694473266602,553.4891724586487,0.08500000000000019,0.7552384734153748,False,
137,5.668333333333334,2,740.4665756225586,790.1007556915283,0.0,0.7799280881881714,False,
138,5.71,1,1274.2694473266602,553.4891724586487,0.08500000000000019,0.7552384734153748,False,
138,5.71,2,740.4665756225586,790.1007556915283,0.0,0.7799280881881714,False,
139,5.751666666666667,1,1274.2694473266602,553.4891724586487,0.08500000000000019,0.7552384734153748,False,
139,5.751666666666667,2,740.4665756225586,790.1007556915283,0.0,0.7799280881881714,False,
140,5.793333333333334,1,1274.2694473266602,553.4891724586487,0.08500000000000019,0.7552384734153748,False,
140,5.793333333333334,2,740.4665756225586,790.1007556915283,0.0,0.7799280881881714,False,
141,5.835,1,1274.2694473266602,553.4891724586487,0.08500000000000019,0.7552384734153748,False,
141,5.835,2,740.4665756225586,790.1007556915283,0.0,0.7799280881881714,False,
142,5.876666666666667,1,1274.2694473266602,553.4891724586487,0.08500000000000019,0.7552384734153748,False,
142,5.876666666666667,2,740.4665756225586,790.1007556915283,0.0,0.7799280881881714,False,
143,5.918333333333334,1,1274.2694473266602,553.4891724586487,0.08500000000000019,0.7552384734153748,False,
143,5.918333333333334,2,740.4665756225586,790.1007556915283,0.0,0.7799280881881714,False,
144,5.96,1,1274.2694473266602,553.4891724586487,0.08500000000000019,0.7552384734153748,False,
144,5.96,2,740.4665756225586,790.1007556915283,0.0,0.7799280881881714,False,
145,6.001666666666667,1,1274.2694473266602,553.4891724586487,0.08500000000000019,0.7552384734153748,False,
145,6.001666666666667,2,740.4665756225586,790.1007556915283,0.0,0.7799280881881714,False,
146,6.045000000000001,1,1274.2694473266602,553.4891724586487,0.08500000000000019,0.7552384734153748,False,
146,6.045000000000001,2,740.4665756225586,790.1007556915283,0.0,0.7799280881881714,False,
147,6.086666666666667,1,1274.2694473266602,553.4891724586487,0.08500000000000019,0.7552384734153748,False,
147,6.086666666666667,2,740.4665756225586,790.1007556915283,0.0,0.7799280881881714,False,
148,6.128333333333334,1,1274.2694473266602,553.4891724586487,0.08500000000000019,0.7552384734153748,False,
148,6.128333333333334,2,740.4665756225586,790.1007556915283,0.0,0.7799280881881714,False,
149,6.170000000000001,1,1274.2694473266602,553.4891724586487,0.08500000000000019,0.7552384734153748,False,
149,6.170000000000001,2,740.4665756225586,790.1007556915283,0.0,0.7799280881881714,False,
150,6.211666666666667,1,1274.2694473266602,553.4891724586487,0.08500000000000019,0.7552384734153748,False,
150,6.211666666666667,2,740.4665756225586,790.1007556915283,0.0,0.7799280881881714,False,
151,6.253333333333334,1,1274.2694473266602,553.4891724586487,0.08500000000000019,0.7552384734153748,False,
151,6.253333333333334,2,740.4665756225586,790.1007556915283,0.0,0.7799280881881714,False,
152,6.295000000000001,1,1274.2694473266602,553.4891724586487,0.08500000000000019,0.7552384734153748,False,
152,6.295000000000001,2,740.4665756225586,790.1007556915283,0.0,0.7799280881881714,False,
153,6.336666666666667,1,1274.2694473266602,553.4891724586487,0.08500000000000019,0.7552384734153748,False,
153,6.336666666666667,2,740.4665756225586,790.1007556915283,0.0,0.7799280881881714,False,
154,6.378333333333334,1,1274.2694473266602,553.4891724586487,0.08500000000000019,0.7552384734153748,False,
154,6.378333333333334,2,740.4665756225586,790.1007556915283,0.0,0.7799280881881714,False,
155,6.420000000000001,1,1274.2694473266602,553.4891724586487,0.08500000000000019,0.7552384734153748,False,
155,6.420000000000001,2,740.4665756225586,790.1007556915283,0.0,0.7799280881881714,False,
156,6.461666666666667,1,1274.2694473266602,553.4891724586487,0.08500000000000019,0.7552384734153748,False,
156,6.461666666666667,2,740.4665756225586,790.1007556915283,0.0,0.7799280881881714,False,
157,6.503333333333334,1,1274.2694473266602,553.4891724586487,0.08500000000000019,0.7552384734153748,False,
157,6.503333333333334,2,740.4665756225586,790.1007556915283,0.0,0.7799280881881714,False,
158,6.545000000000001,1,1274.2694473266602,553.4891724586487,0.08500000000000019,0.7552384734153748,False,
158,6.545000000000001,2,740.4665756225586,790.1007556915283,0.0,0.7799280881881714,False,
159,6.586666666666667,1,1274.2694473266602,553.4891724586487,0.08500000000000019,0.7552384734153748,False,
159,6.586666666666667,2,740.4665756225586,790.1007556915283,0.0,0.7799280881881714,False,
160,6.628333333333334,1,1274.2694473266602,553.4891724586487,0.08500000000000019,0.7552384734153748,False,
160,6.628333333333334,2,740.4665756225586,790.1007556915283,0.0,0.7799280881881714,False,
161,6.670000000000001,1,1274.2694473266602,553.4891724586487,0.08500000000000019,0.7552384734153748,False,
161,6.670000000000001,2,740.4665756225586,790.1007556915283,0.0,0.7799280881881714,False,
162,6.711666666666667,1,1274.2694473266602,553.4891724586487,0.08500000000000019,0.7552384734153748,False,
162,6.711666666666667,2,740.4665756225586,790.1007556915283,0.0,0.7799280881881714,False,
163,6.753333333333334,1,1274.2694473266602,553.4891724586487,0.08500000000000019,0.7552384734153748,False,
163,6.753333333333334,2,740.4665756225586,790.1007556915283,0.0,0.7799280881881714,False,
164,6.795000000000001,1,1274.2694473266602,553.4891724586487,0.08500000000000019,0.7552384734153748,False,
164,6.795000000000001,2,740.4665756225586,790.1007556915283,0.0,0.7799280881881714,False,
165,6.836666666666667,1,1274.2694473266602,553.4891724586487,0.08500000000000019,0.7552384734153748,False,
165,6.836666666666667,2,740.4665756225586,790.1007556915283,0.0,0.7799280881881714,False,
166,6.878333333333334,1,1274.2694473266602,553.4891724586487,0.08500000000000019,0.7552384734153748,False,
166,6.878333333333334,2,740.4665756225586,790.1007556915283,0.0,0.7799280881881714,False,
167,6.920000000000001,1,1274.2694473266602,553.4891724586487,0.08500000000000019,0.7552384734153748,False,
167,6.920000000000001,2,740.4665756225586,790.1007556915283,0.0,0.7799280881881714,False,
168,6.961666666666667,1,1274.2694473266602,553.4891724586487,0.08500000000000019,0.7552384734153748,False,
168,6.961666666666667,2,740.4665756225586,790.1007556915283,0.0,0.7799280881881714,False,
169,7.003333333333334,2,740.4665756225586,790.1007556915283,0.0,0.7799280881881714,False,
170,7.045000000000001,2,740.4665756225586,790.1007556915283,0.0,0.7799280881881714,False,
171,7.086666666666667,2,740.4665756225586,790.1007556915283,0.0,0.7799280881881714,False,
172,7.128333333333334,2,740.4665756225586,790.1007556915283,0.0,0.7799280881881714,False,
173,7.170000000000001,2,740.4665756225586,790.1007556915283,0.0,0.7799280881881714,False,
174,7.211666666666667,2,740.4665756225586,790.1007556915283,0.0,0.7799280881881714,False,
175,7.253333333333334,2,740.4665756225586,790.1007556915283,0.0,0.7799280881881714,False,
176,7.295000000000001,2,740.4665756225586,790.1007556915283,0.0,0.7799280881881714,False,
177,7.336666666666667,2,740.4665756225586,790.1007556915283,0.0,0.7799280881881714,False,
178,7.378333333333334,2,740.4665756225586,790.1007556915283,0.0,0.7799280881881714,False,
179,7.420000000000001,2,740.4665756225586,790.1007556915283,0.0,0.7799280881881714,False,
180,7.461666666666667,2,740.4665756225586,790.1007556915283,0.0,0.7799280881881714,False,
181,7.503333333333334,2,740.4665756225586,790.1007556915283,0.0,0.7799280881881714,False,
182,7.545000000000001,2,740.4665756225586,790.1007556915283,0.0,0.7799280881881714,False,
183,7.586666666666667,2,740.4665756225586,790.1007556915283,0.0,0.7799280881881714,False,
184,7.628333333333334,2,740.4665756225586,790.1007556915283,0.0,0.7799280881881714,False,
185,7.670000000000001,2,740.4665756225586,790.1007556915283,0.0,0.7799280881881714,False,
186,7.711666666666667,2,740.4665756225586,790.1007556915283,0.0,0.7799280881881714,False,
187,7.753333333333334,2,740.4665756225586,790.1007556915283,0.0,0.7799280881881714,False,
188,7.795000000000001,2,740.4665756225586,790.1007556915283,0.0,0.7799280881881714,False,
189,7.836666666666667,2,740.4665756225586,790.1007556915283,0.0,0.7799280881881714,False,
190,7.878333333333334,2,740.4665756225586,790.1007556915283,0.0,0.7799280881881714,False,
191,7.920000000000001,2,740.4665756225586,790.1007556915283,0.0,0.7799280881881714,False,
192,7.961666666666667,2,740.4665756225586,790.1007556915283,0.0,0.7799280881881714,False,
193,8.003333333333334,2,740.4665756225586,790.1007556915283,0.0,0.7799280881881714,False,
194,8.045,2,740.4665756225586,790.1007556915283,0.0,0.7799280881881714,False,
195,8.086666666666668,2,740.4665756225586,790.1007556915283,0.0,0.7799280881881714,False,
196,8.128333333333334,2,740.4665756225586,790.1007556915283,0.0,0.7799280881881714,False,
197,8.17,2,740.4665756225586,790.1007556915283,0.0,0.7799280881881714,False,
198,8.211666666666668,2,740.4665756225586,790.1007556915283,0.0,0.7799280881881714,False,
199,8.253333333333334,2,740.4665756225586,790.1007556915283,0.0,0.7799280881881714,False,
200,8.295,2,740.4665756225586,790.1007556915283,0.0,0.7799280881881714,False,
201,8.336666666666668,2,740.4665756225586,790.1007556915283,0.0,0.7799280881881714,False,
202,8.378333333333334,2,740.4665756225586,790.1007556915283,0.0,0.7799280881881714,False,
203,8.42,2,740.4665756225586,790.1007556915283,0.0,0.7799280881881714,False,
204,8.461666666666668,2,740.4665756225586,790.1007556915283,0.0,0.7799280881881714,False,
205,8.503333333333334,2,740.4665756225586,790.1007556915283,0.0,0.7799280881881714,False,
206,8.545,2,740.4665756225586,790.1007556915283,0.0,0.7799280881881714,False,
207,8.586666666666668,2,740.4665756225586,790.1007556915283,0.0,0.7799280881881714,False,
225,9.336666666666668,3,737.5616455078125,779.0155935287476,0.0,0.7060316801071167,False,
226,9.378333333333334,3,737.5826644897461,779.162106513977,0.041666666666666075,0.7198396325111389,False,
227,9.42,3,737.3656845092773,776.8557500839233,0.08333333333333215,0.7298204302787781,False,
228,9.461666666666668,3,737.5801467895508,774.4118070602417,0.125,0.7369113564491272,False,
229,9.503333333333334,3,739.3599700927734,771.8867111206055,0.16666666666666607,0.7473659515380859,False,
230,9.545,3,741.0373306274414,771.8291187286377,0.20833333333333215,0.7565694451332092,False,
231,9.586666666666668,3,741.5858459472656,771.2871837615967,0.25,0.7654300332069397,False,
232,9.628333333333334,3,743.9573287963867,770.7426309585571,0.2916666666666661,0.7656337022781372,False,
233,9.67,3,745.8964157104492,765.0811529159546,0.33333333333333215,0.7659075856208801,False,
234,9.711666666666668,3,745.7192993164062,761.0659503936768,0.375,0.7711744904518127,False,
235,9.753333333333334,3,745.3737258911133,757.5450897216797,0.4166666666666661,0.7751766443252563,False,
236,9.795,3,745.7632064819336,752.9922437667847,0.45833333333333215,0.7751766443252563,False,
237,9.836666666666668,3,746.462287902832,753.3398580551147,0.5,0.7751766443252563,False,
238,9.878333333333334,3,748.1843566894531,751.6847848892212,0.5416666666666661,0.7751766443252563,False,
239,9.92,3,750.7791900634766,749.8430728912354,0.5833333333333321,0.7751766443252563,False,
240,9.961666666666668,3,751.7495346069336,745.4412031173706,0.625,0.7751766443252563,False,
241,10.005,3,753.7539672851562,734.2287969589233,0.0,0.7751766443252563,False,
242,10.046666666666667,3,756.8169021606445,731.2693977355957,0.0,0.7751766443252563,False,
243,10.088333333333335,3,760.6699371337891,720.1861882209778,0.0,0.7751766443252563,False,
244,10.13,3,760.0973510742188,718.6462783813477,0.0,0.7751766443252563,False,
245,10.171666666666667,3,759.5598983764648,707.5756859779358,0.0,0.7751766443252563,False,
246,10.213333333333335,3,755.659294128418,706.3219356536865,0.0,0.7751766443252563,False,
247,10.255,3,755.3039169311523,703.6619138717651,0.0,0.7751766443252563,False,
248,10.296666666666667,3,754.8384857177734,699.7151827812195,0.0,0.7751766443252563,False,
249,10.338333333333335,3,754.9939346313477,699.9561524391174,0.0,0.7751766443252563,False,
250,10.38,3,755.1413726806641,700.0953698158264,0.0,0.7797849178314209,False,
251,10.421666666666667,3,755.349235534668,697.467770576477,0.0,0.7840057015419006,False,
252,10.463333333333335,3,755.3499603271484,691.6604018211365,0.0,0.7944422364234924,False,
253,10.505,3,755.2761077880859,693.0634546279907,0.0,0.8093083500862122,False,
254,10.546666666666667,3,755.2365493774414,695.114893913269,0.0,0.8264942169189453,False,
255,10.588333333333335,3,756.3019180297852,694.5264601707458,0.0,0.8428056240081787,False,
256,10.63,3,758.4008026123047,694.1744685173035,0.0,0.8576290607452393,False,
257,10.671666666666667,3,758.3802032470703,692.6650929450989,0.0,0.8710514307022095,False,
258,10.713333333333335,3,758.303337097168,692.836389541626,0.04166666666666785,0.8830445408821106,False,
259,10.755,3,757.3724365234375,692.2689199447632,0.08333333333333393,0.8935762643814087,False,
260,10.796666666666667,3,757.6716613769531,691.7693424224854,0.125,0.9024650454521179,False,
261,10.838333333333335,3,755.8576202392578,691.1081671714783,0.16666666666666785,0.9103964567184448,False,
262,10.88,3,755.6120681762695,691.5027523040771,0.20833333333333393,0.9185023903846741,False,
263,10.921666666666667,3,755.6732940673828,690.7011795043945,0.25,0.9245818257331848,False,
264,10.963333333333335,3,755.8819580078125,690.9457325935364,0.29166666666666785,0.93125319480896,False,
265,11.005,3,755.7013320922852,690.6949782371521,0.3333333333333339,0.936263382434845,False,
266,11.046666666666667,3,755.75439453125,689.0254211425781,0.375,0.9373196363449097,False,
267,11.088333333333335,3,756.6019439697266,686.2124276161194,0.41666666666666785,0.9401092529296875,False,
268,11.13,3,756.7764282226562,683.846869468689,0.4583333333333339,0.940626323223114,False,
269,11.171666666666667,3,756.9050598144531,684.0543222427368,0.5,0.9409921765327454,False,
270,11.213333333333335,3,757.0666885375977,683.3192467689514,0.5416666666666679,0.9422392845153809,False,
271,11.255,3,757.0846176147461,681.8155574798584,0.5833333333333339,0.9432624578475952,False,
272,11.296666666666667,3,757.2339630126953,677.3314619064331,0.625,0.9452717304229736,False,
273,11.338333333333335,3,757.0885848999023,674.995322227478,0.6666666666666679,0.9486292004585266,False,
274,11.38,3,756.6598892211914,671.2349939346313,0.7083333333333339,0.9524911046028137,False,
275,11.421666666666667,3,756.3192749023438,672.7466225624084,0.75,0.953828752040863,False,
276,11.463333333333335,3,756.0776138305664,670.6887459754944,0.7916666666666679,0.9544339776039124,False,
277,11.505,3,754.9944305419922,670.4762506484985,0.8333333333333339,0.9554740786552429,False,
278,11.546666666666667,3,754.60693359375,670.6679964065552,0.875,0.9575724601745605,False,
279,11.588333333333335,3,751.4641189575195,673.0710411071777,0.9166666666666679,0.9596416354179382,False,
280,11.63,3,751.5614318847656,673.5812616348267,0.9583333333333339,0.9612268209457397,False,
281,11.671666666666667,3,751.1433792114258,674.9491238594055,1.0,0.9628785848617554,False,
282,11.713333333333335,3,750.54931640625,675.0769901275635,1.0416666666666679,0.9641759395599365,False,
283,11.755,3,750.5304336547852,673.9732503890991,1.083333333333334,0.9649470448493958,False,
284,11.796666666666667,3,749.8521423339844,676.1263346672058,1.125,0.9649470448493958,False,
285,11.838333333333335,3,749.035758972168,679.9882006645203,1.1666666666666679,0.9654598832130432,False,
286,11.88,3,748.9018249511719,681.7196416854858,1.208333333333334,0.9654598832130432,False,
287,11.921666666666667,3,748.4292602539062,683.638858795166,1.25,0.9654598832130432,False,
288,11.963333333333335,3,748.3847808837891,684.033637046814,1.2916666666666679,0.9654598832130432,False,
289,12.005,3,747.8751373291016,683.8103270530701,1.333333333333334,0.9654598832130432,False,
290,12.046666666666667,3,748.1600952148438,683.6083030700684,1.375,0.9654598832130432,False,
291,12.088333333333335,3,748.0742645263672,683.1561470031738,1.4166666666666679,0.9654598832130432,False,
292,12.13,3,747.9218292236328,683.171489238739,1.458333333333334,0.9654598832130432,False,
293,12.171666666666667,3,747.9062271118164,683.0941772460938,1.5,0.9654598832130432,False,
294,12.213333333333335,3,747.9396057128906,682.8747296333313,1.5416666666666679,0.9660891890525818,False,
295,12.255,3,748.0974960327148,682.8061079978943,1.583333333333334,0.9665443301200867,False,
296,12.296666666666667,3,748.1810760498047,682.9905152320862,1.625,0.96707683801651,False,
297,12.338333333333335,3,748.4768295288086,683.0709171295166,1.6666666666666679,0.96707683801651,False,
298,12.38,3,748.9105987548828,683.1930112838745,1.708333333333334,0.96707683801651,False,
299,12.421666666666667,3,749.1031646728516,684.1516757011414,1.75,0.9674610495567322,False,
300,12.463333333333335,3,749.4533920288086,684.4153475761414,1.7916666666666679,0.9680767059326172,False,
301,12.505,3,749.6440887451172,684.4055414199829,1.833333333333334,0.9687155485153198,False,
302,12.546666666666667,3,749.7894668579102,684.3914866447449,1.875,0.9691627025604248,False,
303,12.588333333333335,3,749.8387145996094,684.3958425521851,1.9166666666666679,0.9692969918251038,False,
304,12.63,3,749.9359512329102,684.7622108459473,1.958333333333334,0.9692969918251038,False,
305,12.671666666666667,3,750.0400543212891,685.3487992286682,2.0,0.9692969918251038,False,
306,12.713333333333335,3,750.0483322143555,685.5604791641235,2.041666666666668,0.9692969918251038,False,
307,12.755,3,750.0094223022461,685.5427551269531,2.083333333333334,0.9692969918251038,False,
308,12.796666666666667,3,748.8559722900391,685.5631399154663,2.125,0.9692969918251038,False,
309,12.838333333333335,3,747.69287109375,685.4592204093933,2.166666666666668,0.9692969918251038,False,
310,12.88,3,746.2871170043945,685.4116702079773,2.208333333333334,0.9697153568267822,False,
311,12.921666666666667,3,746.209716796875,685.4472470283508,2.25,0.9701820611953735,False,
312,12.963333333333335,3,745.2590560913086,685.4061126708984,2.291666666666668,0.9711186289787292,False,
313,13.005,3,743.6792755126953,684.6647071838379,2.333333333333334,0.9723345041275024,False,
314,13.046666666666667,3,742.9179000854492,684.0730333328247,2.375,0.973412036895752,False,
315,13.088333333333335,3,742.8369140625,682.9062724113464,2.416666666666668,0.9742043018341064,False,
316,13.13,3,742.9618072509766,681.7691016197205,2.458333333333334,0.9750913977622986,False,
317,13.171666666666667,3,743.0301284790039,680.0005602836609,2.5,0.9762404561042786,False,
318,13.213333333333335,3,742.6871490478516,678.6212825775146,2.541666666666668,0.9770593643188477,False,
319,13.255,3,742.3675918579102,677.4123787879944,2.583333333333334,0.9772166013717651,False,
320,13.296666666666667,3,742.4074935913086,676.1720609664917,2.625,0.9772166013717651,False,
321,13.338333333333335,3,741.4369583129883,673.2735371589661,2.666666666666668,0.9772166013717651,False,
322,13.38,3,740.9248352050781,669.6942901611328,2.708333333333334,0.9772166013717651,False,
323,13.421666666666667,3,740.6088638305664,660.9098625183105,2.75,0.9782193899154663,False,
324,13.463333333333335,3,741.9790649414062,663.9799618721008,2.791666666666668,0.9782193899154663,False,
325,13.505,3,742.7510070800781,665.6230187416077,2.833333333333334,0.9785338044166565,False,
326,13.546666666666667,3,743.2141494750977,666.5429949760437,2.875,0.9796413779258728,False,
327,13.588333333333335,3,743.6274337768555,667.1602249145508,2.916666666666668,0.9803633093833923,False,
328,13.63,3,743.7782669067383,667.5768899917603,2.958333333333334,0.9812116622924805,False,
329,13.671666666666667,3,743.9390563964844,667.8161001205444,3.0,0.9820278882980347,False,
330,13.713333333333335,3,743.9912796020508,668.0509757995605,3.041666666666668,0.9826914668083191,False,
331,13.755,3,744.3923187255859,667.7228450775146,3.083333333333334,0.9833226799964905,False,
332,13.796666666666667,3,744.7761154174805,664.8914194107056,3.125,0.9839475750923157,False,
333,13.838333333333335,3,745.1545715332031,659.097375869751,3.166666666666668,0.9847421050071716,False,
334,13.88,3,743.5554504394531,648.4524822235107,3.208333333333334,0.985504686832428,False,
335,13.921666666666667,3,744.2642211914062,652.5163507461548,3.25,0.9861090779304504,False,
336,13.963333333333335,3,744.334602355957,651.5168523788452,3.291666666666668,0.9863607883453369,False,
337,14.006666666666668,3,744.4991302490234,653.3078384399414,3.335000000000001,0.9863607883453369,False,
338,14.048333333333334,3,744.2899703979492,654.1445159912109,3.376666666666667,0.9863607883453369,False,
339,14.090000000000002,3,744.0715026855469,654.5319557189941,3.418333333333335,0.9863607883453369,False,
340,14.131666666666668,3,744.0006256103516,654.8902130126953,3.460000000000001,0.9863607883453369,False,
341,14.173333333333334,3,743.997917175293,655.3376483917236,3.501666666666667,0.9863607883453369,False,
342,14.215000000000002,3,744.2295074462891,655.6310606002808,3.543333333333335,0.9863607883453369,False,
343,14.256666666666668,3,744.3214416503906,656.2728381156921,3.585000000000001,0.9863607883453369,False,
344,14.298333333333334,3,744.6089553833008,656.3972496986389,3.626666666666667,0.9863607883453369,False,
345,14.340000000000002,3,744.6890640258789,656.5029287338257,3.668333333333335,0.9863607883453369,False,
346,14.381666666666668,3,744.6443176269531,656.5976858139038,3.710000000000001,0.9863607883453369,False,
347,14.423333333333334,3,744.4682312011719,656.6524028778076,3.751666666666667,0.9863607883453369,False,
348,14.465000000000002,3,744.4220352172852,658.4667992591858,3.793333333333335,0.9863607883453369,False,
349,14.506666666666668,3,743.9440155029297,658.8682723045349,3.835000000000001,0.9863607883453369,False,
350,14.548333333333334,3,743.8987350463867,658.851728439331,3.876666666666667,0.9863607883453369,False,
351,14.590000000000002,3,743.6819458007812,657.956964969635,3.918333333333335,0.9863607883453369,False,
352,14.631666666666668,3,743.4514999389648,657.9890012741089,3.960000000000001,0.9863607883453369,False,
353,14.673333333333334,3,742.8899002075195,657.2261810302734,4.001666666666667,0.9863607883453369,False,
354,14.715000000000002,3,742.5070190429688,656.9658780097961,4.043333333333335,0.9863607883453369,False,
355,14.756666666666668,3,742.1005249023438,656.9523811340332,4.085000000000001,0.9863607883453369,False,
356,14.798333333333334,3,742.1507263183594,657.8807258605957,4.126666666666667,0.9863607883453369,False,
357,14.840000000000002,3,742.9362487792969,658.5186839103699,4.168333333333335,0.9863607883453369,False,
358,14.881666666666668,3,743.0618667602539,658.6558413505554,4.210000000000001,0.9866109490394592,False,
359,14.923333333333334,3,743.1888961791992,657.7475810050964,4.251666666666667,0.9874863028526306,False,
360,14.965000000000002,3,743.2209014892578,657.4358868598938,4.293333333333335,0.9882415533065796,False,
361,15.006666666666668,3,743.6726379394531,654.9440503120422,4.335000000000001,0.9889524579048157,False,
362,15.048333333333334,3,744.04541015625,650.723090171814,4.376666666666667,0.9896979928016663,False,
363,15.090000000000002,3,744.5446014404297,648.5056328773499,4.418333333333335,0.9905579686164856,False,
364,15.131666666666668,3,744.68017578125,645.6680274009705,4.460000000000001,0.9912815093994141,False,
365,15.173333333333334,3,744.6781921386719,642.3072195053101,4.501666666666667,0.9918925166130066,False,
366,15.215000000000002,3,743.0423355102539,639.0938687324524,4.543333333333335,0.9923989176750183,False,
367,15.256666666666668,3,741.7776489257812,623.74356508255,0.0,0.9930557012557983,False,
368,15.298333333333334,3,741.0135650634766,620.7602834701538,0.0,0.993671715259552,False,
369,15.340000000000002,3,741.5854644775391,615.1307129859924,0.0,0.9942600727081299,False,
370,15.381666666666668,3,741.4477157592773,608.6055850982666,0.0,0.9947391748428345,False,
371,15.423333333333334,3,742.2874450683594,609.4466400146484,0.0,0.9952205419540405,False,
372,15.465000000000002,3,743.3443450927734,611.3003468513489,0.0,0.9956830143928528,False,
373,15.506666666666668,3,744.4526672363281,608.0747652053833,0.0,0.9960899353027344,False,
374,15.548333333333334,3,745.6058502197266,609.735631942749,0.0,0.9964691400527954,False,
375,15.590000000000002,3,746.6191864013672,609.978940486908,0.0,0.9968075752258301,False,
376,15.631666666666668,3,746.8046951293945,608.2834196090698,0.0,0.9971157908439636,False,
377,15.673333333333334,3,747.5568389892578,606.009271144867,0.0,0.9973904490470886,False,
378,15.715000000000002,3,748.6624145507812,604.560878276825,0.0,0.9976243376731873,False,
379,15.756666666666668,3,749.8744964599609,606.1178255081177,0.0,0.9978314638137817,False,
380,15.798333333333334,3,749.910888671875,605.0913119316101,0.041666666666666075,0.9980266094207764,False,
381,15.840000000000002,3,749.7468948364258,604.6666646003723,0.08333333333333393,0.9981974959373474,False,
382,15.881666666666668,3,749.6215057373047,603.959333896637,0.125,0.998350977897644,False,
383,15.923333333333334,3,749.5067596435547,604.331624507904,0.16666666666666607,0.9984869956970215,False,
384,15.965000000000002,3,749.4384384155273,603.4604644775391,0.20833333333333393,0.998609721660614,False,
385,16.006666666666668,3,749.4009017944336,602.8777170181274,0.25,0.9986988306045532,False,
386,16.048333333333336,3,749.4414520263672,599.6444964408875,0.29166666666666785,0.9987825155258179,False,
387,16.09,3,749.5443344116211,600.2519202232361,0.33333333333333215,0.998869001865387,False,
388,16.131666666666668,3,749.6359634399414,600.124568939209,0.375,0.9989413619041443,False,
389,16.173333333333336,3,749.6317291259766,600.3717827796936,0.41666666666666785,0.9990004301071167,False,
390,16.215,3,749.7517395019531,600.1585578918457,0.45833333333333215,0.9990595579147339,False,
391,16.256666666666668,3,748.5689926147461,599.8668622970581,0.5,0.9991136789321899,False,
392,16.298333333333336,3,747.7904510498047,598.857901096344,0.5416666666666679,0.9991340637207031,False,
393,16.34,3,747.8658676147461,598.2113599777222,0.5833333333333321,0.9991680979728699,False,
394,16.381666666666668,3,748.0108261108398,598.4042859077454,0.625,0.9992173910140991,False,
395,16.423333333333336,3,748.0934524536133,598.5394906997681,0.6666666666666679,0.9992678165435791,False,
396,16.465,3,748.1973266601562,599.1805386543274,0.7083333333333321,0.9993125200271606,False,
397,16.506666666666668,3,748.2891464233398,600.0719547271729,0.75,0.9993583559989929,False,
398,16.548333333333336,3,748.4159469604492,600.0599598884583,0.7916666666666679,0.9994010329246521,False,
399,16.59,3,748.399772644043,599.7723412513733,0.8333333333333321,0.9994364976882935,False,
400,16.631666666666668,3,748.2815933227539,598.4973478317261,0.875,0.999467134475708,False,
401,16.673333333333336,3,748.1222152709961,598.5770416259766,0.9166666666666679,0.9995090961456299,False,
402,16.715,3,747.8882217407227,598.650062084198,0.9583333333333321,0.999547004699707,False,
403,16.756666666666668,3,747.703857421875,598.6743950843811,1.0,0.9995751976966858,False,
404,16.798333333333336,3,747.6271438598633,598.3558130264282,1.0416666666666679,0.9995986223220825,False,
405,16.84,3,747.2320175170898,598.1662344932556,1.0833333333333321,0.9996098279953003,False,
406,16.881666666666668,3,747.1044540405273,596.8023204803467,1.125,0.9996220469474792,False,
407,16.923333333333336,3,749.841423034668,596.5133929252625,1.1666666666666679,0.9996289014816284,False,
408,16.965,3,750.7984161376953,595.7910203933716,1.2083333333333321,0.9996289014816284,False,
409,17.006666666666668,3,753.4022521972656,594.9966144561768,1.25,0.9996289014816284,False,
410,17.048333333333336,3,754.1754150390625,594.3945980072021,1.2916666666666679,0.9996336102485657,False,
411,17.09,3,753.5890960693359,593.8760948181152,1.3333333333333321,0.9996539354324341,False,
412,17.131666666666668,3,752.6934814453125,593.8692927360535,1.375,0.9996733665466309,False,
413,17.173333333333336,3,752.6019287109375,593.8495516777039,1.4166666666666679,0.9996910691261292,False,
414,17.215,3,752.5712585449219,593.926112651825,1.4583333333333321,0.9996994733810425,False,
415,17.256666666666668,3,752.5786972045898,593.9835119247437,1.5,0.999706506729126,False,
416,17.298333333333336,3,752.717170715332,594.065351486206,1.5416666666666679,0.9997208714485168,False,
417,17.34,3,753.0316543579102,593.8799357414246,1.5833333333333321,0.99973064661026,False,
418,17.381666666666668,3,753.1537628173828,593.9014577865601,1.625,0.99973064661026,False,
419,17.423333333333336,3,753.201789855957,594.7598934173584,1.6666666666666679,0.99973064661026,False,
420,17.465,3,753.1933212280273,595.3433918952942,1.7083333333333321,0.99973064661026,False,
421,17.506666666666668,3,753.3576202392578,595.5758428573608,1.75,0.99973064661026,False,
422,17.548333333333336,3,753.4407043457031,595.8357810974121,1.7916666666666679,0.99973064661026,False,
423,17.59,3,753.3477020263672,595.9722948074341,1.8333333333333321,0.99973064661026,False,
424,17.631666666666668,3,752.9906845092773,597.0676016807556,1.875,0.99973064661026,False,
425,17.673333333333336,3,752.4860382080078,597.0413374900818,1.9166666666666679,0.99973064661026,False,
426,17.715,3,752.1740341186523,597.0225405693054,1.9583333333333321,0.99973064661026,False,
427,17.756666666666668,3,751.9475936889648,596.3307666778564,2.0,0.99973064661026,False,
428,17.798333333333336,3,751.8880844116211,596.3361525535583,2.041666666666668,0.99973064661026,False,
429,17.84,3,751.8294525146484,596.3007259368896,2.083333333333332,0.99973064661026,False,
430,17.881666666666668,3,751.4294052124023,596.0395860671997,2.125,0.99973064661026,False,
431,17.923333333333336,3,751.1509704589844,595.7815146446228,2.166666666666668,0.99973064661026,False,
432,17.965,3,750.9657669067383,595.4420971870422,2.208333333333332,0.99973064661026,False,
433,18.006666666666668,3,750.9579086303711,594.856538772583,2.25,0.99973064661026,False,
434,18.05,3,750.9356689453125,594.4205403327942,2.293333333333333,0.99973064661026,False,
435,18.09166666666667,3,751.0393524169922,593.1886553764343,2.335000000000001,0.99973064661026,False,
436,18.133333333333333,3,751.0226821899414,593.0489444732666,2.376666666666665,0.9997327923774719,False,
437,18.175,3,751.0673141479492,592.7506613731384,2.418333333333333,0.9997401833534241,False,
438,18.21666666666667,3,751.1182403564453,592.4116516113281,2.460000000000001,0.9997459053993225,False,
439,18.258333333333333,3,751.2092971801758,591.9170951843262,2.501666666666665,0.9997460842132568,False,
440,18.3,3,751.1867904663086,591.2237763404846,2.543333333333333,0.9997515678405762,False,
441,18.34166666666667,3,751.1267852783203,589.178409576416,2.585000000000001,0.9997515678405762,False,
442,18.383333333333333,3,750.872802734375,587.8673887252808,2.626666666666665,0.9997611045837402,False,
443,18.425,3,750.8249282836914,587.2510600090027,2.668333333333333,0.9997636079788208,False,
444,18.46666666666667,3,750.7946395874023,586.7512249946594,2.710000000000001,0.9997695684432983,False,
445,18.508333333333333,3,751.0692977905273,586.3732266426086,2.751666666666665,0.9997788667678833,False,
446,18.55,3,751.2105560302734,585.2973389625549,2.793333333333333,0.9997788667678833,False,
447,18.59166666666667,3,751.1748886108398,584.4318008422852,2.835000000000001,0.9997788667678833,False,
448,18.633333333333333,3,751.143798828125,583.6606121063232,2.876666666666665,0.9997788667678833,False,
449,18.675,3,750.8583068847656,583.9390683174133,2.918333333333333,0.9997788667678833,False,
450,18.71666666666667,3,749.9564743041992,582.9139494895935,2.960000000000001,0.9997848868370056,False,
451,18.758333333333333,3,749.375,583.0611491203308,3.001666666666665,0.9997947812080383,False,
452,18.8,3,749.1056823730469,583.0981850624084,3.043333333333333,0.9997991323471069,False,
453,18.84166666666667,3,749.1144180297852,583.8025760650635,3.085000000000001,0.9998007416725159,False,
454,18.883333333333333,3,748.9502334594727,583.8359642028809,3.126666666666665,0.999811053276062,False,
455,18.925,3,748.3826065063477,583.7380957603455,3.168333333333333,0.9998219609260559,False,
456,18.96666666666667,3,748.6600494384766,583.6976051330566,3.210000000000001,0.9998334050178528,False,
457,19.008333333333333,3,748.2744598388672,583.4609699249268,3.251666666666665,0.9998462796211243,False,
458,19.05,3,748.0301666259766,582.8036141395569,3.293333333333333,0.9998554587364197,False,
459,19.09166666666667,3,747.7062606811523,582.1348857879639,3.335000000000001,0.9998627305030823,False,
460,19.133333333333333,3,747.8421401977539,581.8848395347595,3.376666666666665,0.9998701214790344,False,
461,19.175,3,747.8926467895508,581.9055032730103,3.418333333333333,0.9998776316642761,False,
462,19.21666666666667,3,748.1668090820312,581.3853693008423,3.460000000000001,0.9998850226402283,False,
463,19.258333333333333,3,748.4428787231445,580.4211044311523,3.501666666666665,0.999891459941864,False,
464,19.3,3,748.6673355102539,579.4109201431274,3.543333333333333,0.9998964071273804,False,
465,19.34166666666667,3,749.2822647094727,576.246964931488,3.585000000000001,0.9998973608016968,False,
466,19.383333333333333,3,749.4474411010742,576.480724811554,3.626666666666665,0.9998973608016968,False,
467,19.425,3,749.5340347290039,576.401674747467,3.668333333333333,0.9998973608016968,False,
468,19.46666666666667,3,749.6629333496094,576.3989925384521,3.710000000000001,0.9998973608016968,False,
469,19.508333333333333,3,750.1987838745117,575.848753452301,3.751666666666665,0.9998973608016968,False,
470,19.55,3,750.3718948364258,574.9639463424683,3.793333333333333,0.9998973608016968,False,
471,19.59166666666667,3,750.5731582641602,574.9836659431458,3.835000000000001,0.9998973608016968,False,
472,19.633333333333333,3,750.7204818725586,574.957230091095,3.876666666666665,0.9998973608016968,False,
473,19.675,3,751.0397720336914,574.4459795951843,3.918333333333333,0.9998973608016968,False,
474,19.71666666666667,3,751.0329437255859,573.7111616134644,3.960000000000001,0.9998973608016968,False,
475,19.758333333333333,3,751.2547302246094,573.3897042274475,4.001666666666665,0.9998973608016968,False,
476,19.8,3,751.4494323730469,572.9398441314697,4.043333333333333,0.9998973608016968,False,
477,19.84166666666667,3,751.5667724609375,572.9172706604004,4.085000000000001,0.9998973608016968,False,
478,19.883333333333333,3,751.5896606445312,572.8355813026428,4.126666666666665,0.9998973608016968,False,
479,19.925,3,751.5048599243164,572.4821734428406,4.168333333333333,0.9998973608016968,False,
480,19.96666666666667,3,751.1280822753906,572.2859215736389,4.210000000000001,0.9998973608016968,False,
481,20.008333333333333,3,751.1321640014648,571.8762946128845,4.251666666666665,0.9999034404754639,False,
482,20.05,3,751.2448883056641,571.3467407226562,4.293333333333333,0.9999061822891235,False,
483,20.09166666666667,3,751.2117004394531,570.5156207084656,4.335000000000001,0.9999074339866638,False,
484,20.133333333333333,3,751.7000961303711,570.4138469696045,4.376666666666665,0.9999119639396667,False,
485,20.175,3,751.776008605957,570.3719186782837,4.418333333333333,0.9999154210090637,False,
486,20.21666666666667,3,751.8737030029297,569.9966883659363,4.460000000000001,0.9999176263809204,False,
487,20.258333333333333,3,752.0406341552734,569.821400642395,4.501666666666665,0.9999210238456726,False,
488,20.3,3,752.1738433837891,569.880645275116,4.543333333333333,0.9999242424964905,False,
489,20.34166666666667,3,752.274055480957,569.9187541007996,4.585000000000001,0.9999276399612427,False,
490,20.383333333333336,3,752.3880386352539,569.9446105957031,4.626666666666669,0.9999316334724426,False,
491,20.425,3,752.3837661743164,569.9552536010742,4.668333333333333,0.9999352693557739,False,
492,20.46666666666667,3,752.3179244995117,570.0680565834045,4.710000000000001,0.9999390840530396,False,
493,20.508333333333336,3,751.9962692260742,570.1788210868835,4.751666666666669,0.9999431371688843,False,
494,20.55,3,751.607551574707,570.2046775817871,4.793333333333333,0.9999431371688843,False,
495,20.59166666666667,3,751.3275527954102,570.2634930610657,4.835000000000001,0.9999431371688843,False,
496,20.633333333333336,3,750.9582901000977,570.33775806427,4.876666666666669,0.9999431371688843,False,
497,20.675,3,750.59326171875,570.5660033226013,4.918333333333333,0.9999431371688843,False,
498,20.71666666666667,3,750.5076599121094,570.5752301216125,4.960000000000001,0.9999431371688843,False,
499,20.758333333333336,3,750.0156784057617,570.8398461341858,5.001666666666669,0.9999431371688843,True,Long stay detected: 5.0s
500,20.8,3,749.5353317260742,571.1569261550903,5.043333333333333,0.9999431371688843,True,
501,20.84166666666667,3,748.9745712280273,571.3780689239502,5.085000000000001,0.9999431371688843,True,
502,20.883333333333336,3,748.5011672973633,571.3649153709412,5.126666666666669,0.9999431371688843,True,
503,20.925,3,747.8711700439453,571.3432431221008,5.168333333333333,0.9999431371688843,True,
504,20.96666666666667,3,747.9248809814453,571.3980031013489,5.210000000000001,0.9999431371688843,True,
505,21.008333333333336,3,747.9570770263672,571.3983035087585,5.251666666666669,0.9999431371688843,True,
506,21.05,3,748.0006790161133,571.3808584213257,5.293333333333333,0.9999431371688843,True,
507,21.09166666666667,3,747.5322341918945,571.2228441238403,5.335000000000001,0.9999431371688843,True,
508,21.133333333333336,3,747.3878479003906,571.4070153236389,5.376666666666669,0.9999431371688843,True,
509,21.175,3,746.7778396606445,571.658627986908,5.418333333333333,0.9999431371688843,True,
510,21.21666666666667,3,747.3224639892578,571.7314767837524,5.460000000000001,0.9999431371688843,True,
511,21.258333333333336,3,747.9301071166992,571.6981101036072,5.501666666666669,0.9999431371688843,True,
512,21.3,3,748.7864685058594,571.9061636924744,5.543333333333333,0.9999431371688843,True,
513,21.34166666666667,3,750.8255386352539,574.30255651474,5.585000000000001,0.9999431371688843,True,
514,21.383333333333336,3,751.2747192382812,576.2491965293884,5.626666666666669,0.9999431371688843,True,
515,21.425,3,754.1705322265625,577.5610542297363,5.668333333333333,0.9999431371688843,True,
516,21.46666666666667,3,754.5600509643555,577.8544878959656,5.710000000000001,0.9999431371688843,True,
517,21.508333333333336,3,753.5714340209961,577.9147624969482,5.751666666666669,0.9999431371688843,True,
518,21.55,3,752.1281814575195,573.3196449279785,5.793333333333333,0.9999431371688843,True,
519,21.59166666666667,3,750.9498977661133,570.0390672683716,5.835000000000001,0.9999431371688843,True,
520,21.633333333333336,3,750.3774642944336,567.9765558242798,5.876666666666669,0.9999431371688843,True,
521,21.675,3,749.0943145751953,566.5324115753174,5.918333333333333,0.9999431371688843,True,
522,21.71666666666667,3,749.5957565307617,562.235426902771,5.960000000000001,0.9999431371688843,True,
523,21.758333333333336,3,751.7257690429688,562.0729064941406,6.001666666666669,0.9999431371688843,True,
524,21.8,3,754.0380859375,561.3751673698425,6.043333333333333,0.9999431371688843,True,
525,21.84166666666667,3,756.1668395996094,556.4170718193054,6.085000000000001,0.9999431371688843,True,
526,21.883333333333336,3,755.8094024658203,557.3162770271301,6.126666666666669,0.9999431371688843,True,
527,21.925,3,755.3006744384766,556.7540860176086,6.168333333333333,0.9999431371688843,True,
528,21.96666666666667,3,754.1092681884766,557.3034024238586,6.210000000000001,0.9999431371688843,True,
529,22.01,3,753.4593200683594,557.8113484382629,6.253333333333334,0.9999431371688843,True,
530,22.05166666666667,3,753.193473815918,560.2948808670044,6.295000000000002,0.9999431371688843,True,
531,22.093333333333334,3,750.0568771362305,560.9223031997681,6.336666666666666,0.9999431371688843,True,
532,22.135,3,750.4032897949219,562.0385313034058,6.378333333333334,0.9999431371688843,True,
533,22.17666666666667,3,751.2152481079102,564.892680644989,6.420000000000002,0.9999431371688843,True,
534,22.218333333333334,3,752.3089218139648,567.450520992279,6.461666666666666,0.9999431371688843,True,
535,22.26,3,752.7224731445312,567.658360004425,6.503333333333334,0.9999431371688843,True,
536,22.30166666666667,3,752.8710174560547,567.5680017471313,6.545000000000002,0.9999431371688843,True,
537,22.343333333333334,3,753.5456085205078,567.3136854171753,6.586666666666666,0.9999431371688843,True,
538,22.385,3,753.5721969604492,567.2162246704102,6.628333333333334,0.9999431371688843,True,
539,22.42666666666667,3,753.7439727783203,567.6326966285706,6.670000000000002,0.9999431371688843,True,
540,22.468333333333334,3,752.9067993164062,566.8827295303345,6.711666666666666,0.9999431371688843,True,
541,22.51,3,753.0841445922852,566.0428333282471,6.753333333333334,0.9999431371688843,True,
542,22.55166666666667,3,753.3749008178711,564.5401310920715,6.795000000000002,0.9999431371688843,True,
543,22.593333333333334,3,754.1862869262695,562.8998637199402,6.836666666666666,0.9999431371688843,True,
544,22.635,3,757.2406005859375,562.108097076416,6.878333333333334,0.9999431371688843,True,
545,22.67666666666667,3,756.8438720703125,562.9721975326538,6.920000000000002,0.9999431371688843,True,
546,22.718333333333334,3,758.2027435302734,562.3228454589844,6.961666666666666,0.9999431371688843,True,
547,22.76,3,759.6320724487305,562.0917677879333,7.003333333333334,0.9999431371688843,True,
548,22.80166666666667,3,762.4993515014648,562.0443248748779,7.045000000000002,0.9999431371688843,True,
549,22.843333333333334,3,762.8405380249023,563.9805364608765,7.086666666666666,0.9999431371688843,True,
550,22.885,3,763.6991119384766,563.3227515220642,7.128333333333334,0.9999431371688843,True,
551,22.92666666666667,3,764.7706985473633,563.7465190887451,7.170000000000002,0.9999431371688843,True,
552,22.968333333333334,3,768.1854629516602,564.4967222213745,7.211666666666666,0.9999431371688843,True,
553,23.01,3,766.3644790649414,563.9275145530701,7.253333333333334,0.9999431371688843,True,
554,23.05166666666667,3,767.2158050537109,563.7793707847595,7.295000000000002,0.9999431371688843,True,
555,23.093333333333334,3,767.6906585693359,563.5344958305359,7.336666666666666,0.9999431371688843,True,
556,23.135,3,767.6291656494141,563.9400029182434,7.378333333333334,0.9999431371688843,True,
557,23.17666666666667,3,766.4020919799805,565.4422974586487,7.420000000000002,0.9999431371688843,True,
558,23.218333333333334,3,766.1639404296875,558.896484375,7.461666666666666,0.9999431371688843,True,
559,23.26,3,768.4346389770508,553.2436752319336,7.503333333333334,0.9999431371688843,True,
560,23.30166666666667,3,765.4669952392578,553.4925198554993,7.545000000000002,0.9999431371688843,True,
561,23.343333333333334,3,763.7042236328125,551.1579036712646,7.586666666666666,0.9999431371688843,True,
562,23.385,3,764.8379516601562,552.8640675544739,7.628333333333334,0.9999431371688843,True,
563,23.42666666666667,3,764.3013381958008,554.1737365722656,7.670000000000002,0.9999431371688843,True,
564,23.468333333333334,3,761.8404769897461,559.6043944358826,7.711666666666666,0.9999431371688843,True,
565,23.51,3,760.0862503051758,560.2524161338806,7.753333333333334,0.9999431371688843,True,
566,23.55166666666667,3,763.2371520996094,563.0213141441345,7.795000000000002,0.9999431371688843,True,
567,23.593333333333334,3,764.7864151000977,560.8840012550354,7.836666666666666,0.9999431371688843,True,
568,23.635,3,764.4011688232422,560.8256363868713,7.878333333333334,0.9999431371688843,True,
569,23.67666666666667,3,764.8376846313477,562.7388668060303,7.920000000000002,0.9999431371688843,True,
570,23.718333333333334,3,766.0797882080078,563.556318283081,7.961666666666666,0.9999431371688843,True,
571,23.76,3,767.1225738525391,564.8331141471863,8.003333333333334,0.9999431371688843,True,
572,23.80166666666667,3,767.0781326293945,564.6703791618347,8.045000000000002,0.9999431371688843,True,
573,23.843333333333334,3,766.6456985473633,564.3793272972107,8.086666666666666,0.9999431371688843,True,
574,23.885,3,765.7110977172852,564.1352248191833,8.128333333333334,0.9999431371688843,True,
575,23.92666666666667,3,765.1653671264648,563.4577202796936,8.170000000000002,0.9999431371688843,True,
576,23.968333333333334,3,764.0073776245117,563.857798576355,8.211666666666666,0.9999431371688843,True,
577,24.01,3,763.2665252685547,564.3835973739624,8.253333333333334,0.9999431371688843,True,
578,24.05166666666667,3,763.1129837036133,567.7088499069214,8.295000000000002,0.9999431371688843,True,
579,24.093333333333334,3,762.7080535888672,567.8391408920288,8.336666666666666,0.9999431371688843,True,
580,24.135,3,762.8194427490234,567.2891807556152,8.378333333333334,0.9999431371688843,True,
581,24.17666666666667,3,762.9489898681641,565.3703927993774,8.420000000000002,0.9999431371688843,True,
582,24.218333333333334,3,762.6877975463867,564.291672706604,8.461666666666666,0.9999431371688843,True,
583,24.26,3,763.2056427001953,564.2566537857056,8.503333333333334,0.9999431371688843,True,
584,24.30166666666667,3,763.4661102294922,564.098596572876,8.545000000000002,0.9999431371688843,True,
585,24.343333333333334,3,763.6930084228516,564.3210053443909,8.586666666666666,0.9999431371688843,True,
586,24.385,3,763.9252471923828,564.035747051239,8.628333333333334,0.9999431371688843,True,
587,24.42666666666667,3,764.1178512573242,564.0314984321594,8.670000000000002,0.9999431371688843,True,
588,24.468333333333334,3,763.9401245117188,564.0984463691711,8.711666666666666,0.9999431371688843,True,
589,24.51,3,763.9101409912109,564.940938949585,8.753333333333334,0.9999431371688843,True,
590,24.55166666666667,3,763.7135696411133,565.4402804374695,8.795000000000002,0.9999431371688843,True,
591,24.593333333333334,3,763.2369232177734,565.334837436676,8.836666666666666,0.9999431371688843,True,
592,24.635,3,763.1294631958008,565.4974865913391,8.878333333333334,0.9999431371688843,True,
593,24.67666666666667,3,762.7071762084961,565.3219413757324,8.920000000000002,0.9999431371688843,True,
594,24.718333333333334,3,762.2806549072266,565.8749485015869,8.961666666666666,0.9999431371688843,True,
595,24.76,3,762.3045349121094,566.3056468963623,9.003333333333334,0.9999431371688843,True,
596,24.80166666666667,3,761.3836288452148,567.0505714416504,9.045000000000002,0.9999431371688843,True,
597,24.843333333333334,3,761.8633270263672,567.2216963768005,9.086666666666666,0.9999431371688843,True,
598,24.885,3,761.4095306396484,567.6000165939331,9.128333333333334,0.9999431371688843,True,
599,24.92666666666667,3,761.5986251831055,567.8119540214539,9.170000000000002,0.9999431371688843,True,
600,24.968333333333334,3,762.1836853027344,567.7917194366455,9.211666666666666,0.9999431371688843,True,
601,25.01,3,763.1033706665039,567.7654767036438,9.253333333333334,0.9999431371688843,True,
602,25.05166666666667,3,763.911247253418,566.9172978401184,9.295000000000002,0.9999431371688843,True,
603,25.093333333333334,3,763.6919784545898,566.205267906189,9.336666666666666,0.9999431371688843,True,
604,25.135,3,763.5355377197266,564.3355536460876,9.378333333333334,0.9999431371688843,True,
605,25.17666666666667,3,763.4918975830078,564.0712380409241,9.420000000000002,0.9999431371688843,True,
606,25.218333333333334,3,763.8637542724609,564.4611883163452,9.461666666666666,0.9999431371688843,True,
607,25.26,3,763.4579467773438,564.8840761184692,9.503333333333334,0.9999431371688843,True,
608,25.30166666666667,3,762.9104614257812,565.6029081344604,9.545000000000002,0.9999431371688843,True,
609,25.343333333333334,3,762.3059463500977,565.9878587722778,9.586666666666666,0.9999431371688843,True,
610,25.385,3,761.8573760986328,565.8251237869263,9.628333333333334,0.9999431371688843,True,
611,25.42666666666667,3,761.4115524291992,566.5547919273376,9.670000000000002,0.9999431371688843,True,
612,25.468333333333334,3,761.7468643188477,566.6184997558594,9.711666666666666,0.9999431371688843,True,
613,25.51,3,761.5126419067383,566.7199516296387,9.753333333333334,0.9999431371688843,True,
614,25.55166666666667,3,761.4186096191406,566.6529393196106,9.795000000000002,0.9999431371688843,True,
615,25.593333333333334,3,761.4126968383789,566.8898320198059,9.836666666666666,0.9999431371688843,True,
616,25.635,3,761.3943099975586,567.0274829864502,9.878333333333334,0.9999431371688843,True,
617,25.67666666666667,3,761.3413238525391,567.0593047142029,9.920000000000002,0.9999431371688843,True,
618,25.718333333333334,3,761.4034652709961,567.5965404510498,9.961666666666666,0.9999431371688843,True,
619,25.76,3,761.4209747314453,567.7387619018555,10.003333333333334,0.9999431371688843,True,
620,25.80166666666667,3,761.5338516235352,567.9143714904785,10.045000000000002,0.9999431371688843,True,
621,25.843333333333334,3,761.7496490478516,567.6586174964905,10.086666666666666,0.9999431371688843,True,
622,25.885,3,761.7369079589844,566.9864988327026,10.128333333333334,0.9999431371688843,True,
623,25.92666666666667,3,761.7391204833984,566.9201731681824,10.170000000000002,0.9999431371688843,True,
624,25.968333333333334,3,761.6648864746094,566.1945605278015,10.211666666666666,0.9999431371688843,True,
625,26.011666666666667,3,761.6535568237305,565.7291865348816,10.254999999999999,0.9999431371688843,True,
626,26.053333333333335,3,762.0700073242188,565.670006275177,10.296666666666667,0.9999431371688843,True,
627,26.095000000000002,3,761.9881439208984,565.5856347084045,10.338333333333335,0.9999431371688843,True,
628,26.136666666666667,3,762.0845031738281,564.8924446105957,10.379999999999999,0.9999431371688843,True,
629,26.178333333333335,3,762.1615982055664,564.5589280128479,10.421666666666667,0.9999431371688843,True,
630,26.220000000000002,3,762.4648284912109,564.5527696609497,10.463333333333335,0.9999431371688843,True,
631,26.261666666666667,3,762.7886962890625,564.4141530990601,10.504999999999999,0.9999431371688843,True,
632,26.303333333333335,3,763.4524536132812,564.4303750991821,10.546666666666667,0.9999431371688843,True,
633,26.345000000000002,3,763.8447189331055,564.1777539253235,10.588333333333335,0.9999431371688843,True,
634,26.386666666666667,3,764.5624160766602,564.1124367713928,10.629999999999999,0.9999431371688843,True,
635,26.428333333333335,3,765.1789093017578,564.0926098823547,10.671666666666667,0.9999431371688843,True,
636,26.470000000000002,3,765.2557373046875,564.0763020515442,10.713333333333335,0.9999431371688843,True,
637,26.511666666666667,3,765.5890274047852,564.3108987808228,10.754999999999999,0.9999431371688843,True,
638,26.553333333333335,3,765.8937454223633,564.7267270088196,10.796666666666667,0.9999431371688843,True,
639,26.595000000000002,3,765.847053527832,565.2932739257812,10.838333333333335,0.9999431371688843,True,
640,26.636666666666667,3,765.9283828735352,569.2119383811951,10.879999999999999,0.9999431371688843,True,
641,26.678333333333335,3,765.4941177368164,569.8864817619324,10.921666666666667,0.9999431371688843,True,
642,26.720000000000002,3,764.7153091430664,570.2254271507263,10.963333333333335,0.9999431371688843,True,
643,26.761666666666667,3,763.6970901489258,570.6410193443298,11.004999999999999,0.9999431371688843,True,
644,26.803333333333335,3,762.7988052368164,571.0272789001465,11.046666666666667,0.9999431371688843,True,
645,26.845000000000002,3,761.0039138793945,571.7513251304626,11.088333333333335,0.9999431371688843,True,
646,26.886666666666667,3,759.377555847168,572.558434009552,11.129999999999999,0.9999431371688843,True,
647,26.928333333333335,3,757.5542831420898,572.5081157684326,11.171666666666667,0.9999431371688843,True,
648,26.970000000000002,3,756.961784362793,572.46009349823,11.213333333333335,0.9999431371688843,True,
649,27.011666666666667,3,755.3373336791992,572.8143382072449,11.254999999999999,0.9999431371688843,True,
650,27.053333333333335,3,753.5626220703125,573.1310749053955,11.296666666666667,0.9999431371688843,True,
651,27.095000000000002,3,751.8230438232422,574.342896938324,11.338333333333335,0.9999431371688843,True,
652,27.136666666666667,3,750.0003433227539,574.4746255874634,11.379999999999999,0.9999431371688843,True,
653,27.178333333333335,3,748.6709213256836,574.9752116203308,11.421666666666667,0.9999431371688843,True,
654,27.220000000000002,3,747.8060531616211,574.9238204956055,11.463333333333335,0.9999431371688843,True,
655,27.261666666666667,3,747.1110534667969,574.7849678993225,11.504999999999999,0.9999431371688843,True,
656,27.303333333333335,3,745.6608200073242,574.4956111907959,11.546666666666667,0.9999431371688843,True,
657,27.345000000000002,3,744.638786315918,574.5947027206421,11.588333333333335,0.9999431371688843,True,
658,27.386666666666667,3,744.3988037109375,574.7090721130371,11.629999999999999,0.9999431371688843,True,
659,27.428333333333335,3,744.2361068725586,574.9574017524719,11.671666666666667,0.9999431371688843,True,
660,27.470000000000002,3,744.4707870483398,574.9913907051086,11.713333333333335,0.9999431371688843,True,
661,27.511666666666667,3,744.5563125610352,575.1823425292969,11.754999999999999,0.9999431371688843,True,
662,27.553333333333335,3,744.6199798583984,575.9361720085144,11.796666666666667,0.9999431371688843,True,
663,27.595000000000002,3,744.7048568725586,575.957715511322,11.838333333333335,0.9999431371688843,True,
664,27.636666666666667,3,744.7862243652344,576.0778999328613,11.879999999999999,0.9999431371688843,True,
665,27.678333333333335,3,745.2340316772461,576.2139201164246,11.921666666666667,0.9999431371688843,True,
666,27.720000000000002,3,746.2705230712891,576.2383389472961,11.963333333333335,0.9999431371688843,True,
667,27.761666666666667,3,746.6272735595703,576.258852481842,12.004999999999999,0.9999431371688843,True,
668,27.803333333333335,3,746.8595123291016,576.44686460495,12.046666666666667,0.9999431371688843,True,
669,27.845000000000002,3,746.9688415527344,576.4147639274597,12.088333333333335,0.9999431371688843,True,
670,27.886666666666667,3,747.0475769042969,576.3389110565186,12.129999999999999,0.9999431371688843,True,
671,27.928333333333335,3,747.0922470092773,576.1663269996643,12.171666666666667,0.9999431371688843,True,
672,27.970000000000002,3,747.1308898925781,576.0763549804688,12.213333333333335,0.9999431371688843,True,
673,28.011666666666667,3,747.1590805053711,576.0693383216858,12.254999999999999,0.9999431371688843,True,
674,28.053333333333335,3,747.1638488769531,576.0635232925415,12.296666666666667,0.9999431371688843,True,
675,28.095000000000002,3,747.0758438110352,576.0482454299927,12.338333333333335,0.9999431371688843,True,
676,28.136666666666667,3,746.5635681152344,576.007068157196,12.379999999999999,0.9999431371688843,True,
677,28.178333333333335,3,745.900764465332,575.8214592933655,12.421666666666667,0.9999431371688843,True,
678,28.220000000000002,3,745.2743530273438,575.6318593025208,12.463333333333335,0.9999431371688843,True,
679,28.261666666666667,3,745.0477600097656,575.4085063934326,12.504999999999999,0.9999431371688843,True,
680,28.303333333333335,3,744.5014190673828,575.1753902435303,12.546666666666667,0.9999431371688843,True,
681,28.345000000000002,3,743.7191772460938,574.6585178375244,12.588333333333335,0.9999431371688843,True,
682,28.386666666666667,3,743.2753372192383,574.070770740509,12.629999999999999,0.9999431371688843,True,
683,28.428333333333335,3,743.1162643432617,573.8054037094116,12.671666666666667,0.9999431371688843,True,
684,28.470000000000002,3,742.7172470092773,573.4404516220093,12.713333333333335,0.9999431371688843,True,
685,28.51166666666667,3,742.5119400024414,573.1288003921509,12.755000000000003,0.9999431371688843,True,
686,28.553333333333335,3,742.145881652832,572.59770154953,12.796666666666667,0.9999431371688843,True,
687,28.595000000000002,3,741.937255859375,572.5077080726624,12.838333333333335,0.9999431371688843,True,
688,28.63666666666667,3,741.8101501464844,571.5067291259766,12.880000000000003,0.9999431371688843,True,
689,28.678333333333335,3,741.5763473510742,570.6953072547913,12.921666666666667,0.9999431371688843,True,
690,28.720000000000002,3,741.4460754394531,569.5600247383118,12.963333333333335,0.9999431371688843,True,
691,28.76166666666667,3,741.4627456665039,568.8639378547668,13.005000000000003,0.9999431371688843,True,
692,28.803333333333335,3,741.3628387451172,568.3500480651855,13.046666666666667,0.9999431371688843,True,
693,28.845000000000002,3,741.4483642578125,566.9717144966125,13.088333333333335,0.9999431371688843,True,
694,28.88666666666667,3,741.6374206542969,565.7561588287354,13.130000000000003,0.9999431371688843,True,
695,28.928333333333335,3,741.8873977661133,564.7265768051147,13.171666666666667,0.9999431371688843,True,
696,28.970000000000002,3,742.3109817504883,564.1718101501465,13.213333333333335,0.9999431371688843,True,
697,29.01166666666667,3,742.5885772705078,562.8832983970642,13.255000000000003,0.9999431371688843,True,
698,29.053333333333335,3,742.9337692260742,560.7907676696777,13.296666666666667,0.9999431371688843,True,
699,29.095000000000002,3,743.3099365234375,559.9878644943237,13.338333333333335,0.9999431371688843,True,
700,29.13666666666667,3,743.4235000610352,559.8336052894592,13.380000000000003,0.9999431371688843,True,
701,29.178333333333335,3,743.6439895629883,559.7208666801453,13.421666666666667,0.9999431371688843,True,
702,29.220000000000002,3,743.8656616210938,558.7053394317627,13.463333333333335,0.9999431371688843,True,
703,29.26166666666667,3,744.0908432006836,557.9017925262451,13.505000000000003,0.9999431371688843,True,
704,29.303333333333335,3,744.5156097412109,557.5400376319885,13.546666666666667,0.9999431371688843,True,
705,29.345000000000002,3,744.9843978881836,557.081036567688,13.588333333333335,0.9999431371688843,True,
706,29.38666666666667,3,745.1762771606445,556.3479351997375,13.630000000000003,0.9999431371688843,True,
707,29.428333333333335,3,745.3469848632812,555.5897927284241,13.671666666666667,0.9999431371688843,True,
708,29.470000000000002,3,745.3371810913086,554.7247695922852,13.713333333333335,0.9999431371688843,True,
709,29.51166666666667,3,745.3445816040039,554.3420720100403,13.755000000000003,0.9999431371688843,True,
710,29.553333333333335,3,745.5429458618164,553.9801025390625,13.796666666666667,0.9999431371688843,True,
711,29.595000000000002,3,745.6712341308594,553.1496477127075,13.838333333333335,0.9999431371688843,True,
712,29.63666666666667,3,746.0718536376953,552.4258804321289,13.880000000000003,0.9999431371688843,True,
713,29.678333333333335,3,746.5345764160156,551.8072557449341,13.921666666666667,0.9999431371688843,True,
714,29.720000000000002,3,747.2715377807617,551.6891312599182,13.963333333333335,0.9999431371688843,True,
715,29.76166666666667,3,747.6747512817383,551.5914559364319,14.005000000000003,0.9999431371688843,True,
716,29.803333333333335,3,747.7437210083008,551.5132212638855,14.046666666666667,0.9999431371688843,True,
717,29.845000000000002,3,747.8624725341797,551.5059471130371,14.088333333333335,0.9999431371688843,True,
718,29.88666666666667,3,747.9933929443359,551.5102815628052,14.130000000000003,0.9999431371688843,True,
719,29.928333333333335,3,748.0842208862305,551.5642690658569,14.171666666666667,0.9999431371688843,True,
720,29.970000000000002,3,748.1605911254883,551.5977430343628,14.213333333333335,0.9999431371688843,True,
721,30.013333333333335,3,748.1440353393555,551.6862773895264,14.256666666666668,0.9999431371688843,True,
722,30.055000000000003,3,748.1536102294922,551.795003414154,14.298333333333336,0.9999431371688843,True,
723,30.096666666666668,3,748.212890625,552.3453712463379,14.34,0.9999431371688843,True,
724,30.138333333333335,3,748.4710311889648,553.4539818763733,14.381666666666668,0.9999431371688843,True,
725,30.180000000000003,3,748.6257553100586,554.0259575843811,14.423333333333336,0.9999431371688843,True,
726,30.221666666666668,3,748.8454055786133,554.4270014762878,14.465,0.9999431371688843,True,
727,30.263333333333335,3,748.873291015625,554.6618342399597,14.506666666666668,0.9999431371688843,True,
728,30.305000000000003,3,748.8387680053711,554.9051856994629,14.548333333333336,0.9999431371688843,True,
729,30.346666666666668,3,748.8635635375977,554.920506477356,14.59,0.9999431371688843,True,
730,30.388333333333335,3,748.826789855957,554.9139404296875,14.631666666666668,0.9999431371688843,True,
731,30.430000000000003,3,748.7042617797852,554.8492670059204,14.673333333333336,0.9999431371688843,True,
732,30.471666666666668,3,748.8512420654297,554.7978973388672,14.715,0.9999431371688843,True,
733,30.513333333333335,3,748.7908172607422,554.5753169059753,14.756666666666668,0.9999431371688843,True,
734,30.555000000000003,3,748.6946868896484,554.430992603302,14.798333333333336,0.9999431371688843,True,
735,30.596666666666668,3,748.6895751953125,554.3609976768494,14.84,0.9999431371688843,True,
736,30.638333333333335,3,748.5516357421875,554.0717053413391,14.881666666666668,0.9999431371688843,True,
737,30.680000000000003,3,747.7285003662109,554.07151222229,14.923333333333336,0.9999431371688843,True,
738,30.721666666666668,3,747.1949768066406,553.995509147644,14.965,0.9999431371688843,True,
739,30.763333333333335,3,746.8264770507812,553.9527010917664,15.006666666666668,0.9999431371688843,True,
740,30.805000000000003,3,746.4917373657227,554.022696018219,15.048333333333336,0.9999431371688843,True,
741,30.846666666666668,3,746.2708282470703,554.0307641029358,15.09,0.9999431371688843,True,
742,30.888333333333335,3,746.1737060546875,554.1064023971558,15.131666666666668,0.9999431371688843,True,
743,30.930000000000003,3,746.0707473754883,554.210364818573,15.173333333333336,0.9999431371688843,True,
744,30.971666666666668,3,745.9861755371094,554.261884689331,15.215,0.9999431371688843,True,
745,31.013333333333335,3,745.9964752197266,554.2990064620972,15.256666666666668,0.9999431371688843,True,
746,31.055000000000003,3,745.9994125366211,554.306366443634,15.298333333333336,0.9999431371688843,True,
747,31.096666666666668,3,746.0485076904297,554.3274593353271,15.34,0.9999431371688843,True,
748,31.138333333333335,3,746.1113357543945,554.3501615524292,15.381666666666668,0.9999431371688843,True,
749,31.180000000000003,3,746.14501953125,554.3735933303833,15.423333333333336,0.9999431371688843,True,
750,31.221666666666668,3,746.1640167236328,554.4568061828613,15.465,0.9999431371688843,True,
751,31.263333333333335,3,746.2232971191406,554.614691734314,15.506666666666668,0.9999431371688843,True,
752,31.305000000000003,3,746.3676452636719,554.7221732139587,15.548333333333336,0.9999431371688843,True,
753,31.346666666666668,3,746.3847351074219,554.8838353157043,15.59,0.9999431371688843,True,
754,31.388333333333335,3,746.4056777954102,554.9528431892395,15.631666666666668,0.9999431371688843,True,
755,31.430000000000003,3,746.2606811523438,555.5291962623596,15.673333333333336,0.9999431371688843,True,
756,31.471666666666668,3,746.1539077758789,555.7900357246399,15.715,0.9999431371688843,True,
757,31.513333333333335,3,746.1252593994141,555.9396815299988,15.756666666666668,0.9999431371688843,True,
758,31.555000000000003,3,746.0895919799805,556.0260915756226,15.798333333333336,0.9999431371688843,True,
759,31.596666666666668,3,746.0930252075195,556.0403180122375,15.84,0.9999431371688843,True,
760,31.638333333333335,3,745.9553909301758,555.985107421875,15.881666666666668,0.9999431371688843,True,
761,31.680000000000003,3,745.9106826782227,555.9465479850769,15.923333333333336,0.9999431371688843,True,
762,31.721666666666668,3,745.905876159668,555.8644080162048,15.965,0.9999431371688843,True,
763,31.763333333333335,3,745.9028625488281,555.8454394340515,16.006666666666668,0.9999431371688843,True,
764,31.805000000000003,3,745.9328842163086,555.6432223320007,16.048333333333336,0.9999431371688843,True,
765,31.846666666666668,3,746.0682678222656,555.5079102516174,16.09,0.9999431371688843,True,
766,31.888333333333335,3,746.0853576660156,555.4072093963623,16.131666666666668,0.9999431371688843,True,
767,31.930000000000003,3,746.1396789550781,555.2671766281128,16.173333333333336,0.9999431371688843,True,
768,31.971666666666668,3,746.157112121582,555.2625203132629,16.215,0.9999431371688843,True,
769,32.013333333333335,3,746.1606979370117,555.0654101371765,16.256666666666668,0.9999431371688843,True,
770,32.055,3,746.1296844482422,554.8760676383972,16.298333333333332,0.9999431371688843,True,
771,32.09666666666667,3,746.1286926269531,554.5679354667664,16.340000000000003,0.9999431371688843,True,
772,32.138333333333335,3,746.1169815063477,554.5009446144104,16.381666666666668,0.9999431371688843,True,
773,32.18,3,746.140022277832,554.3864250183105,16.423333333333332,0.9999431371688843,True,
774,32.22166666666667,3,746.1090087890625,554.3379521369934,16.465000000000003,0.9999431371688843,True,
775,32.263333333333335,3,746.0601043701172,554.2463064193726,16.506666666666668,0.9999431371688843,True,
776,32.305,3,746.0713195800781,554.2740082740784,16.548333333333332,0.9999431371688843,True,
777,32.34666666666667,3,746.1951065063477,554.4926834106445,16.590000000000003,0.9999431371688843,True,
778,32.388333333333335,3,746.1577987670898,555.1573133468628,16.631666666666668,0.9999431371688843,True,
779,32.43,3,745.6914138793945,555.8806085586548,16.673333333333332,0.9999431371688843,True,
780,32.47166666666667,3,745.2007293701172,556.2319350242615,16.715000000000003,0.9999431371688843,True,
781,32.513333333333335,3,744.6398544311523,556.6283011436462,16.756666666666668,0.9999431371688843,True,
782,32.555,3,744.5218276977539,557.6466608047485,16.798333333333332,0.9999431371688843,True,
783,32.59666666666667,3,744.4134521484375,558.14040184021,16.840000000000003,0.9999431371688843,True,
784,32.638333333333335,3,744.4926452636719,559.0909552574158,16.881666666666668,0.9999431371688843,True,
785,32.68,3,744.3791961669922,560.3782868385315,16.923333333333332,0.9999431371688843,True,
786,32.72166666666667,3,744.385986328125,561.5046858787537,16.965000000000003,0.9999431371688843,True,
787,32.763333333333335,3,744.8500823974609,562.0821762084961,17.006666666666668,0.9999431371688843,True,
788,32.805,3,744.9741363525391,562.9074811935425,17.048333333333332,0.9999431371688843,True,
789,32.84666666666667,3,745.1018905639648,564.2159056663513,17.090000000000003,0.9999431371688843,True,
790,32.888333333333335,3,745.4774475097656,564.3545651435852,17.131666666666668,0.9999431371688843,True,
791,32.93,3,745.8552551269531,564.9176573753357,17.173333333333332,0.9999431371688843,True,
792,32.97166666666667,3,745.9252166748047,565.3471755981445,17.215000000000003,0.9999431371688843,True,
793,33.013333333333335,3,745.9111022949219,565.9961199760437,17.256666666666668,0.9999431371688843,True,
794,33.055,3,745.9742736816406,566.4659357070923,17.298333333333332,0.9999431371688843,True,
795,33.09666666666667,3,745.9610366821289,566.6200876235962,17.340000000000003,0.9999431371688843,True,
796,33.138333333333335,3,745.8551025390625,566.9949960708618,17.381666666666668,0.9999431371688843,True,
797,33.18,3,745.656623840332,568.0563139915466,17.423333333333332,0.9999431371688843,True,
798,33.22166666666667,3,745.1064300537109,568.3366799354553,17.465000000000003,0.9999431371688843,True,
799,33.263333333333335,3,744.7451782226562,568.7442255020142,17.506666666666668,0.9999431371688843,True,
800,33.305,3,744.072151184082,569.235692024231,17.548333333333332,0.9999431371688843,True,
801,33.34666666666667,3,743.6676788330078,569.2222380638123,17.590000000000003,0.9999431371688843,True,
802,33.388333333333335,3,743.5343933105469,569.1028475761414,17.631666666666668,0.9999431371688843,True,
803,33.43,3,743.2817840576172,569.0664339065552,17.673333333333332,0.9999431371688843,True,
804,33.47166666666667,3,742.7535247802734,569.079737663269,17.715000000000003,0.9999431371688843,True,
805,33.513333333333335,3,742.0111083984375,569.5142769813538,17.756666666666668,0.9999431371688843,True,
806,33.555,3,741.0404968261719,569.9488377571106,17.798333333333332,0.9999431371688843,True,
807,33.59666666666667,3,740.1911163330078,570.5141401290894,17.840000000000003,0.9999431371688843,True,
808,33.638333333333335,3,739.5672607421875,570.8705949783325,17.881666666666668,0.9999431371688843,True,
809,33.68,3,739.4218444824219,570.8759808540344,17.923333333333332,0.9999431371688843,True,
810,33.72166666666667,3,739.2826080322266,571.0793137550354,17.965000000000003,0.9999431371688843,True,
811,33.763333333333335,3,739.1863632202148,571.3685631752014,18.006666666666668,0.9999431371688843,True,
812,33.805,3,739.0646362304688,571.5786123275757,18.048333333333332,0.9999431371688843,True,
813,33.84666666666667,3,738.8447570800781,572.2077941894531,18.090000000000003,0.9999431371688843,True,
814,33.888333333333335,3,738.674430847168,572.6337933540344,18.131666666666668,0.9999431371688843,True,
815,33.93,3,738.4566879272461,572.6539850234985,18.173333333333332,0.9999431371688843,True,
816,33.97166666666667,3,738.3789825439453,572.6734900474548,18.215000000000003,0.9999431371688843,True,
817,34.015,3,738.1614685058594,572.7706933021545,18.258333333333333,0.9999431371688843,True,
818,34.05666666666667,3,737.4623489379883,573.0669593811035,18.300000000000004,0.9999431371688843,True,
819,34.098333333333336,3,737.0742416381836,573.1219983100891,18.34166666666667,0.9999431371688843,True,
820,34.14,3,736.8045806884766,573.2413029670715,18.383333333333333,0.9999431371688843,True,
821,34.18166666666667,3,736.5280532836914,573.4584760665894,18.425000000000004,0.9999431371688843,True,
822,34.223333333333336,3,736.0434722900391,574.3919062614441,18.46666666666667,0.9999431371688843,True,
823,34.265,3,735.6230545043945,574.7457647323608,18.508333333333333,0.9999431371688843,True,
824,34.30666666666667,3,735.3290176391602,574.9194645881653,18.550000000000004,0.9999431371688843,True,
825,34.348333333333336,3,735.2239227294922,575.0675868988037,18.59166666666667,0.9999431371688843,True,
826,34.39,3,734.8180389404297,575.4324316978455,18.633333333333333,0.9999431371688843,True,
827,34.43166666666667,3,734.7127532958984,575.4219174385071,18.675000000000004,0.9999431371688843,True,
828,34.473333333333336,3,734.4837951660156,575.5051732063293,18.71666666666667,0.9999431371688843,True,
829,34.515,3,734.3230819702148,575.609929561615,18.758333333333333,0.9999431371688843,True,
830,34.55666666666667,3,734.0542221069336,575.9352278709412,18.800000000000004,0.9999431371688843,True,
831,34.598333333333336,3,733.7224578857422,576.2849020957947,18.84166666666667,0.9999431371688843,True,
832,34.64,3,733.6478805541992,576.2949872016907,18.883333333333333,0.9999431371688843,True,
833,34.68166666666667,3,733.6624526977539,576.2780141830444,18.925000000000004,0.9999431371688843,True,
834,34.723333333333336,3,733.8918685913086,576.2432312965393,18.96666666666667,0.9999431371688843,True,
835,34.765,3,734.2934036254883,576.1996507644653,19.008333333333333,0.9999431371688843,True,
836,34.80666666666667,3,734.2267227172852,576.1196565628052,19.050000000000004,0.9999431371688843,True,
837,34.848333333333336,3,734.0650177001953,576.2128686904907,19.09166666666667,0.9999431371688843,True,
838,34.89,3,734.0689086914062,576.2753534317017,19.133333333333333,0.9999431371688843,True,
839,34.93166666666667,3,734.276237487793,576.1967968940735,19.175000000000004,0.9999431371688843,True,
840,34.973333333333336,3,734.7802352905273,575.7414865493774,19.21666666666667,0.9999431371688843,True,
841,35.015,3,735.0510787963867,575.5656623840332,19.258333333333333,0.9999431371688843,True,
842,35.05666666666667,3,735.4546737670898,574.9795889854431,19.300000000000004,0.9999431371688843,True,
843,35.098333333333336,3,735.5493545532227,574.8915696144104,19.34166666666667,0.9999431371688843,True,
844,35.14,3,735.5957412719727,574.7723078727722,19.383333333333333,0.9999431371688843,True,
845,35.18166666666667,3,735.6201171875,574.6416306495667,19.425000000000004,0.9999431371688843,True,
846,35.223333333333336,3,735.7854461669922,574.4875431060791,19.46666666666667,0.9999431371688843,True,
847,35.265,3,735.8771133422852,574.461772441864,19.508333333333333,0.9999431371688843,True,
848,35.30666666666667,3,735.9468841552734,574.442310333252,19.550000000000004,0.9999431371688843,True,
849,35.348333333333336,3,735.9584808349609,574.4221186637878,19.59166666666667,0.9999431371688843,True,
850,35.39,3,735.9414672851562,574.413492679596,19.633333333333333,0.9999431371688843,True,
851,35.43166666666667,3,735.9310531616211,574.4382762908936,19.675000000000004,0.9999431371688843,True,
852,35.473333333333336,3,735.9523773193359,574.679160118103,19.71666666666667,0.9999431371688843,True,
853,35.515,3,735.9664916992188,575.0371384620667,19.758333333333333,0.9999431371688843,True,
854,35.55666666666667,3,735.9839248657227,575.0270962715149,19.800000000000004,0.9999431371688843,True,
855,35.598333333333336,3,735.9453964233398,575.176420211792,19.84166666666667,0.9999431371688843,True,
856,35.64,3,735.8180618286133,575.2062249183655,19.883333333333333,0.9999431371688843,True,
857,35.68166666666667,3,735.6493377685547,575.3373956680298,19.925000000000004,0.9999431371688843,True,
858,35.723333333333336,3,735.5436706542969,575.9617710113525,19.96666666666667,0.9999431371688843,True,
859,35.765,3,735.2511978149414,576.5363216400146,20.008333333333333,0.9999431371688843,True,
860,35.80666666666667,3,734.939079284668,577.1239829063416,20.050000000000004,0.9999431371688843,True,
861,35.848333333333336,3,734.7855758666992,577.1315360069275,20.09166666666667,0.9999431371688843,True,
862,35.89,3,734.5687484741211,577.3236465454102,20.133333333333333,0.9999431371688843,True,
863,35.93166666666667,3,734.286994934082,577.9173374176025,20.175000000000004,0.9999431371688843,True,
864,35.973333333333336,3,734.250602722168,577.9708099365234,20.21666666666667,0.9999431371688843,True,
865,36.015,3,734.2473983764648,577.9163074493408,20.258333333333333,0.9999431371688843,True,
866,36.05666666666667,3,734.2301559448242,577.9007291793823,20.300000000000004,0.9999431371688843,True,
867,36.098333333333336,3,734.1892623901367,577.9288816452026,20.34166666666667,0.9999431371688843,True,
868,36.14,3,734.0999603271484,578.0744290351868,20.383333333333333,0.9999431371688843,True,
869,36.18166666666667,3,734.0269088745117,578.5441374778748,20.425000000000004,0.9999431371688843,True,
870,36.223333333333336,3,733.8233947753906,578.9897274971008,20.46666666666667,0.9999431371688843,True,
871,36.265,3,733.5159683227539,579.7750353813171,20.508333333333333,0.9999431371688843,True,
872,36.30666666666667,3,733.4636688232422,580.1037669181824,20.550000000000004,0.9999431371688843,True,
873,36.348333333333336,3,733.5121154785156,580.3334498405457,20.59166666666667,0.9999431371688843,True,
874,36.39,3,733.7162399291992,580.4364895820618,20.633333333333333,0.9999431371688843,True,
875,36.43166666666667,3,733.8271713256836,580.4603290557861,20.675000000000004,0.9999431371688843,True,
876,36.473333333333336,3,733.9774322509766,580.5918002128601,20.71666666666667,0.9999431371688843,True,
877,36.515,3,733.9891815185547,580.5696129798889,20.758333333333333,0.9999431371688843,True,
878,36.55666666666667,3,733.9464950561523,580.6532335281372,20.800000000000004,0.9999431371688843,True,
879,36.598333333333336,3,733.9060592651367,580.8668875694275,20.84166666666667,0.9999431371688843,True,
880,36.64,3,733.8844299316406,580.8668875694275,20.883333333333333,0.9999431371688843,True,
881,36.68166666666667,3,733.7506866455078,580.6703567504883,20.925000000000004,0.9999431371688843,True,
882,36.723333333333336,3,733.1950759887695,580.9216690063477,20.96666666666667,0.9999431371688843,True,
883,36.765,3,732.6670837402344,581.6135501861572,21.008333333333333,0.9999431371688843,True,
884,36.80666666666667,3,732.4009323120117,582.3781514167786,21.050000000000004,0.9999431371688843,True,
885,36.848333333333336,3,732.2623062133789,582.5474309921265,21.09166666666667,0.9999431371688843,True,
886,36.89,3,731.9422912597656,582.8967618942261,21.133333333333333,0.9999431371688843,True,
887,36.93166666666667,3,731.2781143188477,583.3154439926147,21.175000000000004,0.9999431371688843,True,
888,36.973333333333336,3,730.8749771118164,583.8262224197388,21.21666666666667,0.9999431371688843,True,
889,37.015,3,730.6051254272461,584.4028329849243,21.258333333333333,0.9999431371688843,True,
890,37.05666666666667,3,730.4145812988281,584.6872973442078,21.300000000000004,0.9999431371688843,True,
891,37.098333333333336,3,730.3815460205078,584.8955655097961,21.34166666666667,0.9999431371688843,True,
892,37.14,3,730.3863525390625,584.8363208770752,21.383333333333333,0.9999431371688843,True,
893,37.18166666666667,3,730.3123474121094,584.8967242240906,21.425000000000004,0.9999431371688843,True,
