timestamp,head_x,head_y,head_turning_detected,processing_time,confidence
1744528566.191381,300.5,964.25,False,22.365331649780273,0.9734330773353577
1744528566.6415071,935.75,-60.0,False,21.26312255859375,0.975547194480896
1744528566.680846,940.75,-52.75,False,13.842105865478516,0.9778366684913635
1744528566.719091,946.0,-44.0,False,13.703107833862305,0.9799306392669678
1744528566.7575119,963.75,-29.75,False,13.67497444152832,0.9819087386131287
1744528566.797311,993.0,-15.0,False,13.631105422973633,0.9836760759353638
1744528566.835979,1016.25,-4.0,True,13.655662536621094,0.985266923904419
1744528566.877274,1026.25,5.75,True,13.768911361694336,0.9866610169410706
1744528566.916276,1036.75,9.25,True,13.709068298339844,0.9878922700881958
1744528566.954904,1047.75,13.5,True,13.759136199951172,0.9889295101165771
1744528566.996247,1107.75,86.25,True,13.748884201049805,0.9897254109382629
1744528567.037809,1110.0,113.25,False,13.691902160644531,0.9903995394706726
1744528567.07982,1127.25,123.5,False,13.837099075317383,0.9910390377044678
1744528567.11853,1142.0,139.25,False,13.698816299438477,0.9916595816612244
1744528567.156949,1155.5,144.75,False,13.701915740966797,0.9922735095024109
1744528567.1985111,1165.0,151.25,False,13.76795768737793,0.9929017424583435
1744528567.2371242,1188.75,163.75,False,13.643980026245117,0.9935398697853088
1744528567.278288,1196.75,169.75,False,13.716936111450195,0.9941357374191284
1744528567.317065,1203.75,174.25,False,13.64898681640625,0.9946542978286743
1744528567.355058,1213.25,171.5,False,13.630867004394531,0.9951171278953552
1744528567.395993,1219.75,171.0,False,13.756036758422852,0.9953938722610474
1744528567.434487,1230.0,172.75,False,13.669252395629883,0.995629608631134
1744528567.472752,1241.0,178.0,False,13.69476318359375,0.9959014058113098
1744528567.513429,1255.25,184.5,False,13.559103012084961,0.9962008595466614
1744528567.551896,1271.25,194.25,False,13.564825057983398,0.9964021444320679
1744528567.589968,1287.75,206.75,False,13.769865036010742,0.9965989589691162
1744528567.630072,1296.75,216.0,False,13.556957244873047,0.9968504905700684
1744528567.668146,1314.25,225.5,False,13.612985610961914,0.9970280528068542
1744528567.706034,1327.0,233.25,False,13.786077499389648,0.9972384572029114
1744528567.746009,1339.75,237.0,False,13.690710067749023,0.9974170923233032
1744528567.7846222,1344.75,240.25,False,13.504981994628906,0.9976128935813904
1744528567.822624,1355.75,242.75,False,13.602018356323242,0.9977484941482544
1744528567.862454,1361.5,244.5,False,13.582944869995117,0.9978732466697693
1744528567.900207,1370.0,245.0,False,13.53597640991211,0.9979751110076904
1744528567.9381828,1376.5,244.5,False,13.627767562866211,0.9980572462081909
1744528567.9774232,1384.25,244.5,False,13.766765594482422,0.9982046484947205
1744528568.0159638,1390.0,244.0,False,13.276815414428711,0.998334527015686
1744528568.054094,1396.0,245.25,False,13.601064682006836,0.9984498620033264
1744528568.0939252,1401.5,250.25,False,13.724803924560547,0.9985623359680176
1744528568.132242,1409.25,255.5,False,13.731956481933594,0.998668909072876
1744528568.1703959,1417.25,264.0,False,13.617992401123047,0.9986947774887085
1744528568.2084439,1422.25,272.75,False,13.638734817504883,0.9987901449203491
1744528568.247128,1426.75,281.0,False,13.659954071044922,0.9988848567008972
1744528568.285269,1425.5,287.0,False,13.730049133300781,0.9989672303199768
1744528568.324777,1429.0,290.0,False,13.782024383544922,0.9990505576133728
1744528568.362428,1437.0,295.0,False,13.593196868896484,0.9991111159324646
1744528568.39993,1450.75,296.0,False,13.593912124633789,0.9991587400436401
1744528568.437529,1458.25,297.5,False,13.5498046875,0.9992167353630066
1744528568.475649,1463.25,296.5,False,13.870000839233398,0.9992736577987671
1744528568.513877,1473.25,297.0,False,13.63825798034668,0.9993199706077576
1744528568.552199,1479.0,297.75,False,13.770103454589844,0.9993683695793152
1744528568.59026,1487.25,300.25,False,13.610124588012695,0.9993931651115417
1744528568.628144,1491.75,303.25,False,13.628959655761719,0.9994019269943237
1744528568.666243,1492.75,304.25,False,13.493061065673828,0.9994451403617859
1744528568.704903,1500.25,307.5,False,13.49496841430664,0.9994831681251526
1744528568.743205,1508.5,309.5,False,13.658761978149414,0.9995231628417969
1744528568.781091,1518.5,313.5,False,13.570070266723633,0.9995550513267517
1744528568.818912,1525.0,317.0,False,13.49020004272461,0.9995906949043274
1744528568.856499,1531.5,319.25,False,13.550043106079102,0.9996227622032166
1744528568.894578,1541.0,318.0,True,13.577938079833984,0.9996538758277893
1744528568.932791,1549.0,317.25,True,13.562917709350586,0.9996808171272278
1744528568.9705632,1557.75,318.25,True,13.526201248168945,0.9997044801712036
1744528569.0084438,1562.75,318.75,True,13.607978820800781,0.9996950626373291
1744528569.046144,1569.25,320.5,True,13.566970825195312,0.9997138381004333
1744528569.0827122,1572.75,322.5,True,13.448953628540039,0.999727725982666
1744528569.120418,1575.75,323.25,False,13.555288314819336,0.999735951423645
1744528569.159422,1579.5,323.75,False,13.57579231262207,0.9997501373291016
1744528569.1973078,1583.75,325.25,False,13.545036315917969,0.9997060894966125
1744528569.235424,1587.75,328.5,False,13.659954071044922,0.9994626641273499
1744528569.2731168,1588.5,331.25,False,13.61989974975586,0.9990419149398804
1744528569.311317,1591.5,336.5,False,13.675928115844727,0.9975348114967346
1744528569.34901,1596.0,337.75,False,13.680696487426758,0.9962085485458374
1744528569.386831,1601.0,341.5,False,13.836860656738281,0.994910717010498
1744528569.424468,1605.75,347.0,False,13.638973236083984,0.9949566721916199
1744528569.461851,1619.75,352.25,False,13.517141342163086,0.9954305291175842
1744528569.500633,1630.75,355.25,False,14.101028442382812,0.9958465695381165
1744528569.538662,1636.75,356.25,False,14.027595520019531,0.9962244629859924
1744528569.57656,1642.25,356.75,False,13.60774040222168,0.996488094329834
1744528569.6163478,1649.25,357.5,False,13.545036315917969,0.996809720993042
1744528569.654557,1655.5,358.5,False,13.686180114746094,0.9970369338989258
1744528569.692826,1660.25,359.0,False,13.775110244750977,0.9972814321517944
1744528569.731123,1665.75,361.5,False,13.572931289672852,0.9975190758705139
1744528569.7695858,1679.5,368.0,False,13.573169708251953,0.9977113008499146
1744528569.8070982,1687.75,372.0,False,13.481855392456055,0.9978190064430237
1744528569.844834,1693.25,375.5,False,13.646125793457031,0.997960090637207
1744528569.8825338,1701.75,379.5,False,13.717889785766602,0.9980778098106384
1744528569.920131,1710.75,384.0,False,13.501405715942383,0.9981906414031982
1744528569.957685,1719.5,388.25,False,13.602018356323242,0.9983121156692505
1744528569.995498,1725.75,392.25,False,13.676881790161133,0.9984145760536194
1744528570.03311,1732.75,396.0,False,13.723134994506836,0.9985144734382629
1744528570.072192,1738.5,400.5,False,13.578176498413086,0.9986148476600647
1744528570.110579,1744.0,403.0,False,13.93890380859375,0.9987081289291382
1744528570.148353,1747.5,405.25,False,14.035940170288086,0.9987831711769104
1744528570.1862469,1749.75,406.5,False,13.795137405395508,0.9988482594490051
1744528570.22442,1752.75,408.25,False,13.973712921142578,0.9989032745361328
1744528570.261653,1754.0,410.25,False,13.60321044921875,0.9989222884178162
1744528570.299891,1757.0,412.0,False,13.508081436157227,0.9989646673202515
1744528570.33735,1758.25,413.75,False,13.666152954101562,0.9990215301513672
1744528570.374828,1759.5,415.5,False,13.840913772583008,0.999080240726471
1744528570.411791,1760.5,416.5,False,13.598918914794922,0.9991178512573242
1744528570.448777,1761.5,417.0,False,13.606786727905273,0.9991611242294312
1744528570.485846,1762.25,418.0,False,13.605117797851562,0.9991963505744934
1744528570.524692,1761.75,418.0,False,13.631105422973633,0.9992151856422424
1744528570.562111,1761.75,418.0,False,13.653993606567383,0.9992340207099915
1744528570.599809,1761.75,418.0,False,13.882875442504883,0.9992534518241882
1744528570.637107,1761.75,418.0,False,13.572216033935547,0.9992714524269104
1744528570.674175,1761.75,418.0,False,13.497114181518555,0.9992660284042358
1744528570.7119539,1761.5,418.75,False,13.597965240478516,0.9992640018463135
1744528570.750083,1761.5,418.75,False,13.81230354309082,0.9992591142654419
1744528570.787819,1761.5,418.75,False,13.608217239379883,0.9992691278457642
1744528570.824907,1761.25,419.5,False,13.603687286376953,0.999274492263794
1744528570.8622441,1761.25,419.5,False,13.637065887451172,0.9992751479148865
1744528570.899879,1761.25,419.5,False,13.383150100708008,0.9992820620536804
1744528570.936945,1760.75,419.5,False,13.615131378173828,0.9992914199829102
1744528570.9760242,1760.75,419.5,False,13.70692253112793,0.9992902874946594
1744528571.013525,1760.75,420.0,False,13.579130172729492,0.9992889761924744
1744528571.0509791,1760.5,420.0,False,13.558149337768555,0.9992974996566772
1744528571.088196,1760.5,420.0,False,13.605117797851562,0.9993072748184204
1744528571.1263301,1760.0,420.0,False,13.830900192260742,0.999321699142456
1744528571.164074,1760.0,420.0,False,13.635873794555664,0.9993228912353516
1744528571.201389,1759.75,420.0,False,13.646841049194336,0.999309241771698
1744528571.2385778,1759.5,420.0,False,13.511180877685547,0.999290406703949
1744528571.276076,1759.5,420.0,False,13.609170913696289,0.999286413192749
1744528571.313438,1759.25,420.0,False,13.53907585144043,0.9992822408676147
1744528571.350914,1758.75,420.0,False,13.458013534545898,0.9992781281471252
1744528571.388375,1758.75,420.0,False,13.763189315795898,0.9992452263832092
1744528571.427945,1758.5,420.0,False,13.683795928955078,0.999238908290863
1744528571.46563,1758.5,420.0,False,13.539791107177734,0.9992276430130005
1744528571.503577,1758.5,420.0,False,13.846874237060547,0.9991884827613831
1744528571.541078,1758.5,420.0,False,13.737916946411133,0.9991584420204163
1744528571.578639,1757.75,420.0,False,13.53597640991211,0.9991399049758911
1744528571.6157901,1757.75,420.0,False,13.609170913696289,0.999115526676178
1744528571.653632,1757.75,420.0,False,13.993978500366211,0.9991190433502197
1744528571.690793,1757.75,420.0,False,13.740777969360352,0.9991289377212524
1744528571.728134,1757.75,420.0,False,13.580799102783203,0.9991365671157837
1744528571.765258,1757.75,420.0,False,13.505697250366211,0.9991397857666016
1744528571.8026829,1757.75,420.0,False,13.700008392333984,0.9991243481636047
1744528571.83979,1757.75,420.0,False,13.727188110351562,0.9991344213485718
1744528571.878604,1757.75,420.25,False,13.634920120239258,0.9991291761398315
1744528571.916482,1757.75,420.25,False,13.545989990234375,0.9991321563720703
1744528571.954379,1757.75,420.25,False,13.669967651367188,0.9991351366043091
1744528571.992286,1757.75,421.0,False,13.961076736450195,0.9991334676742554
1744528572.030105,1757.75,421.0,False,13.888835906982422,0.9991410970687866
1744528572.069041,1757.75,421.0,False,13.680219650268555,0.9991398453712463
1744528572.106555,1757.75,421.0,False,13.534784317016602,0.9991305470466614
1744528572.143977,1758.25,421.0,False,13.708829879760742,0.9990827441215515
1744528572.181178,1758.5,421.5,False,13.499259948730469,0.999028742313385
1744528572.218335,1758.5,421.5,False,13.556957244873047,0.9990023374557495
1744528572.2558131,1758.5,422.0,False,13.610124588012695,0.9989580512046814
1744528572.293041,1758.5,422.0,False,13.705015182495117,0.9988977313041687
1744528572.332031,1759.0,422.0,False,13.603687286376953,0.9988483190536499
1744528572.369591,1759.0,422.0,False,13.66281509399414,0.9988067150115967
1744528572.406923,1759.0,422.0,False,13.585090637207031,0.9987729787826538
1744528572.4445891,1759.0,422.0,False,13.829946517944336,0.9987347722053528
1744528572.4818828,1759.0,422.0,False,13.576030731201172,0.998720109462738
1744528572.519779,1759.25,422.0,False,13.810157775878906,0.9987406134605408
1744528572.557628,1759.25,422.0,False,13.470888137817383,0.9987433552742004
1744528572.594833,1759.75,422.0,False,13.554811477661133,0.9987366199493408
1744528572.632267,1759.75,422.0,False,13.514041900634766,0.9987178444862366
1744528572.66903,1759.75,422.0,False,13.590097427368164,0.9986858367919922
1744528572.705821,1759.75,422.0,False,13.480901718139648,0.9986384510993958
1744528572.74311,1759.75,422.0,False,13.847112655639648,0.9986183047294617
1744528572.782214,1759.75,422.0,False,13.599157333374023,0.9986084699630737
1744528572.819852,1759.75,421.75,False,13.690948486328125,0.9986425042152405
1744528572.857167,1759.75,421.75,False,13.612031936645508,0.9986821413040161
1744528572.894458,1760.0,421.75,False,13.695955276489258,0.9987137317657471
1744528572.9316978,1760.25,421.75,False,13.746023178100586,0.9987697005271912
1744528572.9675689,1760.25,421.75,False,13.60011100769043,0.9988135099411011
1744528573.004374,1760.25,421.25,False,13.58795166015625,0.9988589286804199
1744528573.043225,1760.25,421.25,False,14.213085174560547,0.9989079236984253
1744528573.08115,1760.25,421.25,False,13.874292373657227,0.9989348649978638
1744528573.1196601,1760.25,421.25,False,13.73600959777832,0.9989700317382812
1744528573.15726,1760.25,421.25,False,13.690710067749023,0.9989908337593079
1744528573.195096,1760.25,421.25,False,13.746976852416992,0.9990289807319641
1744528573.2340858,1760.75,421.25,False,13.525009155273438,0.9990614056587219
1744528573.2719738,1760.75,421.75,False,13.88692855834961,0.9990838170051575
1744528573.3095858,1760.75,421.75,False,13.662338256835938,0.9990861415863037
1744528573.3477068,1760.75,421.75,False,13.985157012939453,0.9990934729576111
1744528573.3854258,1760.75,421.75,False,13.881921768188477,0.9991118311882019
1744528573.423098,1760.75,421.75,False,13.756990432739258,0.9991337060928345
1744528573.460503,1760.75,421.75,False,13.840198516845703,0.999142587184906
1744528573.497756,1760.75,421.75,False,13.669013977050781,0.9991517066955566
1744528573.534836,1760.75,421.75,False,13.558149337768555,0.9991700649261475
1744528573.571868,1760.75,421.75,False,13.83662223815918,0.9991846680641174
1744528573.6088462,1760.75,421.75,False,13.664960861206055,0.9991990923881531
1744528573.645799,1760.75,421.75,False,13.702869415283203,0.9992119073867798
1744528573.684957,1760.75,421.75,False,13.811349868774414,0.999231219291687
1744528573.723236,1760.75,422.5,False,14.049053192138672,0.9992499947547913
1744528573.762708,1760.75,422.5,False,14.245033264160156,0.9992530345916748
1744528573.800545,1761.0,422.5,False,13.871908187866211,0.9992512464523315
1744528573.837962,1761.25,422.5,False,13.604879379272461,0.9992626905441284
1744528573.875628,1761.25,422.5,False,13.858795166015625,0.9992809295654297
1744528573.912766,1761.75,422.5,False,13.684988021850586,0.9992932677268982
1744528573.94991,1761.75,422.5,False,13.720989227294922,0.9992987513542175
1744528573.9871209,1761.75,422.5,False,13.501167297363281,0.9993066191673279
1744528574.024714,1761.75,422.5,False,13.720989227294922,0.999311089515686
1744528574.061822,1761.75,422.25,False,13.590812683105469,0.9992989897727966
1744528574.099833,1761.75,422.25,False,13.650178909301758,0.9992729425430298
1744528574.139088,1761.75,421.5,False,13.522863388061523,0.9992313385009766
1744528574.177542,1761.75,421.0,False,13.647794723510742,0.9992172122001648
1744528574.2160919,1759.75,418.5,False,13.997077941894531,0.9991739392280579
1744528574.253463,1756.5,415.5,False,13.616323471069336,0.9991663694381714
1744528574.2916238,1749.75,410.5,False,13.541936874389648,0.9992043972015381
1744528574.329373,1742.0,404.5,False,13.56816291809082,0.9992515444755554
1744528574.366642,1734.75,400.25,False,13.570785522460938,0.9992969632148743
1744528574.403754,1716.75,390.75,True,13.593912124633789,0.9993547201156616
1744528574.441945,1702.0,382.5,True,13.733148574829102,0.9994006752967834
1744528574.479878,1690.5,378.5,True,13.637781143188477,0.9994239211082458
1744528574.517885,1677.25,375.0,True,13.978958129882812,0.9994383454322815
1744528574.5551062,1665.5,372.75,True,13.503789901733398,0.9994415044784546
1744528574.595076,1649.0,370.5,True,13.591766357421875,0.9993869662284851
1744528574.633281,1633.75,369.75,False,13.59105110168457,0.9993303418159485
1744528574.672012,1617.5,367.25,False,13.692140579223633,0.9993336796760559
1744528574.709592,1605.0,367.0,False,13.55290412902832,0.9993033409118652
1744528574.7473202,1588.75,367.0,False,13.571739196777344,0.9992843270301819
1744528574.784906,1576.5,366.0,False,13.519048690795898,0.9992961287498474
1744528574.823484,1559.25,366.0,False,13.412237167358398,0.9993157386779785
1744528574.8613272,1538.0,365.0,False,13.514280319213867,0.9992684125900269
1744528574.899486,1531.0,364.0,False,13.89002799987793,0.9992378354072571
1744528574.937558,1502.5,361.25,False,13.615131378173828,0.9992560744285583
1744528574.9758122,1489.75,358.25,False,13.624906539916992,0.9992424249649048
1744528575.014386,1477.0,356.25,False,14.094829559326172,0.9992344379425049
1744528575.053812,1466.25,356.75,False,13.633012771606445,0.9992223978042603
1744528575.092126,1455.5,356.25,False,13.51308822631836,0.9992711544036865
1744528575.130493,1442.25,356.75,False,13.564825057983398,0.9993322491645813
1744528575.1680791,1429.75,357.0,False,13.503074645996094,0.9993932843208313
1744528575.206996,1417.0,357.25,False,13.611078262329102,0.9994491338729858
1744528575.2455108,1404.25,358.0,False,13.796806335449219,0.9994872212409973
1744528575.283517,1391.25,361.25,False,13.436079025268555,0.9995279312133789
1744528575.32153,1380.75,363.0,False,13.519763946533203,0.9995681047439575
1744528575.3596642,1368.25,364.0,False,13.49782943725586,0.9996064305305481
1744528575.397331,1356.25,365.0,False,13.375997543334961,0.9996338486671448
1744528575.4350138,1343.0,365.0,False,13.443946838378906,0.999660849571228
1744528575.472694,1330.5,365.25,False,13.530969619750977,0.9996881484985352
1744528575.511959,1321.75,365.25,False,13.354301452636719,0.9997090101242065
1744528575.54982,1314.75,365.25,False,13.43083381652832,0.999692440032959
1744528575.587852,1304.75,364.75,False,13.40794563293457,0.9996797442436218
1744528575.625973,1292.75,363.75,False,13.53907585144043,0.9996685981750488
1744528575.663371,1281.75,362.75,False,13.602018356323242,0.999569833278656
1744528575.701251,1271.5,362.75,False,13.931035995483398,0.9995675086975098
1744528575.738875,1261.5,363.25,False,13.530969619750977,0.9994351863861084
1744528575.7775419,1251.25,363.25,False,13.73910903930664,0.9987697601318359
1744528575.814857,1241.75,365.5,False,13.457298278808594,0.9983907341957092
1744528575.852546,1232.5,367.75,False,13.419866561889648,0.9980116486549377
1744528575.890359,1220.75,370.0,False,13.77105712890625,0.9979155659675598
1744528575.928084,1210.5,371.25,False,13.874053955078125,0.9976971745491028
1744528575.967377,1198.5,371.75,False,13.499021530151367,0.9977167844772339
1744528576.0054789,1187.25,371.75,False,13.350963592529297,0.9975751042366028
1744528576.0432909,1178.75,371.75,False,13.416051864624023,0.9976900815963745
1744528576.080998,1167.75,371.75,False,13.370990753173828,0.9978078603744507
1744528576.118453,1155.5,371.75,False,13.526201248168945,0.9978893995285034
1744528576.155842,1136.5,371.5,False,13.57889175415039,0.998043954372406
1744528576.193791,1133.75,371.25,False,13.61083984375,0.9981827139854431
1744528576.231353,1123.5,370.25,False,13.58175277709961,0.9983298182487488
1744528576.2687879,1116.25,368.75,False,13.51022720336914,0.998401939868927
1744528576.306546,1110.5,368.5,False,13.625144958496094,0.9985190629959106
1744528576.343862,1102.5,368.5,False,13.643741607666016,0.9985930323600769
1744528576.380983,1094.25,367.0,False,13.51022720336914,0.9986546635627747
1744528576.419799,1087.25,367.0,False,13.453960418701172,0.998694658279419
1744528576.4572978,1080.75,367.5,True,13.457298278808594,0.9986250996589661
1744528576.494893,1075.75,369.5,True,13.499021530151367,0.9986613988876343
1744528576.532255,1072.0,372.25,True,13.780832290649414,0.9985915422439575
1744528576.569699,1063.75,375.0,True,13.398885726928711,0.9987069368362427
1744528576.606571,1058.75,374.0,True,13.447761535644531,0.9988069534301758
1744528576.643795,1054.75,374.0,True,13.931035995483398,0.9988592267036438
1744528576.680759,1048.0,374.0,False,13.39101791381836,0.998901903629303
1744528576.7184489,1042.5,374.0,False,13.495206832885742,0.998851478099823
1744528576.7553961,1033.75,373.25,False,13.442039489746094,0.998473584651947
1744528576.7928371,1033.5,370.5,False,13.568878173828125,0.9984896779060364
1744528576.829877,1027.25,369.5,False,13.406991958618164,0.9979497194290161
1744528576.868227,1020.75,369.5,False,13.312101364135742,0.9977346658706665
1744528576.906044,1018.25,369.25,False,13.430118560791016,0.9976728558540344
1744528576.944194,1014.5,369.25,False,13.820171356201172,0.997857928276062
1744528576.98124,1013.25,367.75,False,13.399839401245117,0.9979910850524902
1744528577.018605,1010.75,366.75,False,13.335943222045898,0.998049259185791
1744528577.056162,1013.5,367.0,False,13.480901718139648,0.9980907440185547
1744528577.0942369,1012.25,367.0,False,13.595819473266602,0.9982452988624573
1744528577.1316512,1009.75,367.25,False,13.480186462402344,0.9981840252876282
1744528577.1681778,1006.25,366.5,False,13.408899307250977,0.9983432292938232
1744528577.205667,1005.0,366.5,False,13.849735260009766,0.9984456300735474
1744528577.242819,1003.75,366.5,False,13.76199722290039,0.9985114336013794
1744528577.2797189,1002.25,364.75,False,13.265848159790039,0.9983884692192078
1744528577.318305,1000.75,364.5,False,13.410091400146484,0.9984515905380249
1744528577.355516,999.5,364.5,False,13.343095779418945,0.9985707998275757
1744528577.392747,997.75,364.5,False,13.605117797851562,0.9986705183982849
1744528577.4296808,995.5,363.75,False,13.350725173950195,0.9986891150474548
1744528577.466539,994.5,363.5,False,13.418912887573242,0.9987921118736267
1744528577.502825,993.5,363.5,False,13.281106948852539,0.998887300491333
1744528577.539509,993.0,363.5,False,13.380050659179688,0.9988583326339722
1744528577.576421,992.25,363.5,False,13.833045959472656,0.9989121556282043
1744528577.6129768,991.5,364.25,False,13.402938842773438,0.9989510178565979
1744528577.64946,991.0,364.25,False,13.353109359741211,0.9989970326423645
1744528577.686112,989.25,364.25,False,13.444185256958008,0.9990240931510925
1744528577.723412,988.5,364.25,False,13.608217239379883,0.9990319013595581
1744528577.7617311,987.5,364.25,False,13.315677642822266,0.9990895986557007
1744528577.798522,988.0,364.25,False,13.508796691894531,0.9991573691368103
1744528577.836166,987.5,364.25,False,13.434886932373047,0.9992106556892395
1744528577.873607,987.25,364.75,False,13.762950897216797,0.999261736869812
1744528577.9114292,985.75,364.75,False,13.633012771606445,0.9993223547935486
1744528577.948874,985.0,364.25,False,13.605117797851562,0.9993480443954468
1744528577.986708,984.75,363.75,False,13.817071914672852,0.9993618726730347
1744528578.025219,984.75,363.75,False,13.608932495117188,0.9994003176689148
1744528578.062805,984.75,363.75,False,13.422250747680664,0.9994231462478638
1744528578.100513,984.75,363.75,False,13.468027114868164,0.9994454979896545
1744528578.137868,983.75,363.75,False,13.42320442199707,0.9994713068008423
1744528578.1749918,983.0,364.25,False,13.503789901733398,0.9994769096374512
1744528578.21355,982.0,364.25,False,13.336896896362305,0.9994904398918152
1744528578.2513568,982.0,364.25,False,13.668060302734375,0.9995130300521851
1744528578.288831,982.0,363.75,False,13.380050659179688,0.999527096748352
1744528578.325887,981.5,363.75,False,13.338088989257812,0.9995454549789429
1744528578.3625631,980.0,363.75,False,13.33308219909668,0.9995774626731873
1744528578.399376,977.75,364.25,False,13.429880142211914,0.9996005296707153
1744528578.436298,975.75,364.25,False,13.285160064697266,0.9996052384376526
1744528578.472885,970.75,364.25,False,13.297080993652344,0.9996069669723511
1744528578.510043,964.75,364.0,False,13.772010803222656,0.9995865821838379
1744528578.548031,950.25,363.5,False,13.829708099365234,0.9995154142379761
1744528578.587606,943.75,363.5,False,13.723134994506836,0.9992789030075073
1744528578.62897,939.5,363.25,True,15.810966491699219,0.9992777109146118
1744528578.670482,936.0,363.25,True,14.15705680847168,0.9991433024406433
1744528578.709625,931.25,362.75,True,14.018058776855469,0.9991567134857178
1744528578.749295,926.25,362.25,True,14.164924621582031,0.9992318749427795
1744528578.78856,923.25,362.25,True,14.07003402709961,0.999292254447937
1744528578.826116,920.25,362.25,True,13.754129409790039,0.9993503093719482
1744528578.865037,915.75,361.75,False,13.952970504760742,0.9993887543678284
1744528578.902904,912.5,360.75,False,13.609886169433594,0.9994059205055237
1744528578.941334,908.0,360.0,False,13.679265975952148,0.9994128346443176
1744528578.979348,903.75,358.25,False,13.828754425048828,0.9994503855705261
1744528579.017625,898.75,355.0,False,13.870000839233398,0.999445378780365
1744528579.056336,894.5,352.75,False,13.833999633789062,0.9994381666183472
1744528579.0943239,889.5,351.75,False,13.683080673217773,0.9994626641273499
1744528579.134478,883.75,350.5,False,14.330863952636719,0.9994708895683289
1744528579.17312,878.5,350.0,False,13.546943664550781,0.9994540214538574
1744528579.2113621,873.0,349.5,False,13.736248016357422,0.9994533658027649
1744528579.24929,867.25,349.0,False,13.777017593383789,0.9994784593582153
1744528579.287183,861.25,349.5,False,13.548135757446289,0.999466598033905
1744528579.3250391,854.5,350.0,False,13.611078262329102,0.9994370341300964
1744528579.363616,847.25,350.5,False,13.770103454589844,0.9994077682495117
1744528579.401568,839.5,351.0,False,13.977289199829102,0.9992167353630066
1744528579.439966,831.0,352.5,False,13.720989227294922,0.9989818930625916
1744528579.477607,823.5,352.5,False,13.805150985717773,0.9986544847488403
1744528579.515156,814.25,351.75,False,13.749122619628906,0.9983991980552673
1744528579.553008,806.25,350.5,False,13.651132583618164,0.9981500506401062
1744528579.593194,798.5,347.5,False,14.033079147338867,0.9982051849365234
1744528579.63057,792.5,346.0,False,13.529062271118164,0.9982421398162842
1744528579.668372,786.0,342.25,False,13.665199279785156,0.9983587861061096
1744528579.706333,779.5,340.0,False,13.754844665527344,0.9984987378120422
1744528579.744085,765.25,337.75,False,13.857126235961914,0.9986127018928528
1744528579.782203,756.25,335.75,False,13.898849487304688,0.9987316727638245
1744528579.820176,747.0,333.5,False,13.664007186889648,0.998849093914032
1744528579.858388,738.0,332.0,False,13.689041137695312,0.9989489912986755
1744528579.896702,721.5,331.5,False,13.766765594482422,0.9989531636238098
1744528579.934498,709.75,331.5,False,14.089107513427734,0.9988769292831421
1744528579.97259,700.25,331.75,False,14.001846313476562,0.9987291097640991
1744528580.056082,668.5,322.25,False,21.346092224121094,0.9987685084342957
1744528580.18493,633.0,313.0,False,21.831989288330078,0.9988760352134705
1744528580.223711,625.5,313.0,False,14.105796813964844,0.9989571571350098
1744528580.262537,612.0,310.75,False,14.097929000854492,0.9990426301956177
1744528580.301287,598.5,307.5,False,14.10984992980957,0.9991086721420288
1744528580.339336,584.75,306.0,False,13.721227645874023,0.9991707801818848
1744528580.377198,571.25,305.25,False,13.799905776977539,0.9992303252220154
1744528580.415136,556.25,303.75,False,13.881921768188477,0.9991940259933472
1744528580.453027,540.75,302.25,False,14.203071594238281,0.9991527795791626
1744528580.4915562,524.0,302.0,False,13.893842697143555,0.999118447303772
1744528580.5316858,509.0,302.25,False,13.946294784545898,0.9991179704666138
1744528580.570596,479.75,302.0,False,13.906240463256836,0.9991713762283325
1744528580.6089358,462.5,302.0,False,13.7939453125,0.9992110729217529
1744528580.646474,446.5,301.0,False,13.76199722290039,0.999266505241394
1744528580.684355,429.75,299.25,True,13.86117935180664,0.999312698841095
1744528580.7219782,415.25,296.5,True,13.621091842651367,0.9993575215339661
1744528580.759583,400.0,291.5,True,13.347148895263672,0.9993718862533569
1744528580.8422139,370.75,279.5,True,21.801233291625977,0.999299943447113
1744528580.880664,364.25,279.5,True,13.80610466003418,0.9993273019790649
1744528580.91921,348.25,277.75,False,13.733863830566406,0.9993767738342285
1744528580.957407,333.0,276.0,False,13.85188102722168,0.9994168877601624
1744528580.996979,318.75,273.5,False,13.817787170410156,0.9988734126091003
1744528581.0355608,304.0,272.5,False,13.926982879638672,0.9987273812294006
1744528581.074104,290.75,272.5,False,13.795852661132812,0.9986768364906311
1744528581.293975,222.25,263.75,False,21.579980850219727,0.9987072348594666
1744528581.33269,212.75,263.5,False,14.087915420532227,0.9987569451332092
1744528581.371316,199.75,261.5,False,13.939857482910156,0.9986904859542847
1744528581.4094248,184.25,256.0,False,13.99683952331543,0.9982373118400574
1744528581.447318,170.0,252.5,False,13.875007629394531,0.9983677268028259
1744528581.487807,155.25,247.5,False,13.89002799987793,0.9984696507453918
1744528581.526022,140.75,245.5,False,13.734817504882812,0.9985606074333191
1744528581.563074,126.75,243.75,False,13.87333869934082,0.9986832141876221
1744528581.627133,115.5,242.75,False,40.03095626831055,0.9987874627113342
1744528581.665696,102.0,242.75,False,14.02902603149414,0.9980803728103638
1744528581.704604,89.25,243.0,False,14.098882675170898,0.9980002045631409
1744528581.743247,76.25,243.75,False,13.729095458984375,0.9972345232963562
1744528581.781557,63.0,243.75,False,13.958930969238281,0.996555745601654
1744528581.820415,49.75,243.75,False,14.060020446777344,0.9922914505004883
1744528581.858788,37.25,243.25,False,13.831138610839844,0.9878958463668823
1744528581.897152,21.75,245.75,False,13.833999633789062,0.970149040222168
1744528581.935796,11.75,245.25,False,13.873815536499023,0.9672048687934875
1744528581.975772,2.0,244.5,False,13.778924942016602,0.9607473015785217
1744528586.598523,42.0,446.5,False,21.260976791381836,0.9508014917373657
1744528586.636587,26.0,481.75,True,13.70692253112793,0.9554967880249023
1744528586.7219,175.5,1008.0,True,21.441221237182617,0.9327919483184814
1744528586.760885,181.0,1017.25,True,13.704061508178711,0.9296075105667114
1744528586.799386,171.75,1029.0,True,14.071941375732422,0.9066668152809143
1744528586.838224,168.25,1052.75,False,14.06097412109375,0.9124503135681152
1744528586.876961,145.5,1061.5,False,13.824939727783203,0.9203322529792786
1744528587.3376079,469.75,-35.5,False,21.661043167114258,0.8697320818901062
1744528587.37634,486.0,-18.75,False,13.829946517944336,0.8755626082420349
1744528587.414907,510.75,-8.0,False,13.783931732177734,0.8875369429588318
1744528587.452557,538.25,-7.0,False,13.838052749633789,0.8982367515563965
1744528587.4905758,563.5,-5.0,False,13.777971267700195,0.908003568649292
1744528587.528619,594.25,0.75,False,13.993024826049805,0.9170297384262085
1744528587.567582,625.75,5.75,False,14.086008071899414,0.9249230027198792
1744528587.6060731,648.0,18.25,False,13.985157012939453,0.9322119355201721
1744528587.64535,672.5,33.0,False,13.82303237915039,0.9388177990913391
1744528587.6848059,688.25,38.75,False,14.089822769165039,0.9448515772819519
1744528587.723747,706.25,48.75,False,13.947248458862305,0.9502869844436646
1744528587.762023,723.25,64.0,False,13.952970504760742,0.9551877975463867
1744528587.8010309,746.75,83.25,False,14.075040817260742,0.959579348564148
1744528587.839676,759.75,96.0,False,13.85807991027832,0.9635464549064636
1744528587.878995,775.25,102.5,False,13.885021209716797,0.9671050906181335
1744528587.91818,805.0,115.0,False,14.052867889404297,0.9702293276786804
1744528587.957748,827.5,120.0,False,14.111042022705078,0.9730933904647827
1744528587.996083,846.0,122.75,False,13.847112655639648,0.9756489992141724
1744528588.034971,876.25,130.25,False,14.173030853271484,0.9778604507446289
1744528588.073982,897.75,135.75,False,13.823986053466797,0.9798001050949097
1744528588.1139588,915.25,136.25,False,14.1448974609375,0.9811042547225952
1744528588.152715,935.25,139.75,False,13.944149017333984,0.9818352460861206
1744528588.191833,948.0,143.5,False,13.898849487304688,0.9831792712211609
1744528588.234453,962.5,150.0,False,14.122962951660156,0.9843175411224365
1744528588.2732239,977.5,157.5,False,13.764142990112305,0.9854831099510193
1744528588.311979,993.0,164.75,False,13.688087463378906,0.9867324233055115
1744528588.3524952,1031.25,177.5,False,13.800859451293945,0.9877846240997314
1744528588.391616,1044.75,185.0,False,14.186859130859375,0.9887665510177612
1744528588.4298692,1063.5,191.5,False,13.899087905883789,0.9897887110710144
1744528588.4685628,1080.75,198.25,False,14.075994491577148,0.9907252788543701
1744528588.507251,1111.5,199.5,False,13.690710067749023,0.9915363192558289
1744528588.546533,1131.5,201.5,False,13.736248016357422,0.9923300743103027
1744528588.586771,1137.75,203.75,False,14.450788497924805,0.9930590987205505
1744528588.625694,1140.5,206.5,False,13.555049896240234,0.9937334060668945
1744528588.664109,1145.25,209.25,False,13.852119445800781,0.9943473935127258
1744528588.703028,1146.5,216.5,True,13.969898223876953,0.994875967502594
1744528588.742356,1152.25,230.25,True,13.924837112426758,0.9953358173370361
1744528588.783906,1157.0,239.75,True,14.590978622436523,0.9957365989685059
1744528588.8232589,1157.75,245.25,True,13.830900192260742,0.9961079359054565
1744528588.8617768,1158.0,251.5,True,13.941287994384766,0.9964525699615479
1744528588.9021592,1159.5,256.0,True,14.096975326538086,0.9967893958091736
1744528588.941359,1161.0,259.5,False,14.033079147338867,0.9970867037773132
1744528588.9801269,1161.25,262.5,False,13.776063919067383,0.9973573088645935
1744528589.021627,1161.75,263.75,False,14.462947845458984,0.997576892375946
1744528589.0621052,1162.75,263.5,False,14.124155044555664,0.9977356195449829
1744528589.101048,1163.5,263.25,False,13.997077941894531,0.9979221224784851
1744528589.139372,1165.5,264.25,False,13.953924179077148,0.9980863332748413
1744528589.17757,1167.0,264.0,False,13.738870620727539,0.9982265830039978
1744528589.215706,1169.25,264.25,False,13.916969299316406,0.9983316659927368
1744528589.2541618,1171.5,267.25,False,13.868093490600586,0.9984312057495117
1744528589.292453,1172.75,270.75,False,13.821840286254883,0.9985429644584656
1744528589.33066,1174.5,275.75,False,14.213085174560547,0.9984489679336548
1744528589.36905,1176.0,280.0,False,14.018774032592773,0.998444676399231
1744528589.4075189,1176.5,284.5,False,14.063119888305664,0.9984633922576904
1744528589.4461372,1177.25,285.5,False,14.136075973510742,0.9982960224151611
1744528589.4847932,1177.25,287.5,False,14.08076286315918,0.9981275200843811
1744528589.524721,1177.25,287.0,False,13.90385627746582,0.9979859590530396
1744528589.56353,1177.75,287.0,False,13.911008834838867,0.9979349970817566
1744528589.6022348,1177.25,288.5,False,13.95106315612793,0.9980512857437134
1744528589.640712,1176.25,289.0,False,13.826608657836914,0.9982104897499084
1744528589.6788101,1174.25,289.0,False,13.81683349609375,0.9983577728271484
1744528589.7177138,1172.5,289.25,False,14.075994491577148,0.9984723329544067
1744528589.756068,1171.0,289.75,False,13.857841491699219,0.998548150062561
1744528589.793809,1168.75,289.75,False,13.854026794433594,0.9985746741294861
1744528589.831966,1166.25,289.75,False,13.921976089477539,0.9985877275466919
1744528589.870496,1164.75,289.75,False,13.823986053466797,0.9986034035682678
1744528589.9098518,1162.5,289.25,False,13.983011245727539,0.9985042214393616
1744528589.948024,1158.25,289.0,False,14.292001724243164,0.9983593225479126
1744528589.9879081,1153.0,289.0,False,14.158010482788086,0.9981472492218018
1744528590.026422,1142.25,288.0,False,13.876914978027344,0.997863233089447
1744528590.0655842,1136.25,287.25,False,14.111518859863281,0.9972279667854309
1744528590.104213,1127.25,285.75,False,13.989686965942383,0.9970199465751648
1744528590.14289,1118.0,285.75,False,13.807058334350586,0.9970757961273193
1744528590.1816058,1111.5,285.0,False,14.018058776855469,0.9971738457679749
1744528590.2206552,1104.5,284.75,False,13.907909393310547,0.9971743822097778
1744528590.259431,1098.5,283.5,False,13.824939727783203,0.99712735414505
1744528590.298187,1093.5,282.5,False,14.082908630371094,0.9971950650215149
1744528590.336371,1086.75,281.25,False,13.99087905883789,0.9971350431442261
1744528590.375456,1081.0,280.0,False,14.023065567016602,0.9971019625663757
1744528590.4140952,1076.25,279.5,False,13.924121856689453,0.9967379570007324
1744528590.452748,1070.0,278.5,False,13.80610466003418,0.9967861771583557
1744528590.491157,1064.25,278.5,False,14.014005661010742,0.996802806854248
1744528590.52878,1060.75,278.5,False,13.830184936523438,0.9968962073326111
1744528590.568491,1056.25,279.0,False,14.59193229675293,0.9970112442970276
1744528590.6076539,1053.5,279.5,False,14.12510871887207,0.9972502589225769
1744528590.646106,1050.75,279.75,False,14.410972595214844,0.9974744915962219
1744528590.6844559,1048.25,280.5,False,14.145135879516602,0.997672438621521
1744528590.723328,1046.25,282.0,False,14.213085174560547,0.9978297352790833
1744528590.76098,1045.0,284.5,False,13.747930526733398,0.997978150844574
1744528590.7993212,1043.5,286.0,False,14.068126678466797,0.9981100559234619
1744528590.8378801,1042.25,288.0,False,14.448165893554688,0.998215913772583
1744528590.87632,1041.5,290.0,False,13.933181762695312,0.9983222484588623
1744528590.91611,1041.0,290.0,False,13.870954513549805,0.9984235167503357
1744528590.9550521,1040.25,290.5,False,14.221906661987305,0.9985179901123047
1744528590.9926279,1039.5,290.5,False,13.77105712890625,0.998622715473175
1744528591.030453,1039.5,291.25,False,14.039039611816406,0.9987241625785828
1744528591.068748,1039.75,291.25,False,13.947725296020508,0.998809814453125
1744528591.106544,1040.25,290.75,False,13.935089111328125,0.9988754391670227
1744528591.1440241,1040.0,290.75,False,13.754129409790039,0.9989437460899353
1744528591.182071,1040.0,290.75,False,14.37997817993164,0.9990044236183167
1744528591.219332,1039.5,289.25,False,13.741016387939453,0.9990658760070801
1744528591.25725,1039.25,288.0,False,13.847112655639648,0.9991167187690735
1744528591.294899,1039.75,287.25,False,13.646125793457031,0.9991610646247864
1744528591.333142,1039.5,287.25,False,14.00899887084961,0.9991803169250488
1744528591.37286,1040.25,286.75,False,13.809919357299805,0.999200165271759
1744528591.411167,1040.0,286.25,False,13.977766036987305,0.9992262721061707
1744528591.450221,1040.0,286.25,False,14.18614387512207,0.9992361664772034
1744528591.488717,1040.0,286.25,False,14.19520378112793,0.9992476105690002
1744528591.5271208,1040.25,286.25,False,13.865947723388672,0.9992697834968567
1744528591.565561,1040.25,286.25,False,13.880014419555664,0.9992926120758057
1744528591.6037672,1040.25,286.25,False,13.788223266601562,0.999305009841919
1744528591.64197,1040.5,286.25,False,13.972043991088867,0.9993184804916382
1744528591.679393,1040.5,286.25,False,13.960838317871094,0.9993411302566528
1744528591.717015,1041.0,286.25,False,14.07003402709961,0.9993685483932495
1744528591.754718,1041.25,286.75,False,13.809919357299805,0.9993953108787537
1744528591.7923698,1041.25,286.0,False,13.895034790039062,0.9994173049926758
1744528591.832191,1042.0,285.75,False,14.015913009643555,0.9994271397590637
1744528591.87052,1042.0,285.0,False,13.885974884033203,0.9994089603424072
1744528591.908691,1043.0,284.25,False,13.849735260009766,0.9993860721588135
1744528591.946555,1043.25,284.25,False,13.828039169311523,0.9993259906768799
1744528591.9856389,1044.0,282.75,False,14.229774475097656,0.9992926716804504
1744528592.023807,1045.5,281.25,False,13.84878158569336,0.9990420341491699
1744528592.061564,1047.25,281.25,False,13.80300521850586,0.9988365173339844
1744528592.099185,1047.75,281.25,False,13.90695571899414,0.9987277388572693
1744528592.1369019,1048.5,281.75,False,13.810873031616211,0.998593807220459
1744528592.175045,1049.5,281.75,False,13.797998428344727,0.9984891414642334
1744528592.21271,1053.25,281.75,False,13.87786865234375,0.9983922243118286
1744528592.250549,1060.25,278.75,False,14.032840728759766,0.9982987642288208
1744528592.2902641,1069.0,273.75,False,13.85807991027832,0.9981292486190796
1744528592.328355,1081.5,269.25,False,13.838052749633789,0.9980655312538147
1744528592.366687,1094.75,265.25,True,14.142036437988281,0.9980320930480957
1744528592.405437,1098.75,264.5,True,13.862848281860352,0.9979910850524902
1744528592.443527,1104.0,263.0,True,14.0838623046875,0.9979792237281799
1744528592.4816902,1107.5,261.5,True,13.952016830444336,0.9979437589645386
1744528592.521028,1111.5,261.25,True,14.158248901367188,0.9979392290115356
1744528592.5593312,1115.75,261.25,True,13.7176513671875,0.9978557825088501
1744528592.596975,1118.5,261.75,False,13.830184936523438,0.997776210308075
1744528592.635642,1121.25,261.75,False,13.944864273071289,0.9976580142974854
1744528592.674308,1124.5,261.0,False,14.162778854370117,0.9975266456604004
1744528592.712148,1127.25,261.75,False,13.773202896118164,0.9973559975624084
1744528592.752098,1129.0,261.75,False,13.937234878540039,0.9972556233406067
1744528592.790838,1131.0,262.25,False,13.816118240356445,0.9971326589584351
1744528592.828688,1132.75,262.75,False,13.914108276367188,0.9969404339790344
1744528592.8673348,1134.75,263.0,False,14.358997344970703,0.9963036179542542
1744528592.905576,1136.25,263.75,False,13.926029205322266,0.9962303042411804
1744528592.94358,1138.75,264.25,False,13.828754425048828,0.996213972568512
1744528592.981786,1140.75,265.0,False,13.952970504760742,0.9964593648910522
1744528593.0205288,1142.75,265.75,False,14.05787467956543,0.9966171383857727
1744528593.059029,1144.75,266.5,False,13.727903366088867,0.996675968170166
1744528593.097174,1148.0,267.5,False,14.075756072998047,0.996644914150238
1744528593.135242,1149.0,268.25,False,13.79084587097168,0.9966296553611755
1744528593.173623,1148.75,272.0,False,13.79084587097168,0.9962894320487976
1744528593.213269,1148.75,273.25,False,13.786077499389648,0.9961846470832825
1744528593.252128,1148.5,274.0,False,13.838052749633789,0.9961832761764526
1744528593.2908428,1149.25,273.75,False,14.044046401977539,0.9962121248245239
1744528593.328446,1149.25,273.75,False,13.735771179199219,0.9963653683662415
1744528593.366535,1149.25,273.0,False,14.017105102539062,0.9965315461158752
1744528593.404756,1149.75,271.25,False,13.89002799987793,0.9967343807220459
1744528593.4428349,1150.0,270.0,False,13.88692855834961,0.9969848990440369
1744528593.48042,1150.0,268.0,False,13.8092041015625,0.9971797466278076
1744528593.518701,1149.75,266.75,False,13.818025588989258,0.9973717331886292
1744528593.556823,1148.0,265.75,False,13.885974884033203,0.9975208044052124
1744528593.5949912,1147.25,265.0,False,13.962984085083008,0.9976890087127686
1744528593.6328309,1145.0,263.75,False,13.988971710205078,0.9978522658348083
1744528593.672908,1140.5,262.25,False,13.652324676513672,0.9979829788208008
1744528593.7108421,1136.25,261.0,False,13.880729675292969,0.9980875849723816
1744528593.749717,1129.5,259.25,False,14.17398452758789,0.9981557726860046
1744528593.787884,1116.5,257.75,False,13.85807991027832,0.9981287717819214
1744528593.826091,1108.25,254.25,False,13.876914978027344,0.9981112480163574
1744528593.86481,1104.0,251.0,False,14.146089553833008,0.9981919527053833
1744528593.902914,1100.75,247.25,False,13.97085189819336,0.9982941746711731
1744528593.94105,1101.0,244.0,False,13.773918151855469,0.9984287023544312
1744528593.9793909,1101.25,242.5,False,13.849020004272461,0.998550295829773
1744528594.017689,1103.0,243.0,False,14.061927795410156,0.9986902475357056
1744528594.056457,1103.5,243.5,False,13.983011245727539,0.9988163709640503
1744528594.0947058,1103.0,244.0,False,13.808965682983398,0.9989323019981384
1744528594.134773,1103.25,244.75,False,14.043807983398438,0.9990375638008118
1744528594.1732411,1103.0,244.75,False,13.866901397705078,0.9991327524185181
1744528594.211245,1102.25,245.5,False,13.816118240356445,0.999217689037323
1744528594.249512,1101.75,245.5,False,14.020919799804688,0.9992944598197937
1744528594.288142,1101.5,245.25,False,14.178752899169922,0.999363124370575
1744528594.325932,1101.5,245.25,False,13.807058334350586,0.9994246363639832
1744528594.3637938,1101.0,245.0,False,13.777971267700195,0.9994791150093079
1744528594.4018822,1101.0,245.0,False,13.899087905883789,0.9995296001434326
1744528594.439955,1101.5,245.25,False,13.875961303710938,0.9995753765106201
1744528594.47808,1102.5,245.0,False,13.830900192260742,0.9996169805526733
1744528594.5172858,1103.0,244.5,False,14.467954635620117,0.9996544122695923
1744528594.555197,1104.25,244.5,False,13.93890380859375,0.9996882081031799
1744528594.594502,1104.25,243.75,False,13.787031173706055,0.9997185468673706
1744528594.633332,1104.25,243.75,False,14.043092727661133,0.9997458457946777
1744528594.671851,1104.75,243.75,False,13.892889022827148,0.9997706413269043
1744528594.710057,1104.75,243.0,False,13.78321647644043,0.9997926950454712
1744528594.7484338,1104.5,242.0,False,13.997077941894531,0.9998124837875366
1744528594.7865028,1104.0,240.0,False,13.817787170410156,0.9998295903205872
1744528594.8260422,1103.5,237.25,False,13.926029205322266,0.999844491481781
1744528594.864377,1102.5,233.25,False,13.859748840332031,0.9998573064804077
1744528594.90288,1101.25,229.5,False,13.917922973632812,0.99986732006073
1744528594.9409542,1100.75,225.75,False,14.060020446777344,0.9998762607574463
1744528594.979172,1099.75,222.5,False,13.916015625,0.9998841881752014
1744528595.0173109,1098.25,221.5,False,14.115095138549805,0.9998928904533386
1744528595.057376,1095.25,221.25,False,13.996124267578125,0.9998964071273804
1744528595.095396,1093.75,221.75,False,14.233112335205078,0.9999021291732788
1744528595.133624,1092.5,221.75,False,14.135599136352539,0.9999059438705444
1744528595.172545,1091.5,221.5,False,13.895988464355469,0.999906063079834
1744528595.210516,1089.0,221.75,False,13.860940933227539,0.9999004602432251
1744528595.248621,1084.5,221.75,False,14.00303840637207,0.9998765587806702
1744528595.2876558,1079.5,223.25,False,13.93890380859375,0.9998424649238586
1744528595.325888,1076.5,225.25,False,13.91291618347168,0.9998334050178528
1744528595.363738,1073.0,228.75,False,13.872861862182617,0.9998140335083008
1744528595.40265,1071.75,234.0,False,14.164924621582031,0.9997753500938416
1744528595.44082,1072.25,237.75,False,13.903141021728516,0.9997270107269287
1744528595.478859,1077.25,240.25,False,14.129161834716797,0.9996853470802307
1744528595.5187478,1084.25,243.0,False,13.993024826049805,0.9996587038040161
1744528595.557482,1090.75,246.5,False,13.983011245727539,0.9996486306190491
1744528595.595884,1092.25,247.0,False,13.887166976928711,0.9996564388275146
1744528595.634222,1093.75,247.0,False,14.106988906860352,0.9996525049209595
1744528595.672272,1094.5,248.75,False,14.026165008544922,0.9996340274810791
1744528595.7101,1094.5,249.75,False,13.910055160522461,0.9996294975280762
1744528595.747825,1094.25,251.5,False,13.978242874145508,0.9995961785316467
1744528595.786112,1094.25,252.0,False,13.916015625,0.9995487332344055
1744528595.824427,1094.25,252.75,False,13.78488540649414,0.9994596242904663
1744528595.862495,1094.0,253.0,False,13.911008834838867,0.9993938207626343
1744528595.9008708,1094.25,253.0,False,14.12200927734375,0.9993497729301453
1744528595.938949,1095.5,252.75,False,13.97705078125,0.9993502497673035
1744528595.978229,1095.5,252.75,False,13.782024383544922,0.9993626475334167
1744528596.017231,1095.5,252.25,False,14.550209045410156,0.9993547797203064
1744528596.0558898,1095.5,252.25,False,14.427900314331055,0.9993429183959961
1744528596.0935092,1095.75,251.75,False,13.775110244750977,0.9993383884429932
1744528596.131684,1096.25,250.75,False,14.382123947143555,0.9993463158607483
1744528596.1695051,1096.25,249.25,False,14.014005661010742,0.9993409514427185
1744528596.208277,1096.5,246.5,False,14.002799987792969,0.9993235468864441
1744528596.246499,1097.0,243.0,False,13.826847076416016,0.9993025660514832
1744528596.285111,1097.5,240.5,False,14.353036880493164,0.9993227124214172
1744528596.323562,1098.0,237.5,False,13.727903366088867,0.9993273615837097
1744528596.3617,1098.25,234.0,False,14.021158218383789,0.9993423819541931
1744528596.4005299,1098.25,231.5,False,14.300107955932617,0.9993603825569153
1744528596.440133,1099.0,229.75,False,13.88096809387207,0.9993755221366882
1744528596.478246,1099.25,229.25,False,13.71908187866211,0.9993886351585388
1744528596.517174,1100.0,228.5,False,14.127016067504883,0.9994131326675415
1744528596.554958,1100.0,227.75,False,14.230966567993164,0.9994332194328308
1744528596.592811,1100.75,227.25,False,13.866901397705078,0.9994575381278992
1744528596.631008,1100.75,225.5,False,13.910055160522461,0.9994737505912781
1744528596.669621,1101.0,225.5,False,13.820886611938477,0.9994789361953735
1744528596.7072861,1101.75,225.5,False,13.895988464355469,0.9994925260543823
1744528596.74502,1102.75,225.5,False,13.789176940917969,0.9994987845420837
1744528596.7832372,1103.75,225.5,False,14.156103134155273,0.9994991421699524
1744528596.820985,1105.25,225.5,False,13.831138610839844,0.9995096921920776
1744528596.858967,1106.5,225.5,False,14.117002487182617,0.9995158314704895
1744528596.89923,1108.25,226.25,False,14.147281646728516,0.9995158314704895
1744528596.9374661,1110.0,226.25,False,13.94796371459961,0.999518871307373
1744528596.975401,1111.5,226.25,False,13.711929321289062,0.9995255470275879
1744528597.01323,1114.0,227.0,False,13.78488540649414,0.9995285868644714
1744528597.0523698,1115.0,227.0,False,14.827966690063477,0.9995321035385132
1744528597.090506,1115.0,227.0,False,13.799905776977539,0.9995314478874207
1744528597.129302,1115.0,227.25,False,14.205217361450195,0.9995294213294983
1744528597.167615,1115.0,227.25,False,14.156103134155273,0.9995444416999817
1744528597.205576,1114.5,227.25,False,13.975143432617188,0.9995619058609009
1744528597.243361,1114.25,227.0,False,13.8397216796875,0.9995843172073364
1744528597.281541,1112.75,227.0,False,14.066934585571289,0.9996078610420227
1744528597.319459,1109.25,226.5,False,13.946771621704102,0.9995943903923035
1744528597.359602,1103.0,226.5,False,13.824701309204102,0.999539852142334
1744528597.398067,1089.75,226.25,False,13.89622688293457,0.9994780421257019
1744528597.436426,1081.0,226.0,False,13.777971267700195,0.9994402527809143
1744528597.474369,1074.0,224.75,True,14.028787612915039,0.9994047284126282
1744528597.513011,1071.0,224.25,True,14.19687271118164,0.999365508556366
1744528597.5518668,1069.25,223.25,True,13.846158981323242,0.9993820786476135
1744528597.590455,1069.25,223.5,True,13.850927352905273,0.9994025826454163
1744528597.62893,1070.75,224.75,True,13.923168182373047,0.9994218349456787
1744528597.667302,1072.75,235.0,True,14.096260070800781,0.999455451965332
1744528597.704979,1074.25,237.0,False,13.861894607543945,0.999494194984436
1744528597.74337,1076.25,238.5,False,13.850927352905273,0.9995294809341431
1744528597.781311,1076.75,240.5,False,13.895988464355469,0.9995657801628113
1744528597.8212428,1077.25,240.5,False,13.830184936523438,0.9995989799499512
1744528597.8599591,1077.75,241.25,False,14.095067977905273,0.9996300935745239
1744528597.9162822,1078.0,241.5,False,31.81600570678711,0.99965900182724
1744528597.9550562,1079.5,242.25,False,14.357566833496094,0.9996850490570068
1744528597.993205,1080.0,243.0,False,13.904809951782227,0.9997059106826782
1744528598.030804,1080.75,243.75,False,13.84282112121582,0.9997259974479675
1744528598.06973,1081.5,243.75,False,13.962268829345703,0.9997420907020569
1744528598.107838,1082.25,243.25,False,14.245033264160156,0.9997528195381165
1744528598.14598,1083.0,243.25,False,13.815879821777344,0.9997550249099731
1744528598.184221,1083.75,243.25,False,13.931035995483398,0.9997507333755493
1744528598.221739,1084.75,242.5,False,13.920068740844727,0.9997496008872986
1744528598.259425,1084.75,241.0,False,13.892173767089844,0.9996811151504517
1744528598.300179,1084.75,239.0,False,14.188766479492188,0.999634861946106
1744528598.3385751,1082.75,238.75,False,13.955116271972656,0.9995550513267517
1744528598.376993,1081.75,237.75,False,14.20903205871582,0.9995095729827881
1744528598.415563,1074.75,236.75,False,14.19210433959961,0.9993679523468018
1744528598.4543161,1069.75,236.75,False,13.839244842529297,0.9991929531097412
1744528598.492671,1065.25,237.25,False,14.129877090454102,0.9991071820259094
1744528598.530748,1059.75,238.5,False,13.815164566040039,0.999014139175415
1744528598.568748,1055.25,241.25,False,13.634920120239258,0.9988687038421631
1744528598.606831,1052.25,245.0,False,13.730049133300781,0.9987691044807434
1744528598.644754,1049.0,249.5,False,13.682842254638672,0.9987366199493408
1744528598.6836312,1046.0,253.75,False,13.986825942993164,0.9987215399742126
1744528598.722538,1043.75,257.25,False,13.954877853393555,0.9987065196037292
1744528598.761909,1042.75,259.5,False,13.669013977050781,0.9986820220947266
1744528598.800334,1042.25,260.25,False,13.788938522338867,0.9987086653709412
1744528598.838756,1042.75,261.25,False,13.709068298339844,0.9986943602561951
1744528598.8772259,1043.75,261.25,False,13.785839080810547,0.9986783266067505
1744528598.915628,1046.25,261.0,False,13.820171356201172,0.9987487196922302
1744528598.952845,1053.0,260.75,False,13.609886169433594,0.9987772107124329
1744528598.991372,1061.5,260.25,False,13.78774642944336,0.9988275170326233
1744528599.0295732,1072.75,260.25,False,13.76795768737793,0.9989030957221985
1744528599.0679538,1083.25,260.0,False,13.968944549560547,0.9989818930625916
1744528599.105578,1093.25,260.0,False,13.90695571899414,0.9990633726119995
1744528599.14375,1102.25,259.0,False,14.097213745117188,0.9991440176963806
1744528599.1820512,1112.0,258.5,False,13.743877410888672,0.9992080330848694
1744528599.221801,1123.0,258.5,False,13.768911361694336,0.9992489218711853
1744528599.260405,1134.75,259.75,False,13.976812362670898,0.999298095703125
1744528599.299202,1143.25,260.75,False,13.807058334350586,0.9993399381637573
1744528599.3373508,1155.0,264.5,False,13.705968856811523,0.9993721842765808
1744528599.375653,1165.25,266.25,False,13.721942901611328,0.9993887543678284
1744528599.41387,1175.25,269.0,False,14.120340347290039,0.9994003176689148
1744528599.452524,1184.75,269.25,False,13.84115219116211,0.9994025826454163
1744528599.4906182,1193.75,270.0,False,13.677120208740234,0.9994252920150757
1744528599.528853,1203.0,270.5,True,13.801097869873047,0.9994261264801025
1744528599.5684118,1211.25,273.75,True,13.875961303710938,0.9994264841079712
1744528599.606926,1219.75,273.75,True,13.917207717895508,0.9994510412216187
1744528599.645004,1225.75,274.25,True,13.850212097167969,0.9994835257530212
1744528599.685656,1233.75,275.5,True,13.797998428344727,0.9995102882385254
1744528599.724443,1250.5,280.25,True,14.11294937133789,0.9995312094688416
1744528599.763504,1262.0,284.5,False,13.89002799987793,0.9995540976524353
1744528599.8022249,1270.75,287.25,False,13.87786865234375,0.9995595812797546
1744528599.840538,1281.25,290.25,False,13.921022415161133,0.9995514750480652
1744528599.878966,1294.75,292.75,False,13.96489143371582,0.9995570778846741
1744528599.918169,1317.5,294.25,False,14.146089553833008,0.9995932579040527
1744528599.9568799,1326.75,295.25,False,13.76199722290039,0.9996201395988464
1744528599.995559,1334.25,295.75,False,13.86880874633789,0.9996126890182495
1744528600.034345,1345.0,296.0,False,14.133930206298828,0.999589741230011
1744528600.072738,1353.75,296.0,False,13.680696487426758,0.9995729923248291
1744528600.111292,1363.25,298.0,False,13.801813125610352,0.9995715022087097
1744528600.1513128,1373.0,298.5,False,13.877153396606445,0.9995818734169006
1744528600.19012,1380.25,299.75,False,13.679027557373047,0.9996045827865601
1744528600.228203,1388.25,300.0,False,13.80610466003418,0.9996275305747986
1744528600.266639,1393.0,300.25,False,13.885021209716797,0.9996142387390137
1744528600.305147,1405.5,301.0,False,13.827085494995117,0.9995750188827515
1744528600.3435378,1416.25,301.75,False,13.756752014160156,0.9995523691177368
1744528600.3819468,1422.5,302.75,False,13.788938522338867,0.9994731545448303
1744528600.420352,1431.75,304.5,False,13.801813125610352,0.9994404911994934
1744528600.458894,1444.25,309.0,False,13.819217681884766,0.9993433356285095
1744528600.496781,1458.75,312.75,False,13.805150985717773,0.999258816242218
1744528600.535143,1477.0,317.0,False,13.547897338867188,0.9991205930709839
1744528600.573396,1487.75,319.25,False,13.67497444152832,0.9990416169166565
1744528600.613099,1494.25,319.75,False,14.087200164794922,0.9990212917327881
1744528600.65193,1504.25,318.5,False,13.59105110168457,0.9990418553352356
1744528600.6901782,1519.0,318.0,False,13.769865036010742,0.9990943670272827
1744528600.72809,1527.75,316.5,False,13.705968856811523,0.9991465210914612
1744528600.766633,1537.75,316.5,False,13.712882995605469,0.999187171459198
1744528600.8090491,1549.25,316.25,False,13.821840286254883,0.9992430210113525
1744528600.847782,1559.0,315.75,False,13.769865036010742,0.9992805123329163
1744528600.886314,1567.0,316.5,False,13.643980026245117,0.9992167949676514
1744528600.927614,1573.5,317.75,False,13.730049133300781,0.9992149472236633
1744528600.96661,1579.25,319.25,False,13.896942138671875,0.9991770386695862
1744528601.0051131,1581.25,320.5,False,13.838768005371094,0.9982457756996155
1744528601.044013,1587.25,324.0,False,13.597249984741211,0.996263861656189
1744528601.0841641,1592.0,327.5,False,13.804912567138672,0.9941604733467102
1744528601.12269,1594.5,331.5,False,13.636112213134766,0.9906647205352783
1744528601.160427,1599.75,335.0,False,13.792037963867188,0.9888734817504883
1744528601.199281,1604.75,336.75,False,13.9617919921875,0.9892663955688477
1744528601.237421,1611.0,339.25,False,13.648033142089844,0.990019679069519
1744528601.27559,1617.5,343.25,False,13.918161392211914,0.9907785654067993
1744528601.314145,1623.5,345.25,False,13.667106628417969,0.9916143417358398
1744528601.3524349,1627.25,345.75,False,13.687849044799805,0.9923911094665527
1744528601.390101,1634.0,345.5,False,13.712167739868164,0.9931355118751526
1744528601.428074,1641.25,345.5,False,13.893842697143555,0.9938048720359802
1744528601.466145,1648.0,345.5,False,14.153003692626953,0.9943934679031372
1744528601.5036218,1655.5,347.0,False,13.801813125610352,0.9949325323104858
1744528601.543794,1663.5,349.75,False,13.775825500488281,0.9954252243041992
1744528601.5820339,1670.0,351.75,True,13.85807991027832,0.9958580732345581
1744528601.621021,1677.0,355.5,True,13.917922973632812,0.9962369203567505
1744528601.660139,1695.25,368.0,True,14.163970947265625,0.9965901970863342
1744528601.698839,1703.0,373.75,True,13.866901397705078,0.9968916773796082
1744528601.7371688,1711.0,379.25,True,13.815879821777344,0.9971595406532288
1744528601.775778,1718.75,384.0,True,13.810157775878906,0.9973953366279602
1744528601.8136399,1725.5,389.0,False,13.727903366088867,0.9976362586021423
1744528601.852132,1731.0,392.5,False,13.820171356201172,0.9978490471839905
1744528601.889996,1734.75,396.25,False,13.8702392578125,0.9980434775352478
1744528601.9277859,1739.75,399.0,False,13.983011245727539,0.9982015490531921
1744528601.966123,1742.75,401.25,False,13.934135437011719,0.9983400106430054
1744528602.0052822,1744.0,402.5,False,13.91291618347168,0.9984236359596252
1744528602.043405,1746.25,406.0,False,13.818025588989258,0.9985005855560303
1744528602.081171,1748.0,409.5,False,13.854026794433594,0.9985267519950867
1744528602.11984,1748.5,411.25,False,13.998270034790039,0.9985748529434204
1744528602.158296,1749.5,413.25,False,14.219999313354492,0.9985824823379517
1744528602.195711,1750.75,415.0,False,13.812065124511719,0.9986305832862854
1744528602.2340229,1751.75,417.0,False,14.051675796508789,0.9986913204193115
1744528602.2717519,1751.5,419.5,False,13.934850692749023,0.9987117648124695
1744528602.3094661,1751.0,419.75,False,14.074087142944336,0.9986913800239563
1744528602.347161,1751.0,420.5,False,13.783693313598633,0.9986217617988586
1744528602.385468,1751.0,421.5,False,13.953685760498047,0.9986031651496887
1744528602.423371,1751.5,421.75,False,13.971090316772461,0.9985602498054504
1744528602.4623759,1751.75,422.0,False,13.674020767211914,0.9985421895980835
1744528602.501044,1752.0,422.5,False,14.133930206298828,0.9985578060150146
1744528602.539701,1752.5,423.0,False,13.854026794433594,0.998561441898346
1744528602.577399,1752.5,423.5,False,13.831138610839844,0.9986130595207214
1744528602.6161401,1752.75,424.0,False,13.924121856689453,0.9986730217933655
1744528602.653887,1752.75,424.5,False,13.791084289550781,0.9987248778343201
1744528602.691929,1753.0,424.75,False,13.817071914672852,0.9987632036209106
1744528602.729971,1753.0,424.75,False,14.000892639160156,0.9988054633140564
1744528602.768066,1753.0,424.75,False,13.871192932128906,0.9988638162612915
1744528602.8061938,1753.25,425.0,False,13.87786865234375,0.9988926649093628
1744528602.843553,1753.75,425.0,False,13.716936111450195,0.998925507068634
1744528602.881283,1753.75,425.0,False,13.897895812988281,0.9989496469497681
1744528602.921303,1753.75,425.0,False,14.06407356262207,0.998981773853302
1744528602.959486,1753.75,425.0,False,13.82303237915039,0.9989988803863525
1744528602.9972281,1754.25,425.0,False,13.837099075317383,0.9990121722221375
1744528603.035734,1754.25,425.0,False,14.070987701416016,0.9989849925041199
1744528603.073741,1754.25,425.0,False,14.002084732055664,0.9989569783210754
1744528603.111349,1754.75,425.0,False,13.823986053466797,0.9989309310913086
1744528603.149044,1754.75,425.0,False,13.821840286254883,0.9988994598388672
1744528603.186442,1754.75,425.0,False,13.797998428344727,0.9988836050033569
1744528603.224205,1754.75,425.0,False,13.725757598876953,0.9987852573394775
1744528603.261483,1754.75,425.5,False,13.803958892822266,0.9987341165542603
1744528603.2994418,1754.75,425.5,False,14.260053634643555,0.9987073540687561
1744528603.337142,1754.5,425.5,False,13.868093490600586,0.9987020492553711
1744528603.376978,1754.5,425.5,False,13.749837875366211,0.9986618757247925
1744528603.415361,1754.0,425.25,False,13.855934143066406,0.9986185431480408
1744528603.453634,1753.25,424.0,False,13.917922973632812,0.9986130595207214
1744528603.4920661,1751.25,422.5,False,13.941049575805664,0.9986212849617004
1744528603.5303428,1748.75,422.25,False,13.99993896484375,0.9987074732780457
1744528603.5689468,1743.75,420.25,False,13.81993293762207,0.998794436454773
1744528603.6072152,1737.75,417.75,False,13.74197006225586,0.9988723993301392
1744528603.645416,1731.0,415.25,False,13.927221298217773,0.9989446997642517
1744528603.683838,1722.5,413.0,False,14.063119888305664,0.999018669128418
1744528603.722944,1714.25,408.0,False,14.019250869750977,0.9990825057029724
1744528603.761364,1703.0,404.75,True,13.718843460083008,0.9991546869277954
1744528603.800257,1693.5,401.5,True,13.999700546264648,0.9992157220840454
1744528603.840003,1680.75,397.25,True,13.705253601074219,0.9992749691009521
1744528603.878268,1663.5,392.0,True,13.82303237915039,0.9993289709091187
1744528603.916963,1647.75,389.75,True,13.838052749633789,0.9993875026702881
1744528603.95512,1627.5,384.0,True,13.781070709228516,0.9994383454322815
1744528603.993505,1606.75,380.0,False,13.66281509399414,0.9994886517524719
1744528604.032589,1587.0,377.0,False,13.716936111450195,0.9995307922363281
1744528604.071415,1572.5,375.0,False,13.681888580322266,0.9995687007904053
1744528604.1097841,1553.0,374.0,False,13.829708099365234,0.9996024966239929
1744528604.147897,1536.75,371.25,False,13.715028762817383,0.9996247291564941
1744528604.1857212,1521.75,370.25,False,13.611793518066406,0.9996406435966492
1744528604.223733,1508.0,368.0,False,13.965129852294922,0.9996260404586792
1744528604.261201,1496.25,363.25,False,13.882875442504883,0.9995935559272766
1744528604.300571,1485.75,362.0,False,13.751983642578125,0.9995415210723877
1744528604.338378,1473.75,361.5,False,13.749122619628906,0.9995231032371521
1744528604.37668,1463.25,361.25,False,13.920068740844727,0.9993952512741089
1744528604.4149098,1450.0,360.75,False,13.888120651245117,0.9991934895515442
1744528604.45346,1436.75,360.75,False,13.73600959777832,0.9991328716278076
1744528604.491748,1425.5,361.0,False,13.617992401123047,0.9991934299468994
1744528604.5293498,1411.75,361.75,False,13.556957244873047,0.9992669224739075
1744528604.567782,1401.75,362.0,False,13.80610466003418,0.9993234276771545
1744528604.605539,1381.5,362.75,False,13.714075088500977,0.9993838667869568
1744528604.6438808,1369.0,364.5,False,13.592004776000977,0.999440610408783
1744528604.682762,1358.5,365.0,False,14.050960540771484,0.9994909763336182
1744528604.72075,1348.0,366.5,False,13.676643371582031,0.9995337128639221
1744528604.760675,1336.0,367.0,False,13.88692855834961,0.9995645880699158
1744528604.799027,1324.75,367.5,False,13.761043548583984,0.9995940327644348
1744528604.837692,1307.75,367.5,False,13.885021209716797,0.9995838403701782
1744528604.875821,1296.75,367.0,False,13.585090637207031,0.9995408058166504
1744528604.913257,1286.5,366.75,False,13.71312141418457,0.9994408488273621
1744528604.9518552,1276.5,366.25,False,13.796806335449219,0.9994663000106812
1744528604.989738,1266.25,366.25,False,13.63515853881836,0.999492883682251
1744528605.027516,1256.0,367.25,False,13.67497444152832,0.9994783997535706
1744528605.065696,1245.75,368.0,False,13.715982437133789,0.9993460178375244
1744528605.1037061,1237.25,370.25,False,13.684988021850586,0.9991989135742188
1744528605.141925,1225.25,373.25,False,13.897895812988281,0.9990352988243103
1744528605.179531,1214.75,374.25,False,13.677120208740234,0.9989966154098511
1744528605.21908,1205.5,374.75,False,13.602018356323242,0.9989271759986877
1744528605.25717,1185.25,374.75,False,13.582229614257812,0.9988635778427124
1744528605.29519,1172.0,374.75,False,13.720035552978516,0.9988444447517395
1744528605.334222,1164.75,374.25,False,13.94200325012207,0.9989022016525269
1744528605.3723352,1155.75,374.0,False,13.644933700561523,0.9989804029464722
1744528605.409914,1146.25,374.0,False,13.689994812011719,0.999056875705719
1744528605.44742,1139.5,373.75,False,13.665914535522461,0.9990848302841187
1744528605.485782,1133.75,372.75,False,13.628959655761719,0.9991459250450134
1744528605.523763,1126.5,372.5,False,13.914823532104492,0.9992018342018127
1744528605.5612748,1120.75,370.5,False,13.628959655761719,0.9992225170135498
1744528605.599373,1115.0,370.0,False,13.780832290649414,0.9992111325263977
1744528605.637024,1106.0,370.0,False,13.620138168334961,0.9991109371185303
1744528605.676917,1100.0,370.0,False,13.659954071044922,0.9987886548042297
1744528605.714936,1093.25,369.5,False,13.923883438110352,0.998532235622406
1744528605.7527502,1089.0,370.0,False,13.605117797851562,0.9984714388847351
1744528605.790517,1084.0,371.25,False,13.714790344238281,0.9983934164047241
1744528605.8278122,1078.5,373.75,False,13.696908950805664,0.9981482625007629
1744528605.866078,1074.0,375.5,False,13.95106315612793,0.9977977275848389
1744528605.903527,1068.75,376.25,False,13.71002197265625,0.9979261159896851
1744528605.941028,1064.5,376.75,False,13.591766357421875,0.9980396032333374
1744528605.978718,1058.75,376.25,False,13.988733291625977,0.9981756806373596
1744528606.016326,1052.0,376.25,False,14.099836349487305,0.99831223487854
1744528606.053845,1047.5,376.25,False,13.740062713623047,0.9983195066452026
1744528606.091671,1044.75,376.0,False,13.610124588012695,0.9982439279556274
1744528606.130722,1041.75,375.25,False,13.708114624023438,0.9983015656471252
1744528606.168986,1038.25,374.5,False,13.787269592285156,0.9982443451881409
1744528606.2070231,1035.0,374.5,False,13.777971267700195,0.9982197284698486
1744528606.244849,1031.75,374.5,False,13.727903366088867,0.9982509613037109
1744528606.284558,1030.75,373.5,False,13.76199722290039,0.9981085658073425
1744528606.32229,1031.25,372.5,False,13.700008392333984,0.9961915612220764
1744528606.360616,1030.25,370.75,False,13.762950897216797,0.9960710406303406
1744528606.3986611,1026.25,370.25,False,13.620138168334961,0.9963961839675903
1744528606.435447,1020.5,370.0,False,13.462066650390625,0.9967065453529358
1744528606.4735858,1020.0,370.0,False,13.692140579223633,0.9967896342277527
1744528606.5108,1015.0,370.0,False,13.54217529296875,0.9970055222511292
1744528606.548887,1013.0,370.25,False,13.784170150756836,0.9972248077392578
1744528606.588267,1011.5,370.25,False,13.664960861206055,0.9973611235618591
1744528606.6259332,1010.5,369.0,False,13.766765594482422,0.9975500106811523
1744528606.66329,1009.25,368.75,False,13.566017150878906,0.997780442237854
1744528606.70135,1009.0,367.75,False,13.97705078125,0.9976855516433716
1744528606.7388349,1008.5,366.75,False,13.515949249267578,0.9972983598709106
1744528606.776164,1005.0,366.75,False,13.596773147583008,0.9971747398376465
1744528606.8131,1005.25,366.75,False,13.600826263427734,0.9967425465583801
1744528606.8510458,1004.5,367.75,False,13.70096206665039,0.996687650680542
1744528606.8885188,1004.0,367.75,False,13.632059097290039,0.9963583946228027
1744528606.925925,1004.0,368.0,False,13.577938079833984,0.996040940284729
1744528606.9630132,1000.75,369.25,False,13.625144958496094,0.9951775074005127
1744528606.9999611,999.75,369.25,False,13.580083847045898,0.9950392246246338
1744528607.038236,999.25,369.25,False,13.592004776000977,0.9947934746742249
1744528607.076767,998.25,369.25,False,13.824939727783203,0.9947385787963867
1744528607.115403,998.0,369.25,False,13.638019561767578,0.9949416518211365
1744528607.153284,996.0,367.0,False,13.530254364013672,0.9941751956939697
1744528607.1911669,993.75,367.0,False,13.626813888549805,0.9942504167556763
1744528607.228432,993.5,367.0,False,13.462066650390625,0.99275803565979
1744528607.266847,988.25,366.25,False,14.033079147338867,0.9929686784744263
1744528607.3041751,981.5,364.5,False,13.531923294067383,0.9932194948196411
1744528607.676642,907.5,359.25,False,21.331071853637695,0.9938515424728394
1744528607.71419,899.75,355.75,False,13.594865798950195,0.9944438934326172
1744528607.752003,892.5,353.25,True,13.980388641357422,0.9949652552604675
1744528607.79099,885.75,353.0,True,13.713836669921875,0.9954378604888916
1744528607.828884,879.75,351.5,True,13.778924942016602,0.995876669883728
1744528607.867071,872.5,350.5,True,13.717889785766602,0.9962795376777649
1744528607.906698,864.75,348.5,True,13.63992691040039,0.9966316819190979
1744528607.9445639,857.25,348.0,True,13.580083847045898,0.9969578385353088
1744528607.9825568,850.0,347.25,False,13.729095458984375,0.9972473978996277
1744528608.0203001,841.75,348.0,False,13.689994812011719,0.9975150227546692
1744528608.058487,832.5,348.25,False,13.969182968139648,0.9977506399154663
1744528608.096191,821.25,348.0,False,13.564825057983398,0.997973620891571
1744528608.134184,810.75,346.75,False,13.737916946411133,0.9981738328933716
1744528608.171892,800.25,344.75,False,13.667821884155273,0.9983541369438171
1744528608.209599,789.75,343.25,False,13.48876953125,0.998517632484436
1744528608.247465,780.25,340.75,False,13.612031936645508,0.9986640810966492
1744528608.2861388,770.5,337.75,False,13.707160949707031,0.9987965822219849
1744528608.324734,760.5,335.0,False,13.709068298339844,0.998916506767273
1744528608.364745,751.25,332.0,False,13.915061950683594,0.999022901058197
1744528608.4022882,742.25,330.75,False,13.539791107177734,0.9991177916526794
1744528608.44097,734.75,328.25,False,13.933181762695312,0.9992028474807739
1744528608.4788868,726.25,325.25,False,13.503074645996094,0.9992769956588745
1744528608.5170681,716.5,326.25,False,13.940095901489258,0.9993313550949097
1744528608.555372,706.5,326.25,False,13.561248779296875,0.9993578791618347
1744528608.5935218,695.25,326.25,False,13.643980026245117,0.9994045495986938
1744528608.63144,684.25,326.5,False,13.759851455688477,0.9994564652442932
1744528608.669353,674.5,327.25,False,13.665199279785156,0.999488353729248
1744528608.7515368,656.25,327.25,False,21.17609977722168,0.9992918372154236
1744528608.7881842,651.25,326.5,False,13.558149337768555,0.9989559054374695
1744528608.873225,625.25,319.25,False,21.520137786865234,0.9990032911300659
1744528609.0457861,579.75,304.75,False,21.342039108276367,0.9990948438644409
1744528609.0842528,572.75,306.0,False,13.952970504760742,0.9991177916526794
1744528609.122345,559.0,306.0,False,13.787269592285156,0.9991735219955444
1744528609.16044,544.5,305.25,False,13.790130615234375,0.9992144107818604
1744528609.198414,532.0,305.25,False,13.789176940917969,0.9992519021034241
1744528609.236268,517.25,305.25,False,13.638734817504883,0.9992361068725586
1744528609.27432,504.0,305.5,False,13.700723648071289,0.9992235898971558
1744528609.3136058,489.5,305.5,False,13.785839080810547,0.9991782307624817
1744528609.352017,474.25,305.0,False,13.61703872680664,0.9991475939750671
1744528609.390283,459.0,304.75,False,13.618230819702148,0.9992135167121887
1744528609.428153,443.5,302.75,False,13.666868209838867,0.9992711544036865
1744528609.467018,429.5,298.5,False,14.15395736694336,0.9993272423744202
1744528609.5045261,416.25,293.5,False,13.669013977050781,0.9993642568588257
1744528609.5421782,404.25,288.0,False,13.679265975952148,0.9994168877601624
1744528609.579419,390.25,282.0,False,13.7939453125,0.9993802309036255
1744528609.6172512,379.0,278.5,False,13.987064361572266,0.9990717768669128
1744528609.655099,367.0,275.75,False,13.747215270996094,0.9990643858909607
1744528609.693387,354.0,273.25,False,13.838052749633789,0.9990562200546265
1744528609.730602,340.75,273.25,False,13.808965682983398,0.9990870952606201
1744528609.7709482,327.25,273.5,False,14.245986938476562,0.9990023374557495
1744528609.80941,313.75,274.25,True,13.850927352905273,0.9986929893493652
1744528609.848298,301.75,273.25,True,14.099836349487305,0.9986796379089355
1744528609.88649,290.25,272.5,True,13.736248016357422,0.9987382292747498
1744528609.924698,278.5,272.25,True,13.798952102661133,0.9986166954040527
1744528610.008319,248.5,266.5,True,21.855831146240234,0.9983993768692017
1744528610.1366909,211.25,252.0,False,21.31795883178711,0.9983319044113159
1744528610.17503,188.5,251.0,False,13.81993293762207,0.9984744191169739
1744528610.213461,142.25,247.75,False,13.747930526733398,0.998619019985199
1744528610.253073,125.0,247.25,False,13.67497444152832,0.9987202882766724
1744528610.292133,110.25,247.25,False,13.920783996582031,0.9987382292747498
1744528610.330637,93.5,247.0,False,13.8092041015625,0.9961380958557129
1744528610.368809,63.25,245.0,False,13.916015625,0.9922177791595459
1744528610.406968,49.5,243.5,False,13.782978057861328,0.988293468952179
1744528610.4447439,37.25,242.0,False,13.792991638183594,0.9835453629493713
1744528610.4830139,22.0,242.5,False,14.272928237915039,0.9787244200706482
1744528610.520841,8.75,241.25,False,14.080047607421875,0.9776957631111145
1744528610.558811,-0.75,240.25,False,13.715982437133789,0.9763871431350708
1744528610.596,-7.0,239.5,False,13.824939727783203,0.9630164504051208
1744528613.341103,41.75,417.75,False,21.983861923217773,0.963153064250946
1744528613.603822,203.0,787.0,True,21.548986434936523,0.9660529494285583
1744528613.6428611,227.75,787.0,True,13.930797576904297,0.9686935544013977
1744528613.758952,381.0,783.75,True,21.770954132080078,0.9715280532836914
1744528613.797722,413.75,809.0,True,13.798236846923828,0.974259614944458
1744528613.92678,18.25,89.0,False,21.513938903808594,0.9750829339027405
1744528613.965684,112.0,24.5,False,13.95106315612793,0.9772375226020813
1744528614.006355,229.5,67.75,False,13.811826705932617,0.9790288209915161
1744528614.0457659,270.75,187.75,False,13.78488540649414,0.9804114699363708
1744528614.875652,78.75,418.5,False,22.033214569091797,0.9784411787986755
1744528614.914297,70.25,410.0,False,13.868093490600586,0.9780750870704651
1744528614.954805,66.0,404.5,False,13.831853866577148,0.9788141250610352
1744528614.992969,55.25,403.25,False,14.129877090454102,0.9791255593299866
1744528615.030678,52.75,406.25,False,13.803958892822266,0.9802060723304749
